timestamp,symbol,open,high,low,close,adjusted_close,volume
2019-01-01,GLD,99.43499018110464,99.93216513201016,98.93781523019912,99.43499018110464,99.43499018110464,1000000.0
2019-01-02,GLD,99.43499018110464,99.93216513201016,98.80212060729887,99.29861367567726,99.29861367567726,1000000.0
2019-01-03,GLD,99.29861367567726,101.32089590414938,98.80212060729887,100.81681184492477,100.81681184492477,1000000.0
2019-01-04,GLD,100.81681184492477,101.94413805833923,100.31272778570015,101.43695329187985,101.43695329187985,1000000.0
2019-01-07,GLD,101.43695329187985,101.94413805833923,99.46962669133593,99.96947406164415,99.96947406164415,1000000.0
2019-01-08,GLD,99.96947406164415,100.48471155908108,99.46962669133593,99.9847876209762,99.9847876209762,1000000.0
2019-01-09,GLD,99.9847876209762,100.48471155908108,98.94798768270729,99.44521375146462,99.44521375146462,1000000.0
2019-01-10,GLD,99.44521375146462,100.09623789789302,98.94798768270729,99.59824666457018,99.59824666457018,1000000.0
2019-01-11,GLD,99.59824666457018,100.09623789789302,97.69577649452586,98.1867100447496,98.1867100447496,1000000.0
2019-01-14,GLD,98.1867100447496,98.91237518003794,97.69577649452586,98.42027381098303,98.42027381098303,1000000.0
2019-01-15,GLD,98.42027381098303,99.14196246476082,97.92817244192811,98.64871887040879,98.64871887040879,1000000.0
2019-01-16,GLD,98.64871887040879,100.5779874967278,98.15547527605675,100.07759949923165,100.07759949923165,1000000.0
2019-01-17,GLD,100.07759949923165,100.88519899027051,99.57721150173549,100.3832825773836,100.3832825773836,1000000.0
2019-01-18,GLD,100.3832825773836,101.37009703873137,99.88136616449668,100.86576819774267,100.86576819774267,1000000.0
2019-01-21,GLD,100.86576819774267,101.37009703873137,99.04160488003922,99.53930138697409,99.53930138697409,1000000.0
2019-01-22,GLD,99.53930138697409,102.10632360144672,99.04160488003922,101.59833194173804,101.59833194173804,1000000.0
2019-01-23,GLD,101.59833194173804,102.10632360144672,99.38227375037067,99.88168216117656,99.88168216117656,1000000.0
2019-01-24,GLD,99.88168216117656,101.40172119322123,99.38227375037067,100.89723501813059,100.89723501813059,1000000.0
2019-01-25,GLD,100.89723501813059,101.40172119322123,100.11513215800257,100.61822327437444,100.61822327437444,1000000.0
2019-01-28,GLD,100.61822327437444,101.1213143907463,99.34464097172236,99.8438602730878,99.8438602730878,1000000.0
2019-01-29,GLD,99.8438602730878,100.34307957445323,98.77933881171454,99.27571739870808,99.27571739870808,1000000.0
2019-01-30,GLD,99.27571739870808,99.77209598570161,98.20335005779799,98.6968342289427,98.6968342289427,1000000.0
2019-01-31,GLD,98.6968342289427,99.55020746985014,98.20335005779799,99.05493280582104,99.05493280582104,1000000.0
2019-02-01,GLD,99.05493280582104,99.55020746985014,98.48177473555377,98.97665802568218,98.97665802568218,1000000.0
2019-02-04,GLD,98.97665802568218,100.82786206262531,98.48177473555377,100.3262309080849,100.3262309080849,1000000.0
2019-02-05,GLD,100.3262309080849,100.82786206262531,98.21394459345369,98.70748200347104,98.70748200347104,1000000.0
2019-02-06,GLD,98.70748200347104,99.21811037594946,98.21394459345369,98.72448793626813,98.72448793626813,1000000.0
2019-02-07,GLD,98.72448793626813,99.21811037594946,97.4648671820103,97.95464038392994,97.95464038392994,1000000.0
2019-02-08,GLD,97.95464038392994,99.15407033660871,97.4648671820103,98.66076650408829,98.66076650408829,1000000.0
2019-02-11,GLD,98.66076650408829,99.15407033660871,96.33312942240681,96.81721549990634,96.81721549990634,1000000.0
2019-02-12,GLD,96.81721549990634,97.30130157740587,96.05481648597973,96.53750400600978,96.53750400600978,1000000.0
2019-02-13,GLD,96.53750400600978,97.22332708399816,96.05481648597973,96.73962893930165,96.73962893930165,1000000.0
2019-02-14,GLD,96.73962893930165,97.22332708399816,94.99765172956039,95.47502686387979,95.47502686387979,1000000.0
2019-02-15,GLD,95.47502686387979,96.82635273586925,94.99765172956039,96.34462958792962,96.34462958792962,1000000.0
2019-02-18,GLD,96.34462958792962,97.00161395741488,95.86290643998997,96.51901886309939,96.51901886309939,1000000.0
2019-02-19,GLD,96.51901886309939,97.90418810483705,96.03642376878389,97.41710259187766,97.41710259187766,1000000.0
2019-02-20,GLD,97.41710259187766,98.77277318897042,96.93001707891828,98.28136635718451,98.28136635718451,1000000.0
2019-02-21,GLD,98.28136635718451,98.77277318897042,96.95075966876041,97.43794941583961,97.43794941583961,1000000.0
2019-02-22,GLD,97.43794941583961,97.9251391629188,96.27638404121946,96.7601849660497,96.7601849660497,1000000.0
2019-02-25,GLD,96.7601849660497,97.24398589087994,96.11958209733677,96.60259507270028,96.60259507270028,1000000.0
2019-02-26,GLD,96.60259507270028,97.76090805635421,96.11958209733677,97.27453537945694,97.27453537945694,1000000.0
2019-02-27,GLD,97.27453537945694,98.53220899773781,96.78816270255965,98.0419990027242,98.0419990027242,1000000.0
2019-02-28,GLD,98.0419990027242,98.53220899773781,96.95008345150627,97.43726980050882,97.43726980050882,1000000.0
2019-03-01,GLD,97.43726980050882,97.92445614951134,96.44100437734602,96.92563254004625,96.92563254004625,1000000.0
2019-03-04,GLD,96.92563254004625,97.41026070274647,95.77015112704368,96.25140816788308,96.25140816788308,1000000.0
2019-03-05,GLD,96.25140816788308,96.7326652087225,95.2869549738472,95.76578389331377,95.76578389331377,1000000.0
2019-03-06,GLD,95.76578389331377,96.24461281278033,95.10215285453117,95.58005312013182,95.58005312013182,1000000.0
2019-03-07,GLD,95.58005312013182,96.05795338573247,95.00839647699577,95.48582560502088,95.48582560502088,1000000.0
2019-03-08,GLD,95.48582560502088,97.77690316712463,95.00839647699577,97.29045091256184,97.29045091256184,1000000.0
2019-03-11,GLD,97.29045091256184,97.77690316712463,96.38308013518596,96.86741722129243,96.86741722129243,1000000.0
2019-03-12,GLD,96.86741722129243,97.35175430739888,96.15218047631333,96.63535726262647,96.63535726262647,1000000.0
2019-03-13,GLD,96.63535726262647,97.53969589542642,96.15218047631333,97.05442377654371,97.05442377654371,1000000.0
2019-03-14,GLD,97.05442377654371,97.53969589542642,95.76350692568785,96.24473057858076,96.24473057858076,1000000.0
2019-03-15,GLD,96.24473057858076,96.72595423147365,95.46541528344899,95.94514098839095,95.94514098839095,1000000.0
2019-03-18,GLD,95.94514098839095,96.45571469496166,95.46541528344899,95.97583551737479,95.97583551737479,1000000.0
2019-03-19,GLD,95.97583551737479,97.14952645637841,95.49595633978791,96.6661954789835,96.6661954789835,1000000.0
2019-03-20,GLD,96.6661954789835,97.14952645637841,95.06939364756359,95.54712929403375,95.54712929403375,1000000.0
2019-03-21,GLD,95.54712929403375,97.23691203677782,95.06939364756359,96.75314630525158,96.75314630525158,1000000.0
2019-03-22,GLD,96.75314630525158,97.23691203677782,95.98368155485812,96.46601161292274,96.46601161292274,1000000.0
2019-03-25,GLD,96.46601161292274,97.11569739073904,95.98368155485812,96.63253471715329,96.63253471715329,1000000.0
2019-03-26,GLD,96.63253471715329,97.8784907510588,96.14937204356752,97.39153308563067,97.39153308563067,1000000.0
2019-03-27,GLD,97.39153308563067,98.48201625039414,96.90457542020252,97.99205597054144,97.99205597054144,1000000.0
2019-03-28,GLD,97.99205597054144,99.44523019865814,97.50209569068873,98.95047780961009,98.95047780961009,1000000.0
2019-03-29,GLD,98.95047780961009,99.62028641281199,98.45572542056205,99.12466309732538,99.12466309732538,1000000.0
2019-04-01,GLD,99.12466309732538,99.62262550662905,98.62903978183876,99.12699055385976,99.12699055385976,1000000.0
2019-04-02,GLD,99.12699055385976,99.9267691648121,98.63135560109046,99.42962105951453,99.42962105951453,1000000.0
2019-04-03,GLD,99.42962105951453,99.9267691648121,98.06946827737383,98.56227967575259,98.56227967575259,1000000.0
2019-04-04,GLD,98.56227967575259,100.16350063563121,98.06946827737383,99.66517476182212,99.66517476182212,1000000.0
2019-04-05,GLD,99.66517476182212,100.16350063563121,98.49692186658315,98.9918812729479,98.9918812729479,1000000.0
2019-04-08,GLD,98.9918812729479,99.48684067931262,97.40554144202122,97.89501652464445,97.89501652464445,1000000.0
2019-04-09,GLD,97.89501652464445,100.24236112693524,97.40554144202122,99.74364291237337,99.74364291237337,1000000.0
2019-04-10,GLD,99.74364291237337,100.24236112693524,99.14295289573862,99.64115868918454,99.64115868918454,1000000.0
2019-04-11,GLD,99.64115868918454,100.13936448263044,98.11601974647301,98.60906507183218,98.60906507183218,1000000.0
2019-04-12,GLD,98.60906507183218,100.78818779758117,98.11601974647301,100.28675402744396,100.28675402744396,1000000.0
2019-04-15,GLD,100.28675402744396,100.78818779758117,99.50955475756552,100.00960277142264,100.00960277142264,1000000.0
2019-04-16,GLD,100.00960277142264,101.49529398153868,99.50955475756552,100.99034227018775,100.99034227018775,1000000.0
2019-04-17,GLD,100.99034227018775,101.49529398153868,99.75796985243991,100.2592661833567,100.2592661833567,1000000.0
2019-04-18,GLD,100.2592661833567,100.76056251427347,99.55476857382602,100.05504379278997,100.05504379278997,1000000.0
2019-04-19,GLD,100.05504379278997,100.55531901175391,98.07290851213493,98.56573719812556,98.56573719812556,1000000.0
2019-04-22,GLD,98.56573719812556,99.05856588411618,96.42164525441223,96.90617613508766,96.90617613508766,1000000.0
2019-04-23,GLD,96.90617613508766,97.39070701576308,95.59713021676389,96.07751780579285,96.07751780579285,1000000.0
2019-04-24,GLD,96.07751780579285,96.5579053948218,95.549118947127,96.02926527349447,96.02926527349447,1000000.0
2019-04-25,GLD,96.02926527349447,97.22446764318506,95.549118947127,96.74076382406476,96.74076382406476,1000000.0
2019-04-26,GLD,96.74076382406476,99.39068420751211,96.25706000494444,98.89620319155435,98.89620319155435,1000000.0
2019-04-29,GLD,98.89620319155435,99.39068420751211,97.51161886340941,98.00162699840142,98.00162699840142,1000000.0
2019-04-30,GLD,98.00162699840142,99.41002709342068,97.51161886340941,98.9154498441997,98.9154498441997,1000000.0
2019-05-01,GLD,98.9154498441997,99.41002709342068,97.90658725361915,98.39858015439111,98.39858015439111,1000000.0
2019-05-02,GLD,98.39858015439111,98.89057305516306,97.79183325953461,98.28324950706997,98.28324950706997,1000000.0
2019-05-03,GLD,98.28324950706997,98.77466575460531,96.51614928872212,97.00115506404234,97.00115506404234,1000000.0
2019-05-06,GLD,97.00115506404234,97.48616083936254,95.25899763012495,95.7376860604271,95.7376860604271,1000000.0
2019-05-07,GLD,95.7376860604271,96.21637449072922,94.61285241266631,95.0882938820767,95.0882938820767,1000000.0
2019-05-08,GLD,95.0882938820767,95.56373535148707,93.62105753337335,94.09151510891793,94.09151510891793,1000000.0
2019-05-09,GLD,94.09151510891793,94.57786142195272,93.62105753337335,94.10732479796292,94.10732479796292,1000000.0
2019-05-10,GLD,94.10732479796292,94.57786142195272,93.06523623531855,93.53290073901361,93.53290073901361,1000000.0
2019-05-13,GLD,93.53290073901361,95.08365367550721,93.06523623531855,94.61060067214649,94.61060067214649,1000000.0
2019-05-14,GLD,94.61060067214649,95.23373578728638,94.13754766878576,94.75993610675262,94.75993610675262,1000000.0
2019-05-15,GLD,94.75993610675262,95.39454440043808,94.28613642621886,94.91994467705283,94.91994467705283,1000000.0
2019-05-16,GLD,94.91994467705283,96.3953830723331,94.44534495366756,95.91580405207274,95.91580405207274,1000000.0
2019-05-17,GLD,95.91580405207274,96.86529649564288,95.43622503181238,96.38337959765462,96.38337959765462,1000000.0
2019-05-20,GLD,96.38337959765462,96.86529649564288,95.88842129072061,96.37027265399057,96.37027265399057,1000000.0
2019-05-21,GLD,96.37027265399057,96.85212401726051,95.82932331478446,96.31087770330096,96.31087770330096,1000000.0
2019-05-22,GLD,96.31087770330096,96.79243209181746,95.74421316230807,96.22533986161615,96.22533986161615,1000000.0
2019-05-23,GLD,96.22533986161615,97.667687276684,95.74421316230807,97.18177838476022,97.18177838476022,1000000.0
2019-05-24,GLD,97.18177838476022,98.37813172342312,96.69586949283642,97.88868828201306,97.88868828201306,1000000.0
2019-05-27,GLD,97.88868828201306,98.72239322299393,97.399244840603,98.23123703780492,98.23123703780492,1000000.0
2019-05-28,GLD,98.23123703780492,99.45460076698166,97.74008085261589,98.95980175819071,98.95980175819071,1000000.0
2019-05-29,GLD,98.95980175819071,99.45460076698166,98.00322470841053,98.49570322453319,98.49570322453319,1000000.0
2019-05-30,GLD,98.49570322453319,99.46438813345767,98.00322470841053,98.96954043130118,98.96954043130118,1000000.0
2019-05-31,GLD,98.96954043130118,99.46438813345767,97.25035040150242,97.73904562965068,97.73904562965068,1000000.0
2019-06-03,GLD,97.73904562965068,99.44593243868174,97.25035040150242,98.95117655590224,98.95117655590224,1000000.0
2019-06-04,GLD,98.95117655590224,99.54646680590953,98.45642067312272,99.0512107521488,99.0512107521488,1000000.0
2019-06-05,GLD,99.0512107521488,99.73085177963434,98.55595469838806,99.23467838769587,99.23467838769587,1000000.0
2019-06-06,GLD,99.23467838769587,100.29035510204523,98.73850499575738,99.7913981114878,99.7913981114878,1000000.0
2019-06-07,GLD,99.7913981114878,100.30164981907937,99.29244112093035,99.80263663589989,99.80263663589989,1000000.0
2019-06-10,GLD,99.80263663589989,100.30164981907937,99.09659577944336,99.59456862255614,99.59456862255614,1000000.0
2019-06-11,GLD,99.59456862255614,101.19033358043681,99.09659577944336,100.68689908501176,100.68689908501176,1000000.0
2019-06-12,GLD,100.68689908501176,101.31606533591162,100.1834645895867,100.8120053093648,100.8120053093648,1000000.0
2019-06-13,GLD,100.8120053093648,101.31606533591162,99.5044196684564,100.00444187784564,100.00444187784564,1000000.0
2019-06-14,GLD,100.00444187784564,100.9230328692165,99.5044196684564,100.42092822807614,100.42092822807614,1000000.0
2019-06-17,GLD,100.42092822807614,100.9230328692165,98.41684793158345,98.91140495636527,98.91140495636527,1000000.0
2019-06-18,GLD,98.91140495636527,100.91837012646906,98.41684793158345,100.41628868305379,100.41628868305379,1000000.0
2019-06-19,GLD,100.41628868305379,100.91837012646906,99.78039390340795,100.28180291799795,100.28180291799795,1000000.0
2019-06-20,GLD,100.28180291799795,100.84500641078266,99.78039390340795,100.34328996097778,100.34328996097778,1000000.0
2019-06-21,GLD,100.34328996097778,102.93571655624113,99.8415735111729,102.42359856342402,102.42359856342402,1000000.0
2019-06-24,GLD,102.42359856342402,104.96955460810275,101.9114805706069,104.44731801801271,104.44731801801271,1000000.0
2019-06-25,GLD,104.44731801801271,105.10003512816904,103.92508142792265,104.57714938126274,104.57714938126274,1000000.0
2019-06-26,GLD,104.57714938126274,105.71390219738329,104.05426363435643,105.18796238545602,105.18796238545602,1000000.0
2019-06-27,GLD,105.18796238545602,106.77758519647783,104.66202257352873,106.24635342933118,106.24635342933118,1000000.0
2019-06-28,GLD,106.24635342933118,108.42798469924024,105.71512166218453,107.88854198929378,107.88854198929378,1000000.0
2019-07-01,GLD,107.88854198929378,108.42798469924024,107.24396627209093,107.78288067546828,107.78288067546828,1000000.0
2019-07-02,GLD,107.78288067546828,108.47543295341866,107.24396627209093,107.93575418250614,107.93575418250614,1000000.0
2019-07-03,GLD,107.93575418250614,109.69956818539802,107.39607541159361,109.15379918945078,109.15379918945078,1000000.0
2019-07-04,GLD,109.15379918945078,109.98801262018165,108.60803019350352,109.44080857729519,109.44080857729519,1000000.0
2019-07-05,GLD,109.44080857729519,110.7595773502545,108.89360453440871,110.20853467687016,110.20853467687016,1000000.0
2019-07-08,GLD,110.20853467687016,111.39145490391881,109.65749200348581,110.83726856111326,110.83726856111326,1000000.0
2019-07-09,GLD,110.83726856111326,111.39145490391881,109.18419596631715,109.73286026765543,109.73286026765543,1000000.0
2019-07-10,GLD,109.73286026765543,110.28152456899369,108.36507580211706,108.9096239217257,108.9096239217257,1000000.0
2019-07-11,GLD,108.9096239217257,109.45417204133432,105.84055976207445,106.37242187143161,106.37242187143161,1000000.0
2019-07-12,GLD,106.37242187143161,106.90428398078876,105.61418841234747,106.14491297723364,106.14491297723364,1000000.0
2019-07-15,GLD,106.14491297723364,107.99040087657556,105.61418841234747,107.45313520057272,107.45313520057272,1000000.0
2019-07-16,GLD,107.45313520057272,107.99040087657556,105.87502598191112,106.40706128835289,106.40706128835289,1000000.0
2019-07-17,GLD,106.40706128835289,108.15481943038486,105.87502598191112,107.61673575162673,107.61673575162673,1000000.0
2019-07-18,GLD,107.61673575162673,109.15398911573963,107.0786520728686,108.61093444352204,108.61093444352204,1000000.0
2019-07-19,GLD,108.61093444352204,109.15398911573963,108.03615789444615,108.57905316024738,108.57905316024738,1000000.0
2019-07-22,GLD,108.57905316024738,109.13629838260358,108.03615789444615,108.59333172398368,108.59333172398368,1000000.0
2019-07-23,GLD,108.59333172398368,109.23953536117276,108.05036506536376,108.69605508574405,108.69605508574405,1000000.0
2019-07-24,GLD,108.69605508574405,109.23953536117276,107.33912098698761,107.87851355476141,107.87851355476141,1000000.0
2019-07-25,GLD,107.87851355476141,108.41790612253521,107.088136822312,107.62626816312763,107.62626816312763,1000000.0
2019-07-26,GLD,107.62626816312763,108.16439950394326,107.06467865585736,107.60269211643956,107.60269211643956,1000000.0
2019-07-29,GLD,107.60269211643956,108.75967702044659,107.06467865585736,108.21858409994687,108.21858409994687,1000000.0
2019-07-30,GLD,108.21858409994687,109.55941071358873,107.67749117944713,109.01433901849626,109.01433901849626,1000000.0
2019-07-31,GLD,109.01433901849626,109.55941071358873,107.768158583135,108.30970711872865,108.30970711872865,1000000.0
2019-08-01,GLD,108.30970711872865,109.68512286320374,107.768158583135,109.1394257345311,109.1394257345311,1000000.0
2019-08-02,GLD,109.1394257345311,109.68512286320374,107.85770621050834,108.39970473417924,108.39970473417924,1000000.0
2019-08-05,GLD,108.39970473417924,108.94170325785012,107.71540116336273,108.2566845862942,108.2566845862942,1000000.0
2019-08-06,GLD,108.2566845862942,109.18221743655357,107.71540116336273,108.63902232492894,108.63902232492894,1000000.0
2019-08-07,GLD,108.63902232492894,109.18221743655357,108.0954077403307,108.63860074405096,108.63860074405096,1000000.0
2019-08-08,GLD,108.63860074405096,109.18179374777121,107.9935598881279,108.53624109359589,108.53624109359589,1000000.0
2019-08-09,GLD,108.53624109359589,109.36562747362204,107.9935598881279,108.8215198742508,108.8215198742508,1000000.0
2019-08-12,GLD,108.8215198742508,109.36562747362204,107.76159943573785,108.30311501079181,108.30311501079181,1000000.0
2019-08-13,GLD,108.30311501079181,108.84463058584576,107.15189200160971,107.69034372021076,107.69034372021076,1000000.0
2019-08-14,GLD,107.69034372021076,108.2287954388118,106.97662496207974,107.51419594178869,107.51419594178869,1000000.0
2019-08-15,GLD,107.51419594178869,109.01242608858419,106.97662496207974,108.47007571003404,108.47007571003404,1000000.0
2019-08-16,GLD,108.47007571003404,109.01242608858419,107.8505832167653,108.39254594649779,108.39254594649779,1000000.0
2019-08-19,GLD,108.39254594649779,110.83998180252992,107.8505832167653,110.28853910699496,110.28853910699496,1000000.0
2019-08-20,GLD,110.28853910699496,111.07613146466612,109.73709641145999,110.52351389519018,110.52351389519018,1000000.0
2019-08-21,GLD,110.52351389519018,111.07613146466612,107.08749004886079,107.62561813955858,107.62561813955858,1000000.0
2019-08-22,GLD,107.62561813955858,108.16374623025636,106.68602564648147,107.22213632812208,107.22213632812208,1000000.0
2019-08-23,GLD,107.22213632812208,109.40707637478943,106.68602564648147,108.86276256197954,108.86276256197954,1000000.0
2019-08-26,GLD,108.86276256197954,109.4352099199279,108.31844874916963,108.89075613923175,108.89075613923175,1000000.0
2019-08-27,GLD,108.89075613923175,109.4352099199279,107.94178969214254,108.48421074587189,108.48421074587189,1000000.0
2019-08-28,GLD,108.48421074587189,109.02663179960123,107.11779961219622,107.6560800122575,107.6560800122575,1000000.0
2019-08-29,GLD,107.6560800122575,109.51301751712977,107.11779961219622,108.96817663395998,108.96817663395998,1000000.0
2019-08-30,GLD,108.96817663395998,110.5279957827327,108.42333575079019,109.97810525645046,109.97810525645046,1000000.0
2019-09-02,GLD,109.97810525645046,111.22077145266739,109.42821473016821,110.6674342812611,110.6674342812611,1000000.0
2019-09-03,GLD,110.6674342812611,111.67245475883931,110.11409710985478,111.11687040680529,111.11687040680529,1000000.0
2019-09-04,GLD,111.11687040680529,113.15269975414648,110.56128605477126,112.58975099915074,112.58975099915074,1000000.0
2019-09-05,GLD,112.58975099915074,114.0148892216518,112.02680224415498,113.44765096681772,113.44765096681772,1000000.0
2019-09-06,GLD,113.44765096681772,114.0148892216518,111.66024791090729,112.22135468432893,112.22135468432893,1000000.0
2019-09-09,GLD,112.22135468432893,113.58788282259196,111.66024791090729,113.02276897770346,113.02276897770346,1000000.0
2019-09-10,GLD,113.02276897770346,113.78417728152071,112.45765513281495,113.2180868472843,113.2180868472843,1000000.0
2019-09-11,GLD,113.2180868472843,113.78417728152071,112.56271250759109,113.12835427898602,113.12835427898602,1000000.0
2019-09-12,GLD,113.12835427898602,114.5007172687769,112.56271250759109,113.931061958982,113.931061958982,1000000.0
2019-09-13,GLD,113.931061958982,114.55288176803755,113.36140664918709,113.9829669333707,113.9829669333707,1000000.0
2019-09-16,GLD,113.9829669333707,114.55288176803755,110.47999776339334,111.0351736315511,111.0351736315511,1000000.0
2019-09-17,GLD,111.0351736315511,113.18810324881247,110.47999776339334,112.62497835702735,112.62497835702735,1000000.0
2019-09-18,GLD,112.62497835702735,114.27302546686543,112.06185346524221,113.70450295210492,113.70450295210492,1000000.0
2019-09-19,GLD,113.70450295210492,114.27302546686543,113.033830511299,113.60183970984825,113.60183970984825,1000000.0
2019-09-20,GLD,113.60183970984825,114.16984890839748,112.67815727923579,113.24437917511135,113.24437917511135,1000000.0
2019-09-23,GLD,113.24437917511135,114.06580383393292,112.67815727923579,113.49831227257008,113.49831227257008,1000000.0
2019-09-24,GLD,113.49831227257008,114.06580383393292,111.65523677746074,112.21631836930727,112.21631836930727,1000000.0
2019-09-25,GLD,112.21631836930727,113.11144990591237,111.65523677746074,112.54870637404217,112.54870637404217,1000000.0
2019-09-26,GLD,112.54870637404217,113.11144990591237,111.7765465303856,112.33823771898051,112.33823771898051,1000000.0
2019-09-27,GLD,112.33823771898051,112.8999289075754,111.44433187670883,112.0043536449335,112.0043536449335,1000000.0
2019-09-30,GLD,112.0043536449335,112.56437541315816,110.54438710329718,111.09988653597706,111.09988653597706,1000000.0
2019-10-01,GLD,111.09988653597706,111.65538596865694,109.89324644893365,110.44547381802377,110.44547381802377,1000000.0
2019-10-02,GLD,110.44547381802377,112.13081255452647,109.89324644893365,111.57294781544924,111.57294781544924,1000000.0
2019-10-03,GLD,111.57294781544924,113.50891138923461,111.015083076372,112.94419043704937,112.94419043704937,1000000.0
2019-10-04,GLD,112.94419043704937,114.04657195824133,112.37946948486413,113.47917607785209,113.47917607785209,1000000.0
2019-10-07,GLD,113.47917607785209,114.04657195824133,112.88809045305624,113.45536728950376,113.45536728950376,1000000.0
2019-10-08,GLD,113.45536728950376,114.02264412595126,112.02206351573831,112.58498845802845,112.58498845802845,1000000.0
2019-10-09,GLD,112.58498845802845,113.90396875107639,112.02206351573831,113.3372823393795,113.3372823393795,1000000.0
2019-10-10,GLD,113.3372823393795,115.59054240298602,112.7705959276826,115.01546507759804,115.01546507759804,1000000.0
2019-10-11,GLD,115.01546507759804,115.59054240298602,112.81209075288058,113.37898568128702,113.37898568128702,1000000.0
2019-10-14,GLD,113.37898568128702,115.17951806725881,112.81209075288058,114.60648563906351,114.60648563906351,1000000.0
2019-10-15,GLD,114.60648563906351,115.17951806725881,111.85471343005467,112.41679741714037,112.41679741714037,1000000.0
2019-10-16,GLD,112.41679741714037,112.97888140422606,111.5352568662522,112.09573554397205,112.09573554397205,1000000.0
2019-10-17,GLD,112.09573554397205,113.06947477897337,111.5352568662522,112.50694007858048,112.50694007858048,1000000.0
2019-10-18,GLD,112.50694007858048,113.06947477897337,110.59971183929927,111.15548928572791,111.15548928572791,1000000.0
2019-10-21,GLD,111.15548928572791,111.71126673215653,109.12178663885148,109.67013732547888,109.67013732547888,1000000.0
2019-10-22,GLD,109.67013732547888,110.42490690016068,109.12178663885148,109.87552925389123,109.87552925389123,1000000.0
2019-10-23,GLD,109.87552925389123,111.32191616746906,109.32615160762177,110.76807578852643,110.76807578852643,1000000.0
2019-10-24,GLD,110.76807578852643,111.32191616746906,109.76557868267415,110.31716450520015,110.31716450520015,1000000.0
2019-10-25,GLD,110.31716450520015,112.24029906742886,109.76557868267415,111.68188961933221,111.68188961933221,1000000.0
2019-10-28,GLD,111.68188961933221,112.24029906742886,110.36827389399696,110.92288833567534,110.92288833567534,1000000.0
2019-10-29,GLD,110.92288833567534,113.27426074873352,110.36827389399696,112.71070721267019,112.71070721267019,1000000.0
2019-10-30,GLD,112.71070721267019,113.41975805962339,112.14715367660683,112.8554806563417,112.8554806563417,1000000.0
2019-10-31,GLD,112.8554806563417,113.68293928103097,112.29120325305999,113.11735251843879,113.11735251843879,1000000.0
2019-11-01,GLD,113.11735251843879,114.33671788147667,112.5517657558466,113.76787848903153,113.76787848903153,1000000.0
2019-11-04,GLD,113.76787848903153,114.69047778294377,113.19903909658638,114.11987839098884,114.11987839098884,1000000.0
2019-11-05,GLD,114.11987839098884,116.63495621246268,113.5492789990339,116.05468279847034,116.05468279847034,1000000.0
2019-11-06,GLD,116.05468279847034,118.99808166833982,115.47440938447798,118.40605141128341,118.40605141128341,1000000.0
2019-11-07,GLD,118.40605141128341,119.60832340020352,117.81402115422699,119.01325711463038,119.01325711463038,1000000.0
2019-11-08,GLD,119.01325711463038,119.60832340020352,118.26537102307705,118.85966936992669,118.85966936992669,1000000.0
2019-11-11,GLD,118.85966936992669,119.45396771677632,117.04355144906977,117.6317099990651,117.6317099990651,1000000.0
2019-11-12,GLD,117.6317099990651,118.21986854906041,116.27484331894082,116.85913901401088,116.85913901401088,1000000.0
2019-11-13,GLD,116.85913901401088,117.47670335894315,116.27484331894082,116.89224214820216,116.89224214820216,1000000.0
2019-11-14,GLD,116.89224214820216,117.47670335894315,116.22499349324187,116.80903868667525,116.80903868667525,1000000.0
2019-11-15,GLD,116.80903868667525,117.39308388010862,116.20255698440026,116.78648943155805,116.78648943155805,1000000.0
2019-11-18,GLD,116.78648943155805,117.3992323479558,116.20255698440026,116.81515656513017,116.81515656513017,1000000.0
2019-11-19,GLD,116.81515656513017,117.9475726427826,116.23108078230452,117.36076879878867,117.36076879878867,1000000.0
2019-11-20,GLD,117.36076879878867,117.9475726427826,115.38610711976195,115.96593680378085,115.96593680378085,1000000.0
2019-11-21,GLD,115.96593680378085,116.54576648779974,114.34894304446128,114.92356084870481,114.92356084870481,1000000.0
2019-11-22,GLD,114.92356084870481,116.69364109001926,114.34894304446128,116.11307571146196,116.11307571146196,1000000.0
2019-11-25,GLD,116.11307571146196,117.60089915204388,115.53251033290465,117.01582005178497,117.01582005178497,1000000.0
2019-11-26,GLD,117.01582005178497,117.60089915204388,115.89383590940444,116.47621699437633,116.47621699437633,1000000.0
2019-11-27,GLD,116.47621699437633,118.45494218365066,115.89383590940444,117.86561411308524,117.86561411308524,1000000.0
2019-11-28,GLD,117.86561411308524,118.45494218365066,116.58784798627954,117.17371656912516,117.17371656912516,1000000.0
2019-11-29,GLD,117.17371656912516,117.75958515197078,116.34721115976332,116.93187051232495,116.93187051232495,1000000.0
2019-12-02,GLD,116.93187051232495,117.51652986488656,114.47422408292285,115.04947144012347,115.04947144012347,1000000.0
2019-12-03,GLD,115.04947144012347,116.53292652777223,114.47422408292285,115.95316072415149,115.95316072415149,1000000.0
2019-12-04,GLD,115.95316072415149,116.54705585708368,115.37339492053073,115.96721975829223,115.96721975829223,1000000.0
2019-12-05,GLD,115.96721975829223,117.69813307676162,115.38738365950077,117.11257022563346,117.11257022563346,1000000.0
2019-12-06,GLD,117.11257022563346,118.47554101765955,116.52700737450529,117.8861104653329,117.8861104653329,1000000.0
2019-12-09,GLD,117.8861104653329,118.60537120872638,117.29667991300624,118.01529473505114,118.01529473505114,1000000.0
2019-12-10,GLD,118.01529473505114,118.80646641576064,117.42521826137589,118.21538946841856,118.21538946841856,1000000.0
2019-12-11,GLD,118.21538946841856,120.12278927679829,117.62431252107648,119.52516345950079,119.52516345950079,1000000.0
2019-12-12,GLD,119.52516345950079,120.12278927679829,118.78570506068611,119.38261815144332,119.38261815144332,1000000.0
2019-12-13,GLD,119.38261815144332,119.97953124220052,118.65742534485578,119.25369381392541,119.25369381392541,1000000.0
2019-12-16,GLD,119.25369381392541,119.96047744355765,118.65742534485578,119.36365914781857,119.36365914781857,1000000.0
2019-12-17,GLD,119.36365914781857,120.87185811979391,118.76684085207947,120.27050559183475,120.27050559183475,1000000.0
2019-12-18,GLD,120.27050559183475,121.92116195384666,119.66915306387557,121.31458900880266,121.31458900880266,1000000.0
2019-12-19,GLD,121.31458900880266,124.08726862618748,120.70801606375865,123.46991903103233,123.46991903103233,1000000.0
2019-12-20,GLD,123.46991903103233,124.08726862618748,122.81197613926615,123.42912174800618,123.42912174800618,1000000.0
2019-12-23,GLD,123.42912174800618,125.5182051222248,122.81197613926615,124.89373644002468,124.89373644002468,1000000.0
2019-12-24,GLD,124.89373644002468,125.5182051222248,123.59600637701786,124.21709183619885,124.21709183619885,1000000.0
2019-12-25,GLD,124.21709183619885,125.57880306389222,123.59600637701786,124.95403289939526,124.95403289939526,1000000.0
2019-12-26,GLD,124.95403289939526,125.78454455105376,124.32926273489828,125.15875079706842,125.15875079706842,1000000.0
2019-12-27,GLD,125.15875079706842,127.83210840574002,124.53295704308307,127.1961277669055,127.1961277669055,1000000.0
2019-12-30,GLD,127.1961277669055,128.60591378311258,126.56014712807098,127.9660833662812,127.9660833662812,1000000.0
2019-12-31,GLD,127.9660833662812,128.60591378311258,126.88557679586384,127.52319275966215,127.52319275966215,1000000.0
2020-01-01,GLD,127.52319275966215,128.9042908478581,126.88557679586384,128.26297596801803,128.26297596801803,1000000.0
2020-01-02,GLD,128.26297596801803,129.3832356386594,127.62166108817793,128.73953794891483,128.73953794891483,1000000.0
2020-01-03,GLD,128.73953794891483,129.3832356386594,127.80791606614565,128.4501669006489,128.4501669006489,1000000.0
2020-01-06,GLD,128.4501669006489,129.09241773515214,127.54726160971093,128.18820262282506,128.18820262282506,1000000.0
2020-01-07,GLD,128.18820262282506,128.82914363593918,126.54623828629875,127.18214903145602,127.18214903145602,1000000.0
2020-01-08,GLD,127.18214903145602,131.1113329661292,126.54623828629875,130.459037777243,130.459037777243,1000000.0
2020-01-09,GLD,130.459037777243,131.35360274109186,129.80674258835677,130.70010222994216,130.70010222994216,1000000.0
2020-01-10,GLD,130.70010222994216,132.59466235813773,130.04660171879246,131.9349874210326,131.9349874210326,1000000.0
2020-01-13,GLD,131.9349874210326,132.59466235813773,129.98821917498535,130.64142630651793,130.64142630651793,1000000.0
2020-01-14,GLD,130.64142630651793,131.2946334380505,128.80659790804577,129.45386724426712,129.45386724426712,1000000.0
2020-01-15,GLD,129.45386724426712,130.10113658048843,128.71197684717035,129.35877070067372,129.35877070067372,1000000.0
2020-01-16,GLD,129.35877070067372,130.00556455417708,128.6227533391593,129.26909883332593,129.26909883332593,1000000.0
2020-01-17,GLD,129.26909883332593,130.94189009838308,128.6227533391593,130.2904379088389,130.2904379088389,1000000.0
2020-01-20,GLD,130.2904379088389,130.94189009838308,128.5566953734904,129.20270891808082,129.20270891808082,1000000.0
2020-01-21,GLD,129.20270891808082,130.5662652271698,128.5566953734904,129.9166818180794,129.9166818180794,1000000.0
2020-01-22,GLD,129.9166818180794,132.44544945902845,129.267098408989,131.78651687465518,131.78651687465518,1000000.0
2020-01-23,GLD,131.78651687465518,132.44544945902845,130.13833007989285,130.79229153758075,130.79229153758075,1000000.0
2020-01-24,GLD,130.79229153758075,132.61394056958738,130.13833007989285,131.9541697209825,131.9541697209825,1000000.0
2020-01-27,GLD,131.9541697209825,132.61394056958738,130.24965130713917,130.90417216797908,130.90417216797908,1000000.0
2020-01-28,GLD,130.90417216797908,132.05595697524723,130.24965130713917,131.39896216442511,131.39896216442511,1000000.0
2020-01-29,GLD,131.39896216442511,132.5756494614272,130.741967353603,131.91606911584796,131.91606911584796,1000000.0
2020-01-30,GLD,131.91606911584796,134.75361179157878,131.25648877026873,134.0831958125162,134.0831958125162,1000000.0
2020-01-31,GLD,134.0831958125162,134.75361179157878,132.6732687356543,133.33996857854703,133.33996857854703,1000000.0
2020-02-03,GLD,133.33996857854703,134.2981867935753,132.6732687356543,133.6300366105227,133.6300366105227,1000000.0
2020-02-04,GLD,133.6300366105227,135.6547758360386,132.9618864274701,134.97987645376975,134.97987645376975,1000000.0
2020-02-05,GLD,134.97987645376975,135.6547758360386,132.98310895985117,133.65136578879515,133.65136578879515,1000000.0
2020-02-06,GLD,133.65136578879515,134.39689490075827,132.98310895985117,133.7282536325953,133.7282536325953,1000000.0
2020-02-07,GLD,133.7282536325953,134.39689490075827,132.10836745943143,132.77222860244365,132.77222860244365,1000000.0
2020-02-10,GLD,132.77222860244365,133.43608974545586,131.36238433139093,132.02249681546826,132.02249681546826,1000000.0
2020-02-11,GLD,132.02249681546826,133.58685077056927,131.36238433139093,132.92223957270576,132.92223957270576,1000000.0
2020-02-12,GLD,132.92223957270576,134.51968922067343,132.25762837484223,133.85043703549596,133.85043703549596,1000000.0
2020-02-13,GLD,133.85043703549596,137.76695581309573,133.1811848503185,137.0815480727321,137.0815480727321,1000000.0
2020-02-14,GLD,137.0815480727321,139.57619187826387,136.39614033236842,138.88178296344665,138.88178296344665,1000000.0
2020-02-17,GLD,138.88178296344665,141.29716013673212,138.1873740486294,140.59418919077825,140.59418919077825,1000000.0
2020-02-18,GLD,140.59418919077825,141.29716013673212,139.77223903924224,140.47461209974094,140.47461209974094,1000000.0
2020-02-19,GLD,140.47461209974094,141.17698516023964,139.48484715960973,140.1857760398088,140.1857760398088,1000000.0
2020-02-20,GLD,140.1857760398088,141.15101128026788,139.48484715960973,140.44876744305265,140.44876744305265,1000000.0
2020-02-21,GLD,140.44876744305265,141.15101128026788,137.0011646736915,137.6896127373784,137.6896127373784,1000000.0
2020-02-24,GLD,137.6896127373784,140.54566030717072,137.0011646736915,139.84642816633905,139.84642816633905,1000000.0
2020-02-25,GLD,139.84642816633905,140.54566030717072,138.39483878807283,139.09029023926917,139.09029023926917,1000000.0
2020-02-26,GLD,139.09029023926917,139.7857416904655,137.16359729551215,137.8528616035298,137.8528616035298,1000000.0
2020-02-27,GLD,137.8528616035298,138.54212591154743,136.67992239371782,137.36675617459076,137.36675617459076,1000000.0
2020-02-28,GLD,137.36675617459076,139.22535697986115,136.67992239371782,138.53269351229966,138.53269351229966,1000000.0
2020-03-02,GLD,138.53269351229966,140.87104325379704,137.84003004473817,140.17019229233537,140.17019229233537,1000000.0
2020-03-03,GLD,140.17019229233537,140.87104325379704,139.0731173923445,139.7719772787382,139.7719772787382,1000000.0
2020-03-04,GLD,139.7719772787382,141.0983512967833,139.0731173923445,140.39636944953565,140.39636944953565,1000000.0
2020-03-05,GLD,140.39636944953565,141.0991158926258,139.69438760228797,140.39713024141872,140.39713024141872,1000000.0
2020-03-06,GLD,140.39713024141872,141.0991158926258,138.5183908227126,139.21446313840462,139.21446313840462,1000000.0
2020-03-09,GLD,139.21446313840462,140.19400865789,138.5183908227126,139.49652602775126,139.49652602775126,1000000.0
2020-03-10,GLD,139.49652602775126,140.29669754125808,138.7990433976125,139.59870402115234,139.59870402115234,1000000.0
2020-03-11,GLD,139.59870402115234,140.29669754125808,137.0567371849667,137.7454645075042,137.7454645075042,1000000.0
2020-03-12,GLD,137.7454645075042,139.87696163919975,137.0567371849667,139.1810563574127,139.1810563574127,1000000.0
2020-03-13,GLD,139.1810563574127,139.87696163919975,136.6024227257426,137.28886706104785,137.28886706104785,1000000.0
2020-03-16,GLD,137.28886706104785,138.32779901639285,136.6024227257426,137.63960101133617,137.63960101133617,1000000.0
2020-03-17,GLD,137.63960101133617,138.32779901639285,135.72279188873478,136.40481596857765,136.40481596857765,1000000.0
2020-03-18,GLD,136.40481596857765,137.08684004842053,134.79012539719787,135.46746271075162,135.46746271075162,1000000.0
2020-03-19,GLD,135.46746271075162,136.14480002430537,133.9976424670701,134.67099745434183,134.67099745434183,1000000.0
2020-03-20,GLD,134.67099745434183,136.26280222447292,133.9976424670701,135.58487783529645,135.58487783529645,1000000.0
2020-03-23,GLD,135.58487783529645,136.26280222447292,133.44765255637304,134.11824377524928,134.11824377524928,1000000.0
2020-03-24,GLD,134.11824377524928,134.78883499412552,133.27304428216053,133.94275807252313,133.94275807252313,1000000.0
2020-03-25,GLD,133.94275807252313,136.56053224715632,133.27304428216053,135.8811266140859,135.8811266140859,1000000.0
2020-03-26,GLD,135.8811266140859,136.56053224715632,134.41025635304808,135.08568477693274,135.08568477693274,1000000.0
2020-03-27,GLD,135.08568477693274,135.77459384077045,134.41025635304808,135.09909834902533,135.09909834902533,1000000.0
2020-03-30,GLD,135.09909834902533,136.64054828680474,134.4236028572802,135.96074456398483,135.96074456398483,1000000.0
2020-03-31,GLD,135.96074456398483,136.64054828680474,134.62328075101868,135.29977964926502,135.29977964926502,1000000.0
2020-04-01,GLD,135.29977964926502,136.6091464818717,134.62328075101868,135.92949898693703,135.92949898693703,1000000.0
2020-04-02,GLD,135.92949898693703,136.6091464818717,134.49628530906904,135.17214603926536,135.17214603926536,1000000.0
2020-04-03,GLD,135.17214603926536,136.7551169785661,134.49628530906904,136.07474326225483,136.07474326225483,1000000.0
2020-04-06,GLD,136.07474326225483,136.88027930557445,135.39436954594356,136.19928289111886,136.19928289111886,1000000.0
2020-04-07,GLD,136.19928289111886,136.88027930557445,134.42825601978566,135.10377489425696,135.10377489425696,1000000.0
2020-04-08,GLD,135.10377489425696,137.5601759264672,134.42825601978566,136.8757969417584,136.8757969417584,1000000.0
2020-04-09,GLD,136.8757969417584,137.5601759264672,136.12235721458364,136.80638916038558,136.80638916038558,1000000.0
2020-04-10,GLD,136.80638916038558,137.49042110618748,135.82681683177975,136.5093636500299,136.5093636500299,1000000.0
2020-04-13,GLD,136.5093636500299,137.19191046828004,134.74727930586005,135.42440131242216,135.42440131242216,1000000.0
2020-04-14,GLD,135.42440131242216,136.10152331898425,134.22441743286498,134.89891199282914,134.89891199282914,1000000.0
2020-04-15,GLD,134.89891199282914,135.57340655279327,134.15370498499195,134.82784420602206,134.82784420602206,1000000.0
2020-04-16,GLD,134.82784420602206,135.75774270113658,134.15370498499195,135.08233104590707,135.08233104590707,1000000.0
2020-04-17,GLD,135.08233104590707,137.15236404282228,134.40691939067753,136.4700139729575,136.4700139729575,1000000.0
2020-04-20,GLD,136.4700139729575,137.15236404282228,134.2311409277472,134.90566927411777,134.90566927411777,1000000.0
2020-04-21,GLD,134.90566927411777,135.58019762048835,133.85393946879222,134.52657233044445,134.52657233044445,1000000.0
2020-04-22,GLD,134.52657233044445,136.70748114876315,133.85393946879222,136.02734442663,136.02734442663,1000000.0
2020-04-23,GLD,136.02734442663,136.97599450197086,135.34720770449687,136.29452189250833,136.29452189250833,1000000.0
2020-04-24,GLD,136.29452189250833,137.52471946927736,135.6130492830458,136.84051688485312,136.84051688485312,1000000.0
2020-04-27,GLD,136.84051688485312,139.55567226317896,136.15631430042885,138.86136543599898,138.86136543599898,1000000.0
2020-04-28,GLD,138.86136543599898,140.025192726996,138.167058608819,139.32854997711047,139.32854997711047,1000000.0
2020-04-29,GLD,139.32854997711047,140.659068491801,138.63190722722493,139.9592721311453,139.9592721311453,1000000.0
2020-04-30,GLD,139.9592721311453,140.659068491801,139.25258672415916,139.95234846649163,139.95234846649163,1000000.0
2020-05-01,GLD,139.95234846649163,142.95293588981463,139.25258672415916,142.2417272535469,142.2417272535469,1000000.0
2020-05-04,GLD,142.2417272535469,144.3557135150715,141.53051861727917,143.6375258856433,143.6375258856433,1000000.0
2020-05-05,GLD,143.6375258856433,144.3557135150715,142.0388191931663,142.75258210368472,142.75258210368472,1000000.0
2020-05-06,GLD,142.75258210368472,144.220646437121,142.0388191931663,143.503130783205,143.503130783205,1000000.0
2020-05-07,GLD,143.503130783205,144.220646437121,141.3606898367806,142.07104506209106,142.07104506209106,1000000.0
2020-05-08,GLD,142.07104506209106,144.22861907453964,141.3606898367806,143.51106375576086,143.51106375576086,1000000.0
2020-05-11,GLD,143.51106375576086,145.14573144517396,142.79350843698205,144.42361337828257,144.42361337828257,1000000.0
2020-05-12,GLD,144.42361337828257,145.14573144517396,143.53611585133802,144.25740286566636,144.25740286566636,1000000.0
2020-05-13,GLD,144.25740286566636,144.97868987999468,143.0580486554983,143.77693332210885,143.77693332210885,1000000.0
2020-05-14,GLD,143.77693332210885,144.49581798871938,140.80403162319385,141.5115895710491,141.5115895710491,1000000.0
2020-05-15,GLD,141.5115895710491,143.23806555322147,140.80403162319385,142.52543836141442,142.52543836141442,1000000.0
2020-05-18,GLD,142.52543836141442,143.23806555322147,141.7002249075829,142.4122863392793,142.4122863392793,1000000.0
2020-05-19,GLD,142.4122863392793,143.12434777097567,141.33919791251597,142.049445138207,142.049445138207,1000000.0
2020-05-20,GLD,142.049445138207,143.72749539645503,141.33919791251597,143.01243323030351,143.01243323030351,1000000.0
2020-05-21,GLD,143.01243323030351,143.72749539645503,141.4826092058863,142.193577091343,142.193577091343,1000000.0
2020-05-22,GLD,142.193577091343,142.9045449767997,140.7702364297646,141.47762455252723,141.47762455252723,1000000.0
2020-05-25,GLD,141.47762455252723,142.18501267528984,139.92487996175882,140.62802006206917,140.62802006206917,1000000.0
2020-05-26,GLD,140.62802006206917,141.3311601623795,138.26124489364815,138.95602501874185,138.95602501874185,1000000.0
2020-05-27,GLD,138.95602501874185,142.74240656122677,138.26124489364815,142.032245334554,142.032245334554,1000000.0
2020-05-28,GLD,142.032245334554,142.74240656122677,141.10364469149707,141.81270823266036,141.81270823266036,1000000.0
2020-05-29,GLD,141.81270823266036,142.52177177382364,140.68734902303586,141.3943206261667,141.3943206261667,1000000.0
2020-06-01,GLD,141.3943206261667,143.28518744176048,140.68734902303586,142.57232581269702,142.57232581269702,1000000.0
2020-06-02,GLD,142.57232581269702,143.28518744176048,137.92060774336844,138.61367612398837,138.61367612398837,1000000.0
2020-06-03,GLD,138.61367612398837,139.3067445046083,137.90689123262712,138.5998906860574,138.5998906860574,1000000.0
2020-06-04,GLD,138.5998906860574,139.33230437298036,137.90689123262712,138.63910882883619,138.63910882883619,1000000.0
2020-06-05,GLD,138.63910882883619,139.33230437298036,136.76642403143578,137.4536924939053,137.4536924939053,1000000.0
2020-06-08,GLD,137.4536924939053,138.73325349594236,136.76642403143578,138.04303830442026,138.04303830442026,1000000.0
2020-06-09,GLD,138.04303830442026,138.73325349594236,134.8869794608996,135.56480347829105,135.56480347829105,1000000.0
2020-06-10,GLD,135.56480347829105,136.25876906976265,134.8869794608996,135.5808647460325,135.5808647460325,1000000.0
2020-06-11,GLD,135.5808647460325,137.3461677822669,134.90296042230233,136.66285351469344,136.66285351469344,1000000.0
2020-06-12,GLD,136.66285351469344,137.3461677822669,133.2743959945092,133.9441165773962,133.9441165773962,1000000.0
2020-06-15,GLD,133.9441165773962,134.61383716028314,131.52358386006543,132.18450639202555,132.18450639202555,1000000.0
2020-06-16,GLD,132.18450639202555,132.84542892398568,131.29848058845187,131.95827194819285,131.95827194819285,1000000.0
2020-06-17,GLD,131.95827194819285,132.6180633079338,131.2225537268783,131.8819635446013,131.8819635446013,1000000.0
2020-06-18,GLD,131.8819635446013,132.5413733623243,130.39048099033042,131.04570953802053,131.04570953802053,1000000.0
2020-06-19,GLD,131.04570953802053,132.04460569975583,130.39048099033042,131.38766736294113,131.38766736294113,1000000.0
2020-06-22,GLD,131.38766736294113,132.23505670974313,130.73072902612643,131.57717085546582,131.57717085546582,1000000.0
2020-06-23,GLD,131.57717085546582,132.23505670974313,129.23203212520892,129.88143932181802,129.88143932181802,1000000.0
2020-06-24,GLD,129.88143932181802,130.5308465184271,128.99718075481664,129.64540779378558,129.64540779378558,1000000.0
2020-06-25,GLD,129.64540779378558,130.2936348327545,127.39735746043118,128.037545186363,128.037545186363,1000000.0
2020-06-26,GLD,128.037545186363,128.6777329122948,124.90480280916644,125.53246513484065,125.53246513484065,1000000.0
2020-06-29,GLD,125.53246513484065,126.16012746051484,122.08374348626741,122.69722963443961,122.69722963443961,1000000.0
2020-06-30,GLD,122.69722963443961,124.30848556960458,122.08374348626741,123.69003539264139,123.69003539264139,1000000.0
2020-07-01,GLD,123.69003539264139,124.30848556960458,122.77721135720154,123.39418226854426,123.39418226854426,1000000.0
2020-07-02,GLD,123.39418226854426,126.05399381785995,122.77721135720154,125.42685952025867,125.42685952025867,1000000.0
2020-07-03,GLD,125.42685952025867,126.05399381785995,123.00585210592202,123.62397196575077,123.62397196575077,1000000.0
2020-07-06,GLD,123.62397196575077,124.24209182557951,122.45014490092304,123.06547226223421,123.06547226223421,1000000.0
2020-07-07,GLD,123.06547226223421,123.89127728357764,122.45014490092304,123.27490276972901,123.27490276972901,1000000.0
2020-07-08,GLD,123.27490276972901,123.89127728357764,122.33470706948553,122.94945434119148,122.94945434119148,1000000.0
2020-07-09,GLD,122.94945434119148,123.95537914164586,122.33470706948553,123.33868571308048,123.33868571308048,1000000.0
2020-07-10,GLD,123.33868571308048,123.95537914164586,122.71914756722202,123.33582670072565,123.33582670072565,1000000.0
2020-07-13,GLD,123.33582670072565,123.95250583422926,121.88093139465978,122.49339838659274,122.49339838659274,1000000.0
2020-07-14,GLD,122.49339838659274,123.10586537852569,119.19561194374091,119.79458486808132,119.79458486808132,1000000.0
2020-07-15,GLD,119.79458486808132,120.3935577924217,118.02929752635066,118.62240957422176,118.62240957422176,1000000.0
2020-07-16,GLD,118.62240957422176,120.92474516267703,118.02929752635066,120.32312951510153,120.32312951510153,1000000.0
2020-07-17,GLD,120.32312951510153,121.61290595868739,119.72151386752601,121.0078666255596,121.0078666255596,1000000.0
2020-07-20,GLD,121.0078666255596,122.9839172428256,120.40282729243181,122.37205695803543,122.37205695803543,1000000.0
2020-07-21,GLD,122.37205695803543,122.9839172428256,120.98005436176963,121.58799433343681,121.58799433343681,1000000.0
2020-07-22,GLD,121.58799433343681,122.19593430510398,120.63657982905036,121.24279379804057,121.24279379804057,1000000.0
2020-07-23,GLD,121.24279379804057,121.84900776703076,119.5583728019928,120.1591686452189,120.1591686452189,1000000.0
2020-07-24,GLD,120.1591686452189,121.05879741132274,119.5583728019928,120.45651483713706,120.45651483713706,1000000.0
2020-07-27,GLD,120.45651483713706,121.05879741132274,119.79891923688949,120.40092385617034,120.40092385617034,1000000.0
2020-07-28,GLD,120.40092385617034,121.37663588904555,119.79891923688949,120.77277202890106,120.77277202890106,1000000.0
2020-07-29,GLD,120.77277202890106,123.19770496237474,120.16890816875656,122.58478105708932,122.58478105708932,1000000.0
2020-07-30,GLD,122.58478105708932,123.19770496237474,120.94205605999827,121.54980508542539,121.54980508542539,1000000.0
2020-07-31,GLD,121.54980508542539,122.85630668827928,120.94205605999827,122.24508128186994,122.24508128186994,1000000.0
2020-08-03,GLD,122.24508128186994,122.85630668827928,119.99653187898635,120.59952952661945,120.59952952661945,1000000.0
2020-08-04,GLD,120.59952952661945,122.30071151432168,119.99653187898635,121.69225026300666,121.69225026300666,1000000.0
2020-08-05,GLD,121.69225026300666,122.30071151432168,120.49372918551893,121.09922531207933,121.09922531207933,1000000.0
2020-08-06,GLD,121.09922531207933,121.70472143863971,120.30679525831813,120.91135201841018,120.91135201841018,1000000.0
2020-08-07,GLD,120.91135201841018,121.55602610275189,120.30679525831813,120.95126975398199,120.95126975398199,1000000.0
2020-08-10,GLD,120.95126975398199,123.26054314935965,120.34651340521208,122.64730661627827,122.64730661627827,1000000.0
2020-08-11,GLD,122.64730661627827,123.26054314935965,121.89038585406807,122.5029003558473,122.5029003558473,1000000.0
2020-08-12,GLD,122.5029003558473,123.11541485762652,121.23697876267926,121.84620981173795,121.84620981173795,1000000.0
2020-08-13,GLD,121.84620981173795,122.45544086079663,119.84411490941558,120.44634664262873,120.44634664262873,1000000.0
2020-08-14,GLD,120.44634664262873,121.2411445235576,119.84411490941558,120.63795474980856,120.63795474980856,1000000.0
2020-08-17,GLD,120.63795474980856,121.2411445235576,119.0080352991577,119.60606562729417,119.60606562729417,1000000.0
2020-08-18,GLD,119.60606562729417,120.20409595543063,118.36402703784249,118.95882114356029,118.95882114356029,1000000.0
2020-08-19,GLD,118.95882114356029,119.55361524927808,118.23093922516716,118.82506454790669,118.82506454790669,1000000.0
2020-08-20,GLD,118.82506454790669,120.03596057842222,118.23093922516716,119.43876674469874,119.43876674469874,1000000.0
2020-08-21,GLD,119.43876674469874,120.03596057842222,117.97329577741807,118.5661264094654,118.5661264094654,1000000.0
2020-08-24,GLD,118.5661264094654,119.77297326521236,117.97329577741807,119.17708782608196,119.17708782608196,1000000.0
2020-08-25,GLD,119.17708782608196,121.58838223319822,118.58120238695155,120.98346490865495,120.98346490865495,1000000.0
2020-08-26,GLD,120.98346490865495,121.58838223319822,118.66882594667706,119.26515170520308,119.26515170520308,1000000.0
2020-08-27,GLD,119.26515170520308,121.23231117727651,118.66882594667706,120.6291653505239,120.6291653505239,1000000.0
2020-08-28,GLD,120.6291653505239,123.49557970239114,120.02601952377128,122.88117383322503,122.88117383322503,1000000.0
2020-08-31,GLD,122.88117383322503,123.49557970239114,121.51007892855853,122.12068234025983,122.12068234025983,1000000.0
2020-09-01,GLD,122.12068234025983,123.30252159715644,121.51007892855853,122.68907621607607,122.68907621607607,1000000.0
2020-09-02,GLD,122.68907621607607,123.30252159715644,120.46882271672986,121.07419368515563,121.07419368515563,1000000.0
2020-09-03,GLD,121.07419368515563,121.94524215244942,120.46882271672986,121.33854940542233,121.33854940542233,1000000.0
2020-09-04,GLD,121.33854940542233,121.94524215244942,120.27264108744683,120.87702621853953,120.87702621853953,1000000.0
2020-09-07,GLD,120.87702621853953,121.70828113668354,120.27264108744683,121.10276730018263,121.10276730018263,1000000.0
2020-09-08,GLD,121.10276730018263,121.70828113668354,119.39978739720263,119.99978632884687,119.99978632884687,1000000.0
2020-09-09,GLD,119.99978632884687,120.59978526049109,118.41272274030362,119.00776154804385,119.00776154804385,1000000.0
2020-09-10,GLD,119.00776154804385,119.60280035578405,117.82857278025932,118.42067616106465,118.42067616106465,1000000.0
2020-09-11,GLD,118.42067616106465,119.01277954186996,116.96604543357269,117.55381450610321,117.55381450610321,1000000.0
2020-09-14,GLD,117.55381450610321,118.14158357863371,116.20403707811944,116.78797696293411,116.78797696293411,1000000.0
2020-09-15,GLD,116.78797696293411,117.37191684774876,115.877623377625,116.45992299258793,116.45992299258793,1000000.0
2020-09-16,GLD,116.45992299258793,117.04222260755085,114.60841957047728,115.18434127686159,115.18434127686159,1000000.0
2020-09-17,GLD,115.18434127686159,115.76026298324588,114.33898361494303,114.91355137180204,114.91355137180204,1000000.0
2020-09-18,GLD,114.91355137180204,115.86714606795876,114.33898361494303,115.2906926049341,115.2906926049341,1000000.0
2020-09-21,GLD,115.2906926049341,115.86714606795876,112.22908106178508,112.79304629325134,112.79304629325134,1000000.0
2020-09-22,GLD,112.79304629325134,113.4345569910723,112.22908106178508,112.87020596126598,112.87020596126598,1000000.0
2020-09-23,GLD,112.87020596126598,113.4345569910723,111.42984259026271,111.98979154800273,111.98979154800273,1000000.0
2020-09-24,GLD,111.98979154800273,112.54974050574273,110.18623356359333,110.73993322974205,110.73993322974205,1000000.0
2020-09-25,GLD,110.73993322974205,111.29363289589075,108.73291210856088,109.27930865181999,109.27930865181999,1000000.0
2020-09-28,GLD,109.27930865181999,109.82570519507908,107.77394803577326,108.31552566409373,108.31552566409373,1000000.0
2020-09-29,GLD,108.31552566409373,108.85710329241418,106.9213020422736,107.4585950173604,107.4585950173604,1000000.0
2020-09-30,GLD,107.4585950173604,108.19587412242184,106.9213020422736,107.65758619146453,107.65758619146453,1000000.0
2020-10-01,GLD,107.65758619146453,108.19587412242184,105.77372434324715,106.30525059622829,106.30525059622829,1000000.0
2020-10-02,GLD,106.30525059622829,107.70606149861126,105.77372434324715,107.17021044637937,107.17021044637937,1000000.0
2020-10-05,GLD,107.17021044637937,107.70606149861126,105.71621674242607,106.24745401248852,106.24745401248852,1000000.0
2020-10-06,GLD,106.24745401248852,107.30203596255508,105.71621674242607,106.76819498761701,106.76819498761701,1000000.0
2020-10-07,GLD,106.76819498761701,108.22322093017206,106.23435401267892,107.68479694544484,107.68479694544484,1000000.0
2020-10-08,GLD,107.68479694544484,108.22322093017206,105.84461098157622,106.37649344882033,106.37649344882033,1000000.0
2020-10-09,GLD,106.37649344882033,107.81795169736161,105.84461098157622,107.28154397747424,107.28154397747424,1000000.0
2020-10-12,GLD,107.28154397747424,109.8416384874142,106.74513625758686,109.295162674044,109.295162674044,1000000.0
2020-10-13,GLD,109.295162674044,109.8416384874142,108.21212768074153,108.75590721682566,108.75590721682566,1000000.0
2020-10-14,GLD,108.75590721682566,109.78143484816455,108.21212768074153,109.23525855538763,109.23525855538763,1000000.0
2020-10-15,GLD,109.23525855538763,109.78143484816455,108.48160738202598,109.02674108746331,109.02674108746331,1000000.0
2020-10-16,GLD,109.02674108746331,109.58044761721156,108.48160738202598,109.03527126090704,109.03527126090704,1000000.0
2020-10-19,GLD,109.03527126090704,109.58044761721156,108.24360925726722,108.78754699222837,108.78754699222837,1000000.0
2020-10-20,GLD,108.78754699222837,109.3314847271895,107.70128364353369,108.24249612415446,108.24249612415446,1000000.0
2020-10-21,GLD,108.24249612415446,109.44902492815582,107.70128364353369,108.90450241607546,108.90450241607546,1000000.0
2020-10-22,GLD,108.90450241607546,110.28227783549683,108.35997990399508,109.73360978656402,109.73360978656402,1000000.0
2020-10-23,GLD,109.73360978656402,110.28227783549683,109.15212513256215,109.70062827393181,109.70062827393181,1000000.0
2020-10-26,GLD,109.70062827393181,111.7347869934679,109.15212513256215,111.17889253081385,111.17889253081385,1000000.0
2020-10-27,GLD,111.17889253081385,112.8136266322321,110.62299806815979,112.25236480819116,112.25236480819116,1000000.0
2020-10-28,GLD,112.25236480819116,113.51301746615222,111.6911029841502,112.94827608572362,112.94827608572362,1000000.0
2020-10-29,GLD,112.94827608572362,113.51301746615222,111.64672037358616,112.20775916943333,112.20775916943333,1000000.0
2020-10-30,GLD,112.20775916943333,114.70711450876685,111.64672037358616,114.1364323470317,114.1364323470317,1000000.0
2020-11-02,GLD,114.1364323470317,116.07435194873024,113.56575018529654,115.49686761067687,115.49686761067687,1000000.0
2020-11-03,GLD,115.49686761067687,116.07435194873024,112.71504196376759,113.28144920981667,113.28144920981667,1000000.0
2020-11-04,GLD,113.28144920981667,113.84785645586574,111.5956650352203,112.1564472715782,112.1564472715782,1000000.0
2020-11-05,GLD,112.1564472715782,112.71722950793608,111.11851014003754,111.67689461310306,111.67689461310306,1000000.0
2020-11-06,GLD,111.67689461310306,113.191452028956,111.11851014003754,112.62831047657313,112.62831047657313,1000000.0
2020-11-09,GLD,112.62831047657313,114.47276061217414,112.06516892419027,113.90324439022304,113.90324439022304,1000000.0
2020-11-10,GLD,113.90324439022304,114.47276061217414,113.04773837218023,113.61581745947763,113.61581745947763,1000000.0
2020-11-11,GLD,113.61581745947763,114.44737943768418,113.04773837218023,113.87798949023302,113.87798949023302,1000000.0
2020-11-12,GLD,113.87798949023302,115.18001231655784,113.30859954278185,114.60697742941079,114.60697742941079,1000000.0
2020-11-13,GLD,114.60697742941079,115.18001231655784,112.74666336614264,113.31322951371119,113.31322951371119,1000000.0
2020-11-16,GLD,113.31322951371119,114.50284822720401,112.74666336614264,113.9331823156259,113.9331823156259,1000000.0
2020-11-17,GLD,113.9331823156259,114.50284822720401,113.06807486608398,113.63625614681807,113.63625614681807,1000000.0
2020-11-18,GLD,113.63625614681807,114.4128156896509,113.06807486608398,113.84359770114519,113.84359770114519,1000000.0
2020-11-19,GLD,113.84359770114519,114.4128156896509,113.24409704610464,113.81316286040668,113.81316286040668,1000000.0
2020-11-20,GLD,113.81316286040668,114.3822286747087,112.06646430440634,112.62961236623752,112.62961236623752,1000000.0
2020-11-23,GLD,112.62961236623752,113.1927604280687,111.08737130294053,111.64559929943772,111.64559929943772,1000000.0
2020-11-24,GLD,111.64559929943772,112.26696543751018,111.08737130294053,111.70842332090567,111.70842332090567,1000000.0
2020-11-25,GLD,111.70842332090567,112.4195323324149,111.14988120430114,111.86023117653225,111.86023117653225,1000000.0
2020-11-26,GLD,111.86023117653225,112.4195323324149,111.05886137672623,111.61694610726254,111.61694610726254,1000000.0
2020-11-27,GLD,111.61694610726254,113.2754088146489,111.05886137672623,112.71184956681483,112.71184956681483,1000000.0
2020-11-30,GLD,112.71184956681483,113.2754088146489,111.80909802289474,112.3709527868289,112.3709527868289,1000000.0
2020-12-01,GLD,112.3709527868289,112.93280755076303,110.6127543920796,111.16859737897447,111.16859737897447,1000000.0
2020-12-02,GLD,111.16859737897447,111.72444036586933,110.291200437797,110.84542757567537,110.84542757567537,1000000.0
2020-12-03,GLD,110.84542757567537,111.39965471355374,110.13931260313346,110.69277648556127,110.69277648556127,1000000.0
2020-12-04,GLD,110.69277648556127,111.24624036798906,110.03139921560417,110.58432081970268,110.58432081970268,1000000.0
2020-12-07,GLD,110.58432081970268,112.32962652768636,110.03139921560417,111.77077266436454,111.77077266436454,1000000.0
2020-12-08,GLD,111.77077266436454,112.86979197700441,111.21191880104271,112.30825072338749,112.30825072338749,1000000.0
2020-12-09,GLD,112.30825072338749,113.96916143600421,111.74670946977055,113.40215068259127,113.40215068259127,1000000.0
2020-12-10,GLD,113.40215068259127,114.63439393511447,112.83513992917831,114.0640735672781,114.0640735672781,1000000.0
2020-12-11,GLD,114.0640735672781,114.63439393511447,113.34913742268948,113.91873107807989,113.91873107807989,1000000.0
2020-12-14,GLD,113.91873107807989,115.58705109808844,113.34913742268948,115.01199114237657,115.01199114237657,1000000.0
2020-12-15,GLD,115.01199114237657,115.58705109808844,114.19364563915178,114.7674830544239,114.7674830544239,1000000.0
2020-12-16,GLD,114.7674830544239,115.62519087277329,114.19364563915178,115.04994116693861,115.04994116693861,1000000.0
2020-12-17,GLD,115.04994116693861,115.62519087277329,113.47326510900076,114.04348252160881,114.04348252160881,1000000.0
2020-12-18,GLD,114.04348252160881,114.74473289437375,113.47326510900076,114.17386357649131,114.17386357649131,1000000.0
2020-12-21,GLD,114.17386357649131,114.74473289437375,113.298446844079,113.86778577294372,113.86778577294372,1000000.0
2020-12-22,GLD,113.86778577294372,114.8486666983996,113.298446844079,114.27728029691504,114.27728029691504,1000000.0
2020-12-23,GLD,114.27728029691504,116.77077009817988,113.70589389543046,116.18982099321383,116.18982099321383,1000000.0
2020-12-24,GLD,116.18982099321383,119.3201012068641,115.60887188824776,118.72646886255136,118.72646886255136,1000000.0
2020-12-25,GLD,118.72646886255136,120.45071940853629,118.1328365182386,119.85146209804607,119.85146209804607,1000000.0
2020-12-28,GLD,119.85146209804607,120.45095786795208,119.25220478755584,119.85169937109661,119.85169937109661,1000000.0
2020-12-29,GLD,119.85169937109661,121.38196378366777,119.25244087424113,120.77807341658486,120.77807341658486,1000000.0
2020-12-30,GLD,120.77807341658486,121.66611362901602,120.17418304950193,121.06080958111049,121.06080958111049,1000000.0
2020-12-31,GLD,121.06080958111049,121.66611362901602,119.83140847412075,120.43357635590026,120.43357635590026,1000000.0
2021-01-01,GLD,120.43357635590026,121.03574423767975,119.79669313987188,120.39868657273556,120.39868657273556,1000000.0
2021-01-04,GLD,120.39868657273556,121.00068000559922,119.56053866977646,120.16134539676027,120.16134539676027,1000000.0
2021-01-05,GLD,120.16134539676027,120.76215212374406,118.94529727220878,119.54301233387817,119.54301233387817,1000000.0
2021-01-06,GLD,119.54301233387817,121.67696678088436,118.94529727220878,121.07160873719837,121.07160873719837,1000000.0
2021-01-07,GLD,121.07160873719837,121.67696678088436,119.91560315460609,120.51819412523226,120.51819412523226,1000000.0
2021-01-08,GLD,120.51819412523226,121.12078509585841,119.41409976218408,120.01417061526038,120.01417061526038,1000000.0
2021-01-11,GLD,120.01417061526038,121.41482749193877,119.41409976218408,120.81077362381968,120.81077362381968,1000000.0
2021-01-12,GLD,120.81077362381968,121.41482749193877,119.49176612153428,120.0922272578234,120.0922272578234,1000000.0
2021-01-13,GLD,120.0922272578234,120.6926883941125,118.29535540061936,118.88980442273302,118.88980442273302,1000000.0
2021-01-14,GLD,118.88980442273302,119.48425344484667,117.4263335830475,118.01641566135427,118.01641566135427,1000000.0
2021-01-15,GLD,118.01641566135427,119.1566350765195,117.4263335830475,118.56381599653683,118.56381599653683,1000000.0
2021-01-18,GLD,118.56381599653683,119.59591671238897,117.97099691655414,119.00091215163083,119.00091215163083,1000000.0
2021-01-19,GLD,119.00091215163083,119.95360523093991,118.40590759087267,119.35682112531336,119.35682112531336,1000000.0
2021-01-20,GLD,119.35682112531336,119.95360523093991,118.29992431559839,118.8943962970838,118.8943962970838,1000000.0
2021-01-21,GLD,118.8943962970838,119.48886827856921,117.36675220426346,117.95653487865675,117.95653487865675,1000000.0
2021-01-22,GLD,117.95653487865675,119.55423952656528,117.36675220426346,118.95944231499034,118.95944231499034,1000000.0
2021-01-25,GLD,118.95944231499034,119.55423952656528,116.87004510069099,117.45733175948843,117.45733175948843,1000000.0
2021-01-26,GLD,117.45733175948843,118.04461841828585,116.6830703691414,117.26941745642353,117.26941745642353,1000000.0
2021-01-27,GLD,117.26941745642353,117.85576454370563,115.33560714475671,115.91518306005699,115.91518306005699,1000000.0
2021-01-28,GLD,115.91518306005699,116.49475897535726,114.95142222595504,115.5290675637739,115.5290675637739,1000000.0
2021-01-29,GLD,115.5290675637739,116.10671290159276,114.83064078354045,115.40767917943764,115.40767917943764,1000000.0
2021-02-01,GLD,115.40767917943764,117.31210055329683,114.83064078354045,116.7284582619869,116.7284582619869,1000000.0
2021-02-02,GLD,116.7284582619869,117.31210055329683,113.22325425977913,113.79221533646144,113.79221533646144,1000000.0
2021-02-03,GLD,113.79221533646144,115.815803413904,113.22325425977913,115.23960538696917,115.23960538696917,1000000.0
2021-02-04,GLD,115.23960538696917,115.815803413904,113.7938000427738,114.36562818369225,114.36562818369225,1000000.0
2021-02-05,GLD,114.36562818369225,115.28452865825763,113.7938000427738,114.71097378931108,114.71097378931108,1000000.0
2021-02-08,GLD,114.71097378931108,116.16629766352294,114.13741892036452,115.58835588410244,115.58835588410244,1000000.0
2021-02-09,GLD,115.58835588410244,116.16629766352294,114.26470197712729,114.8388964594244,114.8388964594244,1000000.0
2021-02-10,GLD,114.8388964594244,115.41309094172152,114.21827235955136,114.7922335271873,114.7922335271873,1000000.0
2021-02-11,GLD,114.7922335271873,115.9247843785846,114.21827235955136,115.34804415779564,115.34804415779564,1000000.0
2021-02-12,GLD,115.34804415779564,115.9247843785846,114.68949554347672,115.26582466681077,115.26582466681077,1000000.0
2021-02-15,GLD,115.26582466681077,115.84215379014482,113.97836836369801,114.5511239836161,114.5511239836161,1000000.0
2021-02-16,GLD,114.5511239836161,115.3676228303683,113.97836836369801,114.79365455758041,114.79365455758041,1000000.0
2021-02-17,GLD,114.79365455758041,115.53071467826048,114.2196862847925,114.95593500324428,114.95593500324428,1000000.0
2021-02-18,GLD,114.95593500324428,115.53071467826048,112.89749810808013,113.46482221917601,113.46482221917601,1000000.0
2021-02-19,GLD,113.46482221917601,115.48639540607512,112.89749810808013,114.91183622495038,114.91183622495038,1000000.0
2021-02-22,GLD,114.91183622495038,115.77399412988089,114.33727704382562,115.19800410933424,115.19800410933424,1000000.0
2021-02-23,GLD,115.19800410933424,115.77399412988089,112.20211012899317,112.76593982813384,112.76593982813384,1000000.0
2021-02-24,GLD,112.76593982813384,113.3297695272745,111.41898360112472,111.97887799108013,111.97887799108013,1000000.0
2021-02-25,GLD,111.97887799108013,114.34914409765966,111.41898360112472,113.78024288324346,113.78024288324346,1000000.0
2021-02-26,GLD,113.78024288324346,116.05144869316979,113.21134166882725,115.47407830166149,115.47407830166149,1000000.0
2021-03-01,GLD,115.47407830166149,116.39172527458143,114.89670791015318,115.81266196475765,115.81266196475765,1000000.0
2021-03-02,GLD,115.81266196475765,116.39172527458143,113.55613706740084,114.12677092201089,114.12677092201089,1000000.0
2021-03-03,GLD,114.12677092201089,114.69740477662093,113.37078600750948,113.94048844975828,113.94048844975828,1000000.0
2021-03-04,GLD,113.94048844975828,115.66649872898995,113.37078600750948,115.0910435114328,115.0910435114328,1000000.0
2021-03-05,GLD,115.0910435114328,116.13742325392067,114.51558829387564,115.5596251282793,115.5596251282793,1000000.0
2021-03-08,GLD,115.5596251282793,116.13742325392067,114.69791334053285,115.27428476435462,115.27428476435462,1000000.0
2021-03-09,GLD,115.27428476435462,115.85065618817637,114.00075441112543,114.57362252374415,114.57362252374415,1000000.0
2021-03-10,GLD,114.57362252374415,116.06769780143833,114.00075441112543,115.49024656859537,115.49024656859537,1000000.0
2021-03-11,GLD,115.49024656859537,116.06769780143833,114.75588891725486,115.33255167563303,115.33255167563303,1000000.0
2021-03-12,GLD,115.33255167563303,116.31137358011897,114.75588891725486,115.73271002996914,115.73271002996914,1000000.0
2021-03-15,GLD,115.73271002996914,116.89274830711625,115.1540464798193,116.31119234538932,116.31119234538932,1000000.0
2021-03-16,GLD,116.31119234538932,118.69752833316495,115.72963638366237,118.1069933663333,118.1069933663333,1000000.0
2021-03-17,GLD,118.1069933663333,118.96118167361479,117.51645839950163,118.3693349986217,118.3693349986217,1000000.0
2021-03-18,GLD,118.3693349986217,119.3067456918466,117.77748832362859,118.7131797928822,118.7131797928822,1000000.0
2021-03-19,GLD,118.7131797928822,119.3067456918466,116.30071353409016,116.88513923024138,116.88513923024138,1000000.0
2021-03-22,GLD,116.88513923024138,118.71937416587899,116.30071353409016,118.12873051331243,118.12873051331243,1000000.0
2021-03-23,GLD,118.12873051331243,119.74185325865041,117.53808686074586,119.1461226454233,119.1461226454233,1000000.0
2021-03-24,GLD,119.1461226454233,119.79528017823816,118.55039203219619,119.19928375944096,119.19928375944096,1000000.0
2021-03-25,GLD,119.19928375944096,119.79528017823816,116.26856749383735,116.85283165209785,116.85283165209785,1000000.0
2021-03-26,GLD,116.85283165209785,117.43709581035833,115.74650501807675,116.3281457468108,116.3281457468108,1000000.0
2021-03-29,GLD,116.3281457468108,117.05643191832553,115.74650501807675,116.47406161027418,116.47406161027418,1000000.0
2021-03-30,GLD,116.47406161027418,119.35661183447274,115.89169130222281,118.76279784524652,118.76279784524652,1000000.0
2021-03-31,GLD,118.76279784524652,120.06147497830658,118.16898385602029,119.46415420727024,119.46415420727024,1000000.0
2021-04-01,GLD,119.46415420727024,120.99158300901486,118.86683343623389,120.38963483484066,120.38963483484066,1000000.0
2021-04-02,GLD,120.38963483484066,121.9579914069105,119.78768666066647,121.35123523075673,121.35123523075673,1000000.0
2021-04-05,GLD,121.35123523075673,123.5033430720464,120.74447905460295,122.88889857915066,122.88889857915066,1000000.0
2021-04-06,GLD,122.88889857915066,123.5033430720464,121.09885337604176,121.70739032768016,121.70739032768016,1000000.0
2021-04-07,GLD,121.70739032768016,122.31592727931854,120.24031661651276,120.84453931307814,120.84453931307814,1000000.0
2021-04-08,GLD,120.84453931307814,121.44876200964352,119.03307244831849,119.63122859127486,119.63122859127486,1000000.0
2021-04-09,GLD,119.63122859127486,120.22938473423122,118.79233358967194,119.38927998962004,119.38927998962004,1000000.0
2021-04-12,GLD,119.38927998962004,119.98622638956812,118.47697507533182,119.07233675912747,119.07233675912747,1000000.0
2021-04-13,GLD,119.07233675912747,119.8410448911515,118.47697507533182,119.24482078721543,119.24482078721543,1000000.0
2021-04-14,GLD,119.24482078721543,119.8410448911515,117.6183400784695,118.20938701353718,118.20938701353718,1000000.0
2021-04-15,GLD,118.20938701353718,118.96043428116526,117.6183400784695,118.36859132454256,118.36859132454256,1000000.0
2021-04-16,GLD,118.36859132454256,118.96043428116526,116.93306673282565,117.52067008324187,117.52067008324187,1000000.0
2021-04-19,GLD,117.52067008324187,120.44098623357208,116.93306673282565,119.8417773468379,119.8417773468379,1000000.0
2021-04-20,GLD,119.8417773468379,120.44098623357208,118.73395669332804,119.33060974203823,119.33060974203823,1000000.0
2021-04-21,GLD,119.33060974203823,122.77455536069643,118.73395669332804,122.16373667730988,122.16373667730988,1000000.0
2021-04-22,GLD,122.16373667730988,124.65725273347442,121.55291799392333,124.03706739649198,124.03706739649198,1000000.0
2021-04-23,GLD,124.03706739649198,124.65725273347442,122.15150445104238,122.76533110657526,122.76533110657526,1000000.0
2021-04-26,GLD,122.76533110657526,124.50867479126545,122.15150445104238,123.88922864802534,123.88922864802534,1000000.0
2021-04-27,GLD,123.88922864802534,125.25235366089983,123.26978250478521,124.62920762278591,124.62920762278591,1000000.0
2021-04-28,GLD,124.62920762278591,125.25235366089983,122.3607873212865,122.97566564953416,122.97566564953416,1000000.0
2021-04-29,GLD,122.97566564953416,124.3293437298729,122.3607873212865,123.71078978096807,123.71078978096807,1000000.0
2021-04-30,GLD,123.71078978096807,124.3293437298729,123.04991026457162,123.66825152218253,123.66825152218253,1000000.0
2021-05-03,GLD,123.66825152218253,124.73615060501012,123.04991026457162,124.11557274130362,124.11557274130362,1000000.0
2021-05-04,GLD,124.11557274130362,124.73615060501012,122.60646078591716,123.22257365418811,123.22257365418811,1000000.0
2021-05-05,GLD,123.22257365418811,123.83868652245904,122.59517250788664,123.21122865114236,123.21122865114236,1000000.0
2021-05-06,GLD,123.21122865114236,124.34626078270958,122.59517250788664,123.72762266936277,123.72762266936277,1000000.0
2021-05-07,GLD,123.72762266936277,124.34626078270958,122.9640877145058,123.5819977030209,123.5819977030209,1000000.0
2021-05-10,GLD,123.5819977030209,124.199907691536,122.34796260737629,122.96277648982542,122.96277648982542,1000000.0
2021-05-11,GLD,122.96277648982542,123.57759037227453,122.22915981971437,122.84337670323052,122.84337670323052,1000000.0
2021-05-12,GLD,122.84337670323052,123.45759358674665,121.20910124914204,121.818192210193,121.818192210193,1000000.0
2021-05-13,GLD,121.818192210193,122.86069104235426,121.20910124914204,122.24944382323808,122.24944382323808,1000000.0
2021-05-14,GLD,122.24944382323808,122.86069104235426,118.91676951330022,119.51434121939721,119.51434121939721,1000000.0
2021-05-17,GLD,119.51434121939721,121.80907312083431,118.91676951330022,121.20305783167595,121.20305783167595,1000000.0
2021-05-18,GLD,121.20305783167595,121.93296703240448,120.59704254251757,121.32633535562636,121.32633535562636,1000000.0
2021-05-19,GLD,121.32633535562636,122.50912736042932,120.71970367884822,121.89962921435755,121.89962921435755,1000000.0
2021-05-20,GLD,121.89962921435755,123.5107960330297,121.29013106828576,122.89631446072609,122.89631446072609,1000000.0
2021-05-21,GLD,122.89631446072609,123.5107960330297,120.97319721714587,121.58110273079987,121.58110273079987,1000000.0
2021-05-24,GLD,121.58110273079987,124.77817670158193,120.97319721714587,124.15738975281785,124.15738975281785,1000000.0
2021-05-25,GLD,124.15738975281785,124.77817670158193,122.3493253759758,122.96414610650834,122.96414610650834,1000000.0
2021-05-26,GLD,122.96414610650834,124.1545473248,122.3493253759758,123.53686300975126,123.53686300975126,1000000.0
2021-05-27,GLD,123.53686300975126,124.57323872268088,122.9191786947025,123.95347136585164,123.95347136585164,1000000.0
2021-05-28,GLD,123.95347136585164,126.11087158735029,123.33370400902238,125.48345431577144,125.48345431577144,1000000.0
2021-05-31,GLD,125.48345431577144,126.15389752528827,124.85603704419258,125.5262661943167,125.5262661943167,1000000.0
2021-06-01,GLD,125.5262661943167,126.15389752528827,123.37241149022287,123.9923733570079,123.9923733570079,1000000.0
2021-06-02,GLD,123.9923733570079,125.02917310415828,123.37241149022287,124.40713741707292,124.40713741707292,1000000.0
2021-06-03,GLD,124.40713741707292,125.02917310415828,121.11234022935807,121.72094495412871,121.72094495412871,1000000.0
2021-06-04,GLD,121.72094495412871,122.32954967889934,120.94157345234737,121.54932005261043,121.54932005261043,1000000.0
2021-06-07,GLD,121.54932005261043,122.15706665287347,120.48825689224091,121.0937255198401,121.0937255198401,1000000.0
2021-06-08,GLD,121.0937255198401,123.47086491908709,120.48825689224091,122.8565820090419,122.8565820090419,1000000.0
2021-06-09,GLD,122.8565820090419,123.47086491908709,121.98004871370232,122.5930137826154,122.5930137826154,1000000.0
2021-06-10,GLD,122.5930137826154,123.20597885152847,121.53074681591376,122.14145408634549,122.14145408634549,1000000.0
2021-06-11,GLD,122.14145408634549,122.75216135677721,120.74767630786098,121.35444855061405,121.35444855061405,1000000.0
2021-06-14,GLD,121.35444855061405,121.9612207933671,119.86206180562182,120.46438372424304,120.46438372424304,1000000.0
2021-06-15,GLD,120.46438372424304,121.06670564286424,119.30664649752619,119.90617738444843,119.90617738444843,1000000.0
2021-06-16,GLD,119.90617738444843,121.19930417176963,119.30664649752619,120.59632255897476,120.59632255897476,1000000.0
2021-06-17,GLD,120.59632255897476,121.19930417176963,118.61430567815367,119.21035746548108,119.21035746548108,1000000.0
2021-06-18,GLD,119.21035746548108,119.80640925280848,118.42881455473123,119.02393422586053,119.02393422586053,1000000.0
2021-06-21,GLD,119.02393422586053,119.61905389698983,116.91287328067217,117.50037515645444,117.50037515645444,1000000.0
2021-06-22,GLD,117.50037515645444,118.0878770322367,116.77252319796234,117.35931979694708,117.35931979694708,1000000.0
2021-06-23,GLD,117.35931979694708,118.15474708463843,116.77252319796234,117.5669125220283,117.5669125220283,1000000.0
2021-06-24,GLD,117.5669125220283,118.15474708463843,115.71801392495789,116.29951148236974,116.29951148236974,1000000.0
2021-06-25,GLD,116.29951148236974,116.88100903978157,115.15346462036113,115.73212524659411,115.73212524659411,1000000.0
2021-06-28,GLD,115.73212524659411,116.45103784299548,115.15346462036113,115.87167944576666,115.87167944576666,1000000.0
2021-06-29,GLD,115.87167944576666,117.292977634473,115.29232104853783,116.7094304820627,116.7094304820627,1000000.0
2021-06-30,GLD,116.7094304820627,118.33243061598888,116.12588332965238,117.74371205571035,117.74371205571035,1000000.0
2021-07-01,GLD,117.74371205571035,118.33243061598888,117.06433601546759,117.65259901052019,117.65259901052019,1000000.0
2021-07-02,GLD,117.65259901052019,118.24086200557278,116.03958081179944,116.62269428321552,116.62269428321552,1000000.0
2021-07-05,GLD,116.62269428321552,117.20580775463159,114.37562193301444,114.95037380202457,114.95037380202457,1000000.0
2021-07-06,GLD,114.95037380202457,116.36470937064183,114.37562193301444,115.78578046830035,115.78578046830035,1000000.0
2021-07-07,GLD,115.78578046830035,117.86264802512459,115.20685156595884,117.27626669166627,117.27626669166627,1000000.0
2021-07-08,GLD,117.27626669166627,118.2762022722726,116.68988535820793,117.68776345499762,117.68776345499762,1000000.0
2021-07-09,GLD,117.68776345499762,119.98222652200003,117.09932463772263,119.38530002189059,119.38530002189059,1000000.0
2021-07-12,GLD,119.38530002189059,119.98222652200003,118.3264332424474,118.9210384346205,118.9210384346205,1000000.0
2021-07-13,GLD,118.9210384346205,119.51564362679359,117.93174644328772,118.52436828471127,118.52436828471127,1000000.0
2021-07-14,GLD,118.52436828471127,120.84026571415423,117.93174644328772,120.23907036234253,120.23907036234253,1000000.0
2021-07-15,GLD,120.23907036234253,120.84026571415423,118.57603304986831,119.17189251243046,119.17189251243046,1000000.0
2021-07-16,GLD,119.17189251243046,120.44642848657803,118.57603304986831,119.84719252395826,119.84719252395826,1000000.0
2021-07-19,GLD,119.84719252395826,120.89013002064306,119.24795656133847,120.28868658770455,120.28868658770455,1000000.0
2021-07-20,GLD,120.28868658770455,121.08082062364723,119.68724315476602,120.47842848124104,120.47842848124104,1000000.0
2021-07-21,GLD,120.47842848124104,123.01248011643582,119.87603633883484,122.40047772779685,122.40047772779685,1000000.0
2021-07-22,GLD,122.40047772779685,123.01248011643582,120.84867516285622,121.45595493754395,121.45595493754395,1000000.0
2021-07-23,GLD,121.45595493754395,122.06323471223166,120.40510041493737,121.01015117079132,121.01015117079132,1000000.0
2021-07-26,GLD,121.01015117079132,121.61520192664526,118.17560861023361,118.76945588968202,118.76945588968202,1000000.0
2021-07-27,GLD,118.76945588968202,119.36330316913042,117.08412866854336,117.67249112416418,117.67249112416418,1000000.0
2021-07-28,GLD,117.67249112416418,118.26085357978499,116.56449408673284,117.15024531329934,117.15024531329934,1000000.0
2021-07-29,GLD,117.15024531329934,117.73599653986582,116.1786223374765,116.76243451002664,116.76243451002664,1000000.0
2021-07-30,GLD,116.76243451002664,117.34624668257676,115.98731435380283,116.57016517970133,116.57016517970133,1000000.0
2021-08-02,GLD,116.57016517970133,117.49222654537245,115.98731435380283,116.90768810484822,116.90768810484822,1000000.0
2021-08-03,GLD,116.90768810484822,117.49222654537245,115.64508204761832,116.22621311318424,116.22621311318424,1000000.0
2021-08-04,GLD,116.22621311318424,116.80734417875016,113.61530388197356,114.18623505725986,114.18623505725986,1000000.0
2021-08-05,GLD,114.18623505725986,114.93706313394428,113.61530388197356,114.3652369491983,114.3652369491983,1000000.0
2021-08-06,GLD,114.3652369491983,115.39738939134413,113.79341076445232,114.82327302621309,114.82327302621309,1000000.0
2021-08-09,GLD,114.82327302621309,115.39738939134413,113.0772014514655,113.64542859443769,113.64542859443769,1000000.0
2021-08-10,GLD,113.64542859443769,114.21365573740987,112.29671286660702,112.86101795638896,112.86101795638896,1000000.0
2021-08-11,GLD,112.86101795638896,115.26763690067777,112.29671286660702,114.69416607032615,114.69416607032615,1000000.0
2021-08-12,GLD,114.69416607032615,116.36521195924551,114.12069523997452,115.78628055646321,115.78628055646321,1000000.0
2021-08-13,GLD,115.78628055646321,117.53858796016053,115.2073491536809,116.95381886583138,116.95381886583138,1000000.0
2021-08-16,GLD,116.95381886583138,118.2751473357785,116.36904977150222,117.6867137669438,117.6867137669438,1000000.0
2021-08-17,GLD,117.6867137669438,118.45451199337248,117.09828019810908,117.86518606305721,117.86518606305721,1000000.0
2021-08-18,GLD,117.86518606305721,118.45451199337248,116.75795888706274,117.34468229855553,117.34468229855553,1000000.0
2021-08-19,GLD,117.34468229855553,118.56585160284222,116.75795888706274,117.97597174412162,117.97597174412162,1000000.0
2021-08-20,GLD,117.97597174412162,118.56585160284222,117.19765421247608,117.78658714821717,117.78658714821717,1000000.0
2021-08-23,GLD,117.78658714821717,118.37552008395824,116.75371590000738,117.34041798995716,117.34041798995716,1000000.0
2021-08-24,GLD,117.34041798995716,117.93741431530832,116.75371590000738,117.35066101025704,117.35066101025704,1000000.0
2021-08-25,GLD,117.35066101025704,117.93741431530832,116.70087310695622,117.28730965523239,117.28730965523239,1000000.0
2021-08-26,GLD,117.28730965523239,118.84839334771682,116.70087310695622,118.25710780867347,118.25710780867347,1000000.0
2021-08-27,GLD,118.25710780867347,118.84839334771682,116.67063570248823,117.25692030400828,117.25692030400828,1000000.0
2021-08-30,GLD,117.25692030400828,120.55405257837448,116.67063570248823,119.95428117251194,119.95428117251194,1000000.0
2021-08-31,GLD,119.95428117251194,120.55405257837448,118.2933142726358,118.88775303782492,118.88775303782492,1000000.0
2021-09-01,GLD,118.88775303782492,119.48219180301403,117.8590641197204,118.45132072333709,118.45132072333709,1000000.0
2021-09-02,GLD,118.45132072333709,120.08716096024692,117.8590641197204,119.48971239825565,119.48971239825565,1000000.0
2021-09-03,GLD,119.48971239825565,120.08716096024692,118.01728349809616,118.61033517396599,118.61033517396599,1000000.0
2021-09-06,GLD,118.61033517396599,119.20338684983581,117.52590973646001,118.11649219744724,118.11649219744724,1000000.0
2021-09-07,GLD,118.11649219744724,118.75972525836484,117.52590973646001,118.16888085409438,118.16888085409438,1000000.0
2021-09-08,GLD,118.16888085409438,118.75972525836484,114.48387104952158,115.05916688394129,115.05916688394129,1000000.0
2021-09-09,GLD,115.05916688394129,115.63446271836098,113.98098505710257,114.55375382623374,114.55375382623374,1000000.0
2021-09-10,GLD,114.55375382623374,115.1265225953649,113.01119663899671,113.57909209949418,113.57909209949418,1000000.0
2021-09-13,GLD,113.57909209949418,114.14698755999163,112.78038884239821,113.34712446472182,113.34712446472182,1000000.0
2021-09-14,GLD,113.34712446472182,114.45198019982398,112.78038884239821,113.88256736300895,113.88256736300895,1000000.0
2021-09-15,GLD,113.88256736300895,115.13933703178895,113.3131545261939,114.56650450924275,114.56650450924275,1000000.0
2021-09-16,GLD,114.56650450924275,116.73968630521256,113.99367198669654,116.15889184598265,116.15889184598265,1000000.0
2021-09-17,GLD,116.15889184598265,118.29901667996181,115.57809738675273,117.71046435817097,117.71046435817097,1000000.0
2021-09-20,GLD,117.71046435817097,119.43613851559701,117.12191203638011,118.84192887124081,118.84192887124081,1000000.0
2021-09-21,GLD,118.84192887124081,119.43613851559701,118.22983729487129,118.82395708027265,118.82395708027265,1000000.0
2021-09-22,GLD,118.82395708027265,120.5773216508811,118.22983729487129,119.97743447848868,119.97743447848868,1000000.0
2021-09-23,GLD,119.97743447848868,120.5773216508811,118.33073691859197,118.92536373727836,118.92536373727836,1000000.0
2021-09-24,GLD,118.92536373727836,119.51999055596474,118.25245565564526,118.84668910115101,118.84668910115101,1000000.0
2021-09-27,GLD,118.84668910115101,121.03537262469027,118.25245565564526,120.43320659173162,120.43320659173162,1000000.0
2021-09-28,GLD,120.43320659173162,121.93278692982851,119.83104055877295,121.3261561490831,121.3261561490831,1000000.0
2021-09-29,GLD,121.3261561490831,121.93278692982851,119.2260497438156,119.82517562192523,119.82517562192523,1000000.0
2021-09-30,GLD,119.82517562192523,120.42430150003484,118.61410988647962,119.21016068992927,119.21016068992927,1000000.0
2021-10-01,GLD,119.21016068992927,120.82112821413516,118.61410988647962,120.22002807376634,120.22002807376634,1000000.0
2021-10-04,GLD,120.22002807376634,121.52716539579336,119.61892793339752,120.92255263263023,120.92255263263023,1000000.0
2021-10-05,GLD,120.92255263263023,122.75059447137089,120.31793986946708,122.13989499638896,122.13989499638896,1000000.0
2021-10-06,GLD,122.13989499638896,122.75059447137089,119.62662266096481,120.22776146830634,120.22776146830634,1000000.0
2021-10-07,GLD,120.22776146830634,120.82890027564785,118.29066909705723,118.88509456990677,118.88509456990677,1000000.0
2021-10-08,GLD,118.88509456990677,119.47952004275629,118.05351808392444,118.64675184314015,118.64675184314015,1000000.0
2021-10-11,GLD,118.64675184314015,119.23998560235584,117.04612794247679,117.63429943967516,117.63429943967516,1000000.0
2021-10-12,GLD,117.63429943967516,118.2227881306701,117.04612794247679,117.63461505539314,117.63461505539314,1000000.0
2021-10-13,GLD,117.63461505539314,118.2713237850324,117.04644198011617,117.68290923883822,117.68290923883822,1000000.0
2021-10-14,GLD,117.68290923883822,118.68034015870327,117.09449469264403,118.0898907051774,118.0898907051774,1000000.0
2021-10-15,GLD,118.0898907051774,118.68034015870327,117.39786231876988,117.98780132539687,117.98780132539687,1000000.0
2021-10-18,GLD,117.98780132539687,119.22345088702437,117.39786231876988,118.63029939007401,118.63029939007401,1000000.0
2021-10-19,GLD,118.63029939007401,120.11027915309455,118.03714789312365,119.51271557521848,119.51271557521848,1000000.0
2021-10-20,GLD,119.51271557521848,120.3202312652323,118.91515199734239,119.72162314948488,119.72162314948488,1000000.0
2021-10-21,GLD,119.72162314948488,120.3202312652323,117.8526803685682,118.44490489303337,118.44490489303337,1000000.0
2021-10-22,GLD,118.44490489303337,120.48315554326236,117.8526803685682,119.88373685896754,119.88373685896754,1000000.0
2021-10-25,GLD,119.88373685896754,120.76599707694125,119.2843181746727,120.16517122083708,120.16517122083708,1000000.0
2021-10-26,GLD,120.16517122083708,121.27661309784659,119.5643453647329,120.67324686352896,120.67324686352896,1000000.0
2021-10-27,GLD,120.67324686352896,121.51178270891518,120.06988062921131,120.90724647653252,120.90724647653252,1000000.0
2021-10-28,GLD,120.90724647653252,121.51178270891518,118.60385884584609,119.19985813652873,119.19985813652873,1000000.0
2021-10-29,GLD,119.19985813652873,120.47217785069968,118.60385884584609,119.87281378179074,119.87281378179074,1000000.0
2021-11-01,GLD,119.87281378179074,120.47217785069968,118.61186351924194,119.207903034414,119.207903034414,1000000.0
2021-11-02,GLD,119.207903034414,119.80394254958605,117.35158280835614,117.94128925462928,117.94128925462928,1000000.0
2021-11-03,GLD,117.94128925462928,119.96589222001222,117.35158280835614,119.3690469850868,119.3690469850868,1000000.0
2021-11-04,GLD,119.3690469850868,119.96589222001222,118.48819395859337,119.08361201868681,119.08361201868681,1000000.0
2021-11-05,GLD,119.08361201868681,120.03750648201479,118.48819395859337,119.44030495722866,119.44030495722866,1000000.0
2021-11-08,GLD,119.44030495722866,121.05667684479106,118.84310343244252,120.45440482068763,120.45440482068763,1000000.0
2021-11-09,GLD,120.45440482068763,122.89131112612957,119.85213279658419,122.27991156828814,122.27991156828814,1000000.0
2021-11-10,GLD,122.27991156828814,122.89131112612957,119.72994840241793,120.33160643459088,120.33160643459088,1000000.0
2021-11-11,GLD,120.33160643459088,120.93326446676382,118.96945545695614,119.56729191653884,119.56729191653884,1000000.0
2021-11-12,GLD,119.56729191653884,120.94791599601805,118.96945545695614,120.34618507066475,120.34618507066475,1000000.0
2021-11-15,GLD,120.34618507066475,120.94791599601805,119.06435337107402,119.662666704597,119.662666704597,1000000.0
2021-11-16,GLD,119.662666704597,120.26098003811997,115.63761501570724,116.21870855849974,116.21870855849974,1000000.0
2021-11-17,GLD,116.21870855849974,116.99425737106813,115.63761501570724,116.41219638912253,116.41219638912253,1000000.0
2021-11-18,GLD,116.41219638912253,117.2752926364985,115.83013540717691,116.69183346915275,116.69183346915275,1000000.0
2021-11-19,GLD,116.69183346915275,118.16464194291896,116.10837430180699,117.57675815215818,117.57675815215818,1000000.0
2021-11-22,GLD,117.57675815215818,118.45335067591866,116.9888743613974,117.86403052330216,117.86403052330216,1000000.0
2021-11-23,GLD,117.86403052330216,118.45335067591866,116.84867503617379,117.43585430771235,117.43585430771235,1000000.0
2021-11-24,GLD,117.43585430771235,118.29443936817657,116.84867503617379,117.70590981908117,117.70590981908117,1000000.0
2021-11-25,GLD,117.70590981908117,118.29962268306981,117.11738026998576,117.71106734633814,117.71106734633814,1000000.0
2021-11-26,GLD,117.71106734633814,118.29962268306981,116.62911387081492,117.21518981991449,117.21518981991449,1000000.0
2021-11-29,GLD,117.21518981991449,118.11745562128013,116.62911387081492,117.52980658833845,117.52980658833845,1000000.0
2021-11-30,GLD,117.52980658833845,118.54135358574672,116.94215755539675,117.95159560770819,117.95159560770819,1000000.0
2021-12-01,GLD,117.95159560770819,118.54135358574672,116.3304844922364,116.91505979119236,116.91505979119236,1000000.0
2021-12-02,GLD,116.91505979119236,118.64065224135047,116.3304844922364,118.05040024014973,118.05040024014973,1000000.0
2021-12-03,GLD,118.05040024014973,119.57741428447403,117.46014823894897,118.98250177559606,118.98250177559606,1000000.0
2021-12-06,GLD,118.98250177559606,120.47666714350237,118.38758926671808,119.87728073980337,119.87728073980337,1000000.0
2021-12-07,GLD,119.87728073980337,120.47666714350237,116.38788572256523,116.9727494699148,116.9727494699148,1000000.0
2021-12-08,GLD,116.9727494699148,117.72467737356473,116.38788572256523,117.13898246125845,117.13898246125845,1000000.0
2021-12-09,GLD,117.13898246125845,117.72467737356473,116.46368954760509,117.04893421869858,117.04893421869858,1000000.0
2021-12-10,GLD,117.04893421869858,117.63417888979205,115.4523296462701,116.03249210680413,116.03249210680413,1000000.0
2021-12-13,GLD,116.03249210680413,117.26896491289843,115.4523296462701,116.68553722676461,116.68553722676461,1000000.0
2021-12-14,GLD,116.68553722676461,117.26896491289843,114.56968121015822,115.1454082514153,115.1454082514153,1000000.0
2021-12-15,GLD,115.1454082514153,117.05988978696195,114.56968121015822,116.47750227558404,116.47750227558404,1000000.0
2021-12-16,GLD,116.47750227558404,117.51017594987097,115.89511476420613,116.92554820882685,116.92554820882685,1000000.0
2021-12-17,GLD,116.92554820882685,117.51017594987097,115.84842285991942,116.43057573861249,116.43057573861249,1000000.0
2021-12-20,GLD,116.43057573861249,118.57239036652523,115.84842285991942,117.98247797664203,117.98247797664203,1000000.0
2021-12-21,GLD,117.98247797664203,119.10904045375027,117.39256558675882,118.5164581629356,118.5164581629356,1000000.0
2021-12-22,GLD,118.5164581629356,119.5101715570568,117.92387587212093,118.91559358911125,118.91559358911125,1000000.0
2021-12-23,GLD,118.91559358911125,119.5101715570568,116.97135574425153,117.55915150176033,117.55915150176033,1000000.0
2021-12-24,GLD,117.55915150176033,118.75087158421005,116.97135574425153,118.16007122806971,118.16007122806971,1000000.0
2021-12-27,GLD,118.16007122806971,120.31485539994638,117.56927087192936,119.7162740297974,119.7162740297974,1000000.0
2021-12-28,GLD,119.7162740297974,121.56129525666823,119.11769265964841,120.95651269320223,120.95651269320223,1000000.0
2021-12-29,GLD,120.95651269320223,121.56129525666823,118.98944966722311,119.58738660022424,119.58738660022424,1000000.0
2021-12-30,GLD,119.58738660022424,121.74590924630228,118.98944966722311,121.14020820527591,121.14020820527591,1000000.0
2021-12-31,GLD,121.14020820527591,123.564082208596,120.53450716424953,122.94933553094131,122.94933553094131,1000000.0
2022-01-03,GLD,122.94933553094131,124.55065403341533,122.3345888532866,123.93099903822421,123.93099903822421,1000000.0
2022-01-04,GLD,123.93099903822421,124.55065403341533,122.91583172317594,123.5334992192723,123.5334992192723,1000000.0
2022-01-05,GLD,123.5334992192723,124.15116671536865,121.28440361329699,121.89387297818793,121.89387297818793,1000000.0
2022-01-06,GLD,121.89387297818793,122.50334234307886,120.31745976585096,120.92207011643312,120.92207011643312,1000000.0
2022-01-07,GLD,120.92207011643312,121.52668046701527,119.71365395384053,120.31523010436234,120.31523010436234,1000000.0
2022-01-10,GLD,120.31523010436234,121.24086310865168,119.71365395384053,120.63767473497681,120.63767473497681,1000000.0
2022-01-11,GLD,120.63767473497681,121.87093313947604,120.03448636130193,121.2646100890309,121.2646100890309,1000000.0
2022-01-12,GLD,121.2646100890309,121.87093313947604,119.86844006128484,120.47079403144205,120.47079403144205,1000000.0
2022-01-13,GLD,120.47079403144205,121.07314800159925,118.11906834918173,118.71263150671531,118.71263150671531,1000000.0
2022-01-14,GLD,118.71263150671531,119.30619466424888,117.69093600965539,118.28234774839737,118.28234774839737,1000000.0
2022-01-17,GLD,118.28234774839737,118.87375948713934,116.29190033560585,116.87628174432749,116.87628174432749,1000000.0
2022-01-18,GLD,116.87628174432749,118.89543283967595,116.29190033560585,118.30391327330942,118.30391327330942,1000000.0
2022-01-19,GLD,118.30391327330942,118.89543283967595,116.40962890977372,116.99460191937057,116.99460191937057,1000000.0
2022-01-20,GLD,116.99460191937057,118.09273389705459,116.40962890977372,117.50520785776577,117.50520785776577,1000000.0
2022-01-21,GLD,117.50520785776577,118.97710486292682,116.91768181847694,118.38517896808641,118.38517896808641,1000000.0
2022-01-24,GLD,118.38517896808641,118.97710486292682,116.74458778185796,117.33124400186729,117.33124400186729,1000000.0
2022-01-25,GLD,117.33124400186729,118.98777024953458,116.74458778185796,118.39579129306924,118.39579129306924,1000000.0
2022-01-26,GLD,118.39579129306924,118.98777024953458,117.64064191521808,118.23180091981718,118.23180091981718,1000000.0
2022-01-27,GLD,118.23180091981718,118.82295992441625,116.7834897291292,117.37034143631075,117.37034143631075,1000000.0
2022-01-28,GLD,117.37034143631075,117.95719314349229,115.76816789842773,116.34991748585702,116.34991748585702,1000000.0
2022-01-31,GLD,116.34991748585702,117.02839586351858,115.76816789842773,116.44616503832697,116.44616503832697,1000000.0
2022-02-01,GLD,116.44616503832697,118.15184287132303,115.86393421313534,117.56402275753537,117.56402275753537,1000000.0
2022-02-02,GLD,117.56402275753537,118.15184287132303,114.95511337983567,115.5327772661665,115.5327772661665,1000000.0
2022-02-03,GLD,115.5327772661665,116.73380563236233,114.95511337983567,116.15304043021129,116.15304043021129,1000000.0
2022-02-04,GLD,116.15304043021129,116.73380563236233,115.3877201196985,115.96755790924472,115.96755790924472,1000000.0
2022-02-07,GLD,115.96755790924472,116.54739569879094,114.57143372762317,115.14716957550068,115.14716957550068,1000000.0
2022-02-08,GLD,115.14716957550068,115.72290542337818,114.43458176326405,115.00962991282819,115.00962991282819,1000000.0
2022-02-09,GLD,115.00962991282819,115.58467806239231,114.39565956846937,114.97051212911495,114.97051212911495,1000000.0
2022-02-10,GLD,114.97051212911495,115.54536468976052,114.30708232281424,114.8814897716726,114.8814897716726,1000000.0
2022-02-11,GLD,114.8814897716726,116.2810267522315,114.30708232281424,115.70251418132489,115.70251418132489,1000000.0
2022-02-14,GLD,115.70251418132489,116.2810267522315,114.15839127232577,114.73205152997565,114.73205152997565,1000000.0
2022-02-15,GLD,114.73205152997565,117.36231762076184,114.15839127232577,116.77842549329537,116.77842549329537,1000000.0
2022-02-16,GLD,116.77842549329537,118.29326989020056,116.19453336582889,117.70474615940356,117.70474615940356,1000000.0
2022-02-17,GLD,117.70474615940356,118.29326989020056,116.46084842701106,117.04607882111664,117.04607882111664,1000000.0
2022-02-18,GLD,117.04607882111664,117.6313092152222,114.41920597129462,114.99417685557248,114.99417685557248,1000000.0
2022-02-21,GLD,114.99417685557248,115.56914773985032,114.37698192210215,114.95174062522828,114.95174062522828,1000000.0
2022-02-22,GLD,114.95174062522828,115.52649932835442,113.93589434884362,114.50843653150112,114.50843653150112,1000000.0
2022-02-23,GLD,114.50843653150112,115.84350664811755,113.93589434884362,115.26717079414684,115.26717079414684,1000000.0
2022-02-24,GLD,115.26717079414684,116.59232233022335,114.6908349401761,116.01226102509787,116.01226102509787,1000000.0
2022-02-25,GLD,116.01226102509787,118.62424372746968,115.43219971997239,118.03407336066635,118.03407336066635,1000000.0
2022-02-28,GLD,118.03407336066635,118.62424372746968,117.29717499605539,117.88660803623657,117.88660803623657,1000000.0
2022-03-01,GLD,117.88660803623657,119.32386192622721,117.29717499605539,118.73021087186788,118.73021087186788,1000000.0
2022-03-02,GLD,118.73021087186788,119.32386192622721,117.67936858490185,118.27072219588126,118.27072219588126,1000000.0
2022-03-03,GLD,118.27072219588126,118.86207580686066,117.27997476667622,117.86932137354394,117.86932137354394,1000000.0
2022-03-04,GLD,117.86932137354394,120.11987137287956,117.27997476667622,119.52226007251699,119.52226007251699,1000000.0
2022-03-07,GLD,119.52226007251699,120.11987137287956,118.77912857308989,119.37600861617075,119.37600861617075,1000000.0
2022-03-08,GLD,119.37600861617075,119.9728886592516,118.66767475876853,119.26399473243067,119.26399473243067,1000000.0
2022-03-09,GLD,119.26399473243067,119.86031470609282,118.29364982165285,118.88809027301794,118.88809027301794,1000000.0
2022-03-10,GLD,118.88809027301794,119.8455536982322,118.29364982165285,119.24930716242011,119.24930716242011,1000000.0
2022-03-11,GLD,119.24930716242011,120.50620270879689,118.65306062660801,119.90666936198697,119.90666936198697,1000000.0
2022-03-14,GLD,119.90666936198697,120.50620270879689,119.19065686985887,119.78960489433052,119.78960489433052,1000000.0
2022-03-15,GLD,119.78960489433052,120.38855291880216,117.97263033328392,118.56545762139088,118.56545762139088,1000000.0
2022-03-16,GLD,118.56545762139088,119.54352397227231,117.97263033328392,118.94878007191276,118.94878007191276,1000000.0
2022-03-17,GLD,118.94878007191276,119.54352397227231,117.49165335297091,118.08206367132755,118.08206367132755,1000000.0
2022-03-18,GLD,118.08206367132755,118.67247398968418,117.13167476305058,117.72027614376942,117.72027614376942,1000000.0
2022-03-21,GLD,117.72027614376942,118.56245210616375,117.13167476305058,117.97258916036195,117.97258916036195,1000000.0
2022-03-22,GLD,117.97258916036195,118.85449030787446,117.38272621456014,118.26317443569599,118.26317443569599,1000000.0
2022-03-23,GLD,118.26317443569599,118.85449030787446,115.24147823570162,115.82058114140867,115.82058114140867,1000000.0
2022-03-24,GLD,115.82058114140867,118.23763647301527,115.24147823570162,117.64938952538834,117.64938952538834,1000000.0
2022-03-25,GLD,117.64938952538834,119.1244392694586,117.0611425777614,118.53178036762051,118.53178036762051,1000000.0
2022-03-28,GLD,118.53178036762051,121.26431950162906,117.9391214657824,120.66101442948167,120.66101442948167,1000000.0
2022-03-29,GLD,120.66101442948167,124.09788915241265,120.05770935733426,123.48048671881857,123.48048671881857,1000000.0
2022-03-30,GLD,123.48048671881857,124.09788915241265,121.84316009750717,122.4554372839268,122.4554372839268,1000000.0
2022-03-31,GLD,122.4554372839268,123.06771447034642,121.24184194807633,121.8510974352526,121.8510974352526,1000000.0
2022-04-01,GLD,121.8510974352526,122.75458001470776,121.24184194807633,122.14386071115202,122.14386071115202,1000000.0
2022-04-04,GLD,122.14386071115202,123.8192655529406,121.53314140759626,123.20324930640858,123.20324930640858,1000000.0
2022-04-05,GLD,123.20324930640858,123.8192655529406,122.03179280808422,122.64501789757207,122.64501789757207,1000000.0
2022-04-06,GLD,122.64501789757207,123.25824298705992,121.69264844450342,122.30416929095821,122.30416929095821,1000000.0
2022-04-07,GLD,122.30416929095821,124.12811392616027,121.69264844450342,123.5105611205575,123.5105611205575,1000000.0
2022-04-08,GLD,123.5105611205575,124.12811392616027,121.9124035054278,122.52502864867117,122.52502864867117,1000000.0
2022-04-11,GLD,122.52502864867117,123.37796425151078,121.9124035054278,122.76414353384158,122.76414353384158,1000000.0
2022-04-12,GLD,122.76414353384158,124.59881253642217,122.15032281617236,123.97891794668874,123.97891794668874,1000000.0
2022-04-13,GLD,123.97891794668874,124.59881253642217,123.06209579149935,123.68049828291392,123.68049828291392,1000000.0
2022-04-14,GLD,123.68049828291392,125.17329190764332,123.06209579149935,124.5505392115854,124.5505392115854,1000000.0
2022-04-15,GLD,124.5505392115854,125.17329190764332,123.78699275028085,124.40903793998075,124.40903793998075,1000000.0
2022-04-18,GLD,124.40903793998075,125.03108312968064,122.00139837386094,122.61447072749843,122.61447072749843,1000000.0
2022-04-19,GLD,122.61447072749843,123.2275430811359,121.38116448813369,121.99112008857658,121.99112008857658,1000000.0
2022-04-20,GLD,121.99112008857658,122.60107568901945,121.13333546223633,121.74204569068978,121.74204569068978,1000000.0
2022-04-21,GLD,121.74204569068978,122.35075591914321,120.73459418812956,121.3413006915875,121.3413006915875,1000000.0
2022-04-22,GLD,121.3413006915875,121.94800719504543,120.72784501239217,121.33451760039414,121.33451760039414,1000000.0
2022-04-25,GLD,121.33451760039414,122.34076548323179,120.72784501239217,121.7321049584396,121.7321049584396,1000000.0
2022-04-26,GLD,121.7321049584396,122.61710098930274,121.1234444336474,122.00706566099777,122.00706566099777,1000000.0
2022-04-27,GLD,122.00706566099777,122.7660515460327,121.39703033269278,122.15527517018181,122.15527517018181,1000000.0
2022-04-28,GLD,122.15527517018181,122.7660515460327,121.01398997442563,121.62210047680968,121.62210047680968,1000000.0
2022-04-29,GLD,121.62210047680968,122.23021097919371,120.71326463631257,121.31986395609304,121.31986395609304,1000000.0
2022-05-02,GLD,121.31986395609304,121.9264632758735,120.24050908212853,120.84473274585781,120.84473274585781,1000000.0
2022-05-03,GLD,120.84473274585781,121.44895640958708,119.53208950164921,120.13275326798916,120.13275326798916,1000000.0
2022-05-04,GLD,120.13275326798916,122.1721833853229,119.53208950164921,121.56436157743573,121.56436157743573,1000000.0
2022-05-05,GLD,121.56436157743573,122.1721833853229,118.81364170769945,119.41069518361753,119.41069518361753,1000000.0
2022-05-06,GLD,119.41069518361753,120.17812004650844,118.81364170769945,119.5802189517497,119.5802189517497,1000000.0
2022-05-09,GLD,119.5802189517497,120.17812004650844,117.14341339394343,117.73207376275722,117.73207376275722,1000000.0
2022-05-10,GLD,117.73207376275722,118.320734131571,116.41564299802887,117.00064622917475,117.00064622917475,1000000.0
2022-05-11,GLD,117.00064622917475,118.34019826736065,116.41564299802887,117.7514410620504,117.7514410620504,1000000.0
2022-05-12,GLD,117.7514410620504,118.34019826736065,116.75632895087877,117.34304417173746,117.34304417173746,1000000.0
2022-05-13,GLD,117.34304417173746,119.32091471275679,116.75632895087877,118.72727832115105,118.72727832115105,1000000.0
2022-05-16,GLD,118.72727832115105,119.32091471275679,117.00652394911756,117.59449643127394,117.59449643127394,1000000.0
2022-05-17,GLD,117.59449643127394,118.1824689134303,116.57159785432766,117.15738477821876,117.15738477821876,1000000.0
2022-05-18,GLD,117.15738477821876,117.74317170210983,115.77823951183089,116.36003971038281,116.36003971038281,1000000.0
2022-05-19,GLD,116.36003971038281,116.94183990893471,115.65785254201231,116.23904778091689,116.23904778091689,1000000.0
2022-05-20,GLD,116.23904778091689,116.82024301982146,115.191051499748,115.76990100477185,115.76990100477185,1000000.0
2022-05-23,GLD,115.76990100477185,116.3487505097957,114.6520218377658,115.22816265102091,115.22816265102091,1000000.0
2022-05-24,GLD,115.22816265102091,115.804303464276,114.59218647593195,115.16802660897683,115.16802660897683,1000000.0
2022-05-25,GLD,115.16802660897683,116.74868667537758,114.59218647593195,116.16784743818667,116.16784743818667,1000000.0
2022-05-26,GLD,116.16784743818667,116.74868667537758,115.58107875426477,116.16188819524098,116.16188819524098,1000000.0
2022-05-27,GLD,116.16188819524098,116.74269763621717,115.4699222927459,116.0501731585386,116.0501731585386,1000000.0
2022-05-30,GLD,116.0501731585386,116.63042402433128,114.98954009687039,115.56737698177928,115.56737698177928,1000000.0
2022-05-31,GLD,115.56737698177928,116.14521386668817,114.07363508644767,114.64686943361575,114.64686943361575,1000000.0
2022-06-01,GLD,114.64686943361575,115.22010378078382,112.40526525802741,112.97011583721348,112.97011583721348,1000000.0
2022-06-02,GLD,112.97011583721348,113.53496641639954,111.1559290088696,111.71450151645186,111.71450151645186,1000000.0
2022-06-03,GLD,111.71450151645186,112.2730740240341,110.99416489765393,111.55192452025521,111.55192452025521,1000000.0
2022-06-06,GLD,111.55192452025521,112.10968414285648,108.89412416994763,109.44133082406798,109.44133082406798,1000000.0
2022-06-07,GLD,109.44133082406798,110.43820725283113,108.89412416994763,109.88876343565288,109.88876343565288,1000000.0
2022-06-08,GLD,109.88876343565288,110.43820725283113,108.71938261493833,109.26571117079229,109.26571117079229,1000000.0
2022-06-09,GLD,109.26571117079229,109.81203972664623,107.59459464055335,108.135270995531,108.135270995531,1000000.0
2022-06-10,GLD,108.135270995531,108.67594735050865,106.85728780813015,107.3942591036484,107.3942591036484,1000000.0
2022-06-13,GLD,107.3942591036484,108.36251893362073,106.85728780813015,107.82340192400075,107.82340192400075,1000000.0
2022-06-14,GLD,107.82340192400075,108.51081967323648,107.28428491438075,107.97096484899154,107.97096484899154,1000000.0
2022-06-15,GLD,107.97096484899154,108.55908196203497,107.43111002474659,108.01898702690048,108.01898702690048,1000000.0
2022-06-16,GLD,108.01898702690048,110.09587286938826,107.47889209176597,109.54813220834654,109.54813220834654,1000000.0
2022-06-17,GLD,109.54813220834654,112.25323502875685,109.00039154730482,111.69476122264363,111.69476122264363,1000000.0
2022-06-20,GLD,111.69476122264363,112.25323502875685,109.67644537777261,110.22758329424383,110.22758329424383,1000000.0
2022-06-21,GLD,110.22758329424383,111.49691422440029,109.67644537777261,110.9422032083585,110.9422032083585,1000000.0
2022-06-22,GLD,110.9422032083585,111.49691422440029,109.47382318145782,110.02394289593751,110.02394289593751,1000000.0
2022-06-23,GLD,110.02394289593751,110.57406261041719,107.97910624122053,108.52171481529702,108.52171481529702,1000000.0
2022-06-24,GLD,108.52171481529702,109.06432338937348,107.33882849216491,107.87821959011549,107.87821959011549,1000000.0
2022-06-27,GLD,107.87821959011549,109.30263846691645,107.33882849216491,108.75884424568802,108.75884424568802,1000000.0
2022-06-28,GLD,108.75884424568802,109.30263846691645,107.81099616834334,108.35275996818426,108.35275996818426,1000000.0
2022-06-29,GLD,108.35275996818426,108.89452376802517,107.25951218293015,107.79850470646247,107.79850470646247,1000000.0
2022-06-30,GLD,107.79850470646247,109.64944260399302,107.25951218293015,109.1039229890478,109.1039229890478,1000000.0
2022-07-01,GLD,109.1039229890478,110.09409545281315,108.55840337410257,109.54636363463996,109.54636363463996,1000000.0
2022-07-04,GLD,109.54636363463996,110.09409545281315,108.87266410662053,109.41976292122666,109.41976292122666,1000000.0
2022-07-05,GLD,109.41976292122666,111.7496922317145,108.87266410662053,111.19372361364628,111.19372361364628,1000000.0
2022-07-06,GLD,111.19372361364628,112.22017216384297,110.63775499557805,111.66186284959501,111.66186284959501,1000000.0
2022-07-07,GLD,111.66186284959501,112.22017216384297,110.36298610035927,110.91757397021031,110.91757397021031,1000000.0
2022-07-08,GLD,110.91757397021031,111.47216184006135,109.27884063076296,109.82798053343011,109.82798053343011,1000000.0
2022-07-11,GLD,109.82798053343011,110.37712043609724,108.86758269101553,109.41465597086987,109.41465597086987,1000000.0
2022-07-12,GLD,109.41465597086987,110.1415611641263,108.86758269101553,109.59359319813564,109.59359319813564,1000000.0
2022-07-13,GLD,109.59359319813564,111.10101316366877,109.04562523214496,110.54827180464555,110.54827180464555,1000000.0
2022-07-14,GLD,110.54827180464555,111.97657526493953,109.99553044562232,111.41947787556172,111.41947787556172,1000000.0
2022-07-15,GLD,111.41947787556172,112.11975885293823,110.86238048618391,111.56194910740123,111.56194910740123,1000000.0
2022-07-18,GLD,111.56194910740123,112.11975885293823,109.86150816831187,110.41357604855465,110.41357604855465,1000000.0
2022-07-19,GLD,110.41357604855465,111.93344401451226,109.86150816831187,111.37656120846992,111.37656120846992,1000000.0
2022-07-20,GLD,111.37656120846992,112.05672973004238,110.81967840242757,111.49923356223124,111.49923356223124,1000000.0
2022-07-21,GLD,111.49923356223124,112.05672973004238,109.87718179498962,110.4293284371755,110.4293284371755,1000000.0
2022-07-22,GLD,110.4293284371755,110.98147507936136,108.67907665762277,109.22520267097767,109.22520267097767,1000000.0
2022-07-25,GLD,109.22520267097767,110.01158674258164,108.67907665762277,109.46426541550413,109.46426541550413,1000000.0
2022-07-26,GLD,109.46426541550413,110.37379261628777,108.9169440884266,109.8246692699381,109.8246692699381,1000000.0
2022-07-27,GLD,109.8246692699381,111.20357236545782,109.27554592358841,110.65032076164958,110.65032076164958,1000000.0
2022-07-28,GLD,110.65032076164958,111.20357236545782,108.89853294373546,109.44576175249794,109.44576175249794,1000000.0
2022-07-29,GLD,109.44576175249794,111.92904099983073,108.89853294373546,111.37218009933407,111.37218009933407,1000000.0
2022-08-01,GLD,111.37218009933407,111.92904099983073,109.01166184611003,109.55945914181913,109.55945914181913,1000000.0
2022-08-02,GLD,109.55945914181913,110.10725643752822,108.97618360039358,109.52380261346089,109.52380261346089,1000000.0
2022-08-03,GLD,109.52380261346089,111.41875864897807,108.97618360039358,110.86443646664486,110.86443646664486,1000000.0
2022-08-04,GLD,110.86443646664486,112.4759472352717,110.31011428431164,111.91636540823056,111.91636540823056,1000000.0
2022-08-05,GLD,111.91636540823056,112.4759472352717,110.39316394883124,110.94790346616206,110.94790346616206,1000000.0
2022-08-08,GLD,110.94790346616206,112.11701858037186,110.39316394883124,111.55922246803172,111.55922246803172,1000000.0
2022-08-09,GLD,111.55922246803172,113.36942681109896,111.00142635569156,112.80539981203879,112.80539981203879,1000000.0
2022-08-10,GLD,112.80539981203879,114.12271037912575,112.2413728129786,113.55493570062265,113.55493570062265,1000000.0
2022-08-11,GLD,113.55493570062265,114.12271037912575,111.97462235695498,112.5373089014623,112.5373089014623,1000000.0
2022-08-12,GLD,112.5373089014623,114.81138607976423,111.97462235695498,114.24018515399428,114.24018515399428,1000000.0
2022-08-15,GLD,114.24018515399428,114.81138607976423,111.9882666246302,112.55102173329668,112.55102173329668,1000000.0
2022-08-16,GLD,112.55102173329668,113.13884075033656,111.9882666246302,112.57596094560853,112.57596094560853,1000000.0
2022-08-17,GLD,112.57596094560853,113.13884075033656,110.90883973629775,111.46617058924397,111.46617058924397,1000000.0
2022-08-18,GLD,111.46617058924397,112.02350144219018,110.45306868008282,111.00810922621389,111.00810922621389,1000000.0
2022-08-19,GLD,111.00810922621389,111.56314977234494,110.0924906203536,110.64571921643578,110.64571921643578,1000000.0
2022-08-22,GLD,110.64571921643578,111.66978067628493,110.0924906203536,111.11420962814422,111.11420962814422,1000000.0
2022-08-23,GLD,111.11420962814422,111.66978067628493,109.26336945723797,109.81243161531454,109.81243161531454,1000000.0
2022-08-24,GLD,109.81243161531454,110.54300957901384,109.26336945723797,109.99304435722772,109.99304435722772,1000000.0
2022-08-25,GLD,109.99304435722772,111.81217068734006,109.44307913544158,111.25589123118415,111.25589123118415,1000000.0
2022-08-26,GLD,111.25589123118415,111.85234630889627,110.69961177502823,111.29586697402615,111.29586697402615,1000000.0
2022-08-29,GLD,111.29586697402615,112.36365532384848,110.73938763915602,111.80463216303332,111.80463216303332,1000000.0
2022-08-30,GLD,111.80463216303332,112.76031615720508,111.24560900221815,112.19931955940805,112.19931955940805,1000000.0
2022-08-31,GLD,112.19931955940805,112.76031615720508,110.84291489801065,111.39991447036246,111.39991447036246,1000000.0
2022-09-01,GLD,111.39991447036246,111.95691404271426,110.42755113608092,110.98246345334766,110.98246345334766,1000000.0
2022-09-02,GLD,110.98246345334766,111.54158848439639,110.42755113608092,110.98665520835462,110.98665520835462,1000000.0
2022-09-05,GLD,110.98665520835462,111.98040319725601,110.43172193231284,111.42328676343882,111.42328676343882,1000000.0
2022-09-06,GLD,111.42328676343882,114.01742288220511,110.86617032962162,113.45017202209465,113.45017202209465,1000000.0
2022-09-07,GLD,113.45017202209465,115.671531251442,112.88292116198417,115.09605099645972,115.09605099645972,1000000.0
2022-09-08,GLD,115.09605099645972,115.671531251442,113.98999486980814,114.56280891438004,114.56280891438004,1000000.0
2022-09-09,GLD,114.56280891438004,115.13562295895193,113.49595407790856,114.06628550543574,114.06628550543574,1000000.0
2022-09-12,GLD,114.06628550543574,114.63661693296291,112.40797604290697,112.97284024412761,112.97284024412761,1000000.0
2022-09-13,GLD,112.97284024412761,113.53770444534824,110.0245968429773,110.5774842642988,110.5774842642988,1000000.0
2022-09-14,GLD,110.5774842642988,112.41132401545084,110.0245968429773,111.85206369696603,111.85206369696603,1000000.0
2022-09-15,GLD,111.85206369696603,112.90542758474025,111.2928033784812,112.34370903954255,112.34370903954255,1000000.0
2022-09-16,GLD,112.34370903954255,112.90542758474025,109.77434398834293,110.32597385763108,110.32597385763108,1000000.0
2022-09-19,GLD,110.32597385763108,110.87760372691923,109.7407828170515,110.29224403723768,110.29224403723768,1000000.0
2022-09-20,GLD,110.29224403723768,113.19584817001345,109.7407828170515,112.63268474628205,112.63268474628205,1000000.0
2022-09-21,GLD,112.63268474628205,113.65388701164059,112.06952132255064,113.08844478770209,113.08844478770209,1000000.0
2022-09-22,GLD,113.08844478770209,114.13362698568747,112.52300256376358,113.56579799570893,113.56579799570893,1000000.0
2022-09-23,GLD,113.56579799570893,114.30422199537554,112.99796900573038,113.73554427400552,113.73554427400552,1000000.0
2022-09-26,GLD,113.73554427400552,114.30422199537554,112.34167177646097,112.90620279041303,112.90620279041303,1000000.0
2022-09-27,GLD,112.90620279041303,113.47073380436508,111.11327760097247,111.67163577987182,111.67163577987182,1000000.0
2022-09-28,GLD,111.67163577987182,112.22999395877117,110.23935646572124,110.79332308112689,110.79332308112689,1000000.0
2022-09-29,GLD,110.79332308112689,111.46090237472269,110.23935646572124,110.90637052211214,110.90637052211214,1000000.0
2022-09-30,GLD,110.90637052211214,111.46090237472269,110.07668267173631,110.62983183089077,110.62983183089077,1000000.0
2022-10-03,GLD,110.62983183089077,111.85753971711235,110.07668267173631,111.3010345443904,111.3010345443904,1000000.0
2022-10-04,GLD,111.3010345443904,113.63205255499847,110.74452937166845,113.06671896019749,113.06671896019749,1000000.0
2022-10-05,GLD,113.06671896019749,114.22179561489418,112.5013853653965,113.65352797501909,113.65352797501909,1000000.0
2022-10-06,GLD,113.65352797501909,115.07275755265636,113.08526033514399,114.50025627129988,114.50025627129988,1000000.0
2022-10-07,GLD,114.50025627129988,115.07275755265636,113.54093966135072,114.11149714708615,114.11149714708615,1000000.0
2022-10-10,GLD,114.11149714708615,114.68205463282158,112.18981188065128,112.75357977954903,112.75357977954903,1000000.0
2022-10-11,GLD,112.75357977954903,115.55522476872738,112.18981188065128,114.98032315296258,114.98032315296258,1000000.0
2022-10-12,GLD,114.98032315296258,116.30492103905586,114.40542153719777,115.72628959110037,115.72628959110037,1000000.0
2022-10-13,GLD,115.72628959110037,117.55018209864815,115.14765814314487,116.96535532203798,116.96535532203798,1000000.0
2022-10-14,GLD,116.96535532203798,117.55018209864815,115.96839299757944,116.55114874128587,116.55114874128587,1000000.0
2022-10-17,GLD,116.55114874128587,117.13390448499229,114.17569601504088,114.74944323119686,114.74944323119686,1000000.0
2022-10-18,GLD,114.74944323119686,116.70595135686375,114.17569601504088,116.12532473319777,116.12532473319777,1000000.0
2022-10-19,GLD,116.12532473319777,116.70595135686375,113.28573238954719,113.8550074266806,113.8550074266806,1000000.0
2022-10-20,GLD,113.8550074266806,114.424282463814,113.10136815573819,113.66971673943536,113.66971673943536,1000000.0
2022-10-21,GLD,113.66971673943536,114.23806532313252,112.53844411199833,113.10396393165661,113.10396393165661,1000000.0
2022-10-24,GLD,113.10396393165661,113.88705641217354,112.53844411199833,113.32045414146621,113.32045414146621,1000000.0
2022-10-25,GLD,113.32045414146621,114.71957643554774,112.75385187075888,114.14883227417687,114.14883227417687,1000000.0
2022-10-26,GLD,114.14883227417687,115.56932841943255,113.57808811280599,114.99435663625131,114.99435663625131,1000000.0
2022-10-27,GLD,114.99435663625131,115.56932841943255,112.23540648036465,112.79940349785392,112.79940349785392,1000000.0
2022-10-28,GLD,112.79940349785392,114.37871251427902,112.23540648036465,113.80966419331247,113.80966419331247,1000000.0
2022-10-31,GLD,113.80966419331247,114.37871251427902,111.27687768552892,111.83605797540595,111.83605797540595,1000000.0
2022-11-01,GLD,111.83605797540595,113.07525156973936,111.27687768552892,112.5126881290939,112.5126881290939,1000000.0
2022-11-02,GLD,112.5126881290939,113.07525156973936,111.48834086047302,112.04858377936986,112.04858377936986,1000000.0
2022-11-03,GLD,112.04858377936986,112.6088266982667,110.32393042328651,110.87832203345378,110.87832203345378,1000000.0
2022-11-04,GLD,110.87832203345378,111.43271364362104,109.77720162627793,110.32884585555571,110.32884585555571,1000000.0
2022-11-07,GLD,110.32884585555571,110.88049008483348,108.44727012392951,108.99223128033117,108.99223128033117,1000000.0
2022-11-08,GLD,108.99223128033117,109.53719243673281,108.42166662836834,108.96649912398829,108.96649912398829,1000000.0
2022-11-09,GLD,108.96649912398829,110.4430341797752,108.42166662836834,109.89356634803504,109.89356634803504,1000000.0
2022-11-10,GLD,109.89356634803504,111.24108077733213,109.34409851629486,110.68764256450959,110.68764256450959,1000000.0
2022-11-11,GLD,110.68764256450959,111.27330336017799,110.13420435168705,110.71970483599802,110.71970483599802,1000000.0
2022-11-14,GLD,110.71970483599802,112.38504681016106,110.16610631181803,111.82591722404086,111.82591722404086,1000000.0
2022-11-15,GLD,111.82591722404086,112.8928569826865,111.26678763792066,112.33120097779752,112.33120097779752,1000000.0
2022-11-16,GLD,112.33120097779752,115.1283915854262,111.76954497290853,114.55561351783703,114.55561351783703,1000000.0
2022-11-17,GLD,114.55561351783703,115.66410926134944,113.98283545024785,115.088665931691,115.088665931691,1000000.0
2022-11-18,GLD,115.088665931691,115.66410926134944,113.88178360017923,114.45405386952687,114.45405386952687,1000000.0
2022-11-21,GLD,114.45405386952687,115.0263241388745,113.57042109904201,114.14112673270553,114.14112673270553,1000000.0
2022-11-22,GLD,114.14112673270553,114.71183236636905,112.7750385623575,113.34174729885176,113.34174729885176,1000000.0
2022-11-23,GLD,113.34174729885176,113.908456035346,112.46493811987561,113.03008856268906,113.03008856268906,1000000.0
2022-11-24,GLD,113.03008856268906,113.59523900550249,112.3064168281467,112.87077068155446,112.87077068155446,1000000.0
2022-11-25,GLD,112.87077068155446,114.13837092486503,112.3064168281467,113.57051833319905,113.57051833319905,1000000.0
2022-11-28,GLD,113.57051833319905,114.94565071330413,113.00266574153305,114.37378180428273,114.37378180428273,1000000.0
2022-11-29,GLD,114.37378180428273,114.9909404846046,113.80191289526131,114.41884625333792,114.41884625333792,1000000.0
2022-11-30,GLD,114.41884625333792,115.42804507226772,113.84675202207123,114.85377619131118,114.85377619131118,1000000.0
2022-12-01,GLD,114.85377619131118,115.42804507226772,113.50111285320163,114.07147020422275,114.07147020422275,1000000.0
2022-12-02,GLD,114.07147020422275,114.64182755524385,112.9223524975863,113.48980150511186,113.48980150511186,1000000.0
2022-12-05,GLD,113.48980150511186,114.05725051263741,110.39519535831784,110.94994508373652,110.94994508373652,1000000.0
2022-12-06,GLD,110.94994508373652,111.5046948091552,109.60222158450463,110.15298651709008,110.15298651709008,1000000.0
2022-12-07,GLD,110.15298651709008,110.70375144967552,109.09285237287297,109.64105766117886,109.64105766117886,1000000.0
2022-12-08,GLD,109.64105766117886,112.79835935538416,109.09285237287297,112.23717348794446,112.23717348794446,1000000.0
2022-12-09,GLD,112.23717348794446,112.79835935538416,110.28962148670611,110.8438406901569,110.8438406901569,1000000.0
2022-12-12,GLD,110.8438406901569,111.4525796452106,110.28962148670611,110.89808919921454,110.89808919921454,1000000.0
2022-12-13,GLD,110.89808919921454,111.4525796452106,109.99613662363537,110.54888102877926,110.54888102877926,1000000.0
2022-12-14,GLD,110.54888102877926,111.10162543392315,108.40645880763743,108.95121488204768,108.95121488204768,1000000.0
2022-12-15,GLD,108.95121488204768,109.74555763392428,108.40645880763743,109.19955983475053,109.19955983475053,1000000.0
2022-12-16,GLD,109.19955983475053,109.74555763392428,108.65339070603002,109.19938764425127,109.19938764425127,1000000.0
2022-12-19,GLD,109.19938764425127,109.74538458247252,107.198199814686,107.73688423586533,107.73688423586533,1000000.0
2022-12-20,GLD,107.73688423586533,108.27556865704464,104.9227540421607,105.45000406247307,105.45000406247307,1000000.0
2022-12-21,GLD,105.45000406247307,105.97725408278542,104.85504892006281,105.38195871363097,105.38195871363097,1000000.0
2022-12-22,GLD,105.38195871363097,105.9088685071991,103.4790599829055,103.9990552592015,103.9990552592015,1000000.0
2022-12-23,GLD,103.9990552592015,105.15433853011893,103.4790599829055,104.63118261703377,104.63118261703377,1000000.0
2022-12-26,GLD,104.63118261703377,105.15433853011893,103.83531958907662,104.35710511464987,104.35710511464987,1000000.0
2022-12-27,GLD,104.35710511464987,105.3833164554523,103.83531958907662,104.85902134870877,104.85902134870877,1000000.0
2022-12-28,GLD,104.85902134870877,105.3833164554523,104.037284230614,104.56008465388342,104.56008465388342,1000000.0
2022-12-29,GLD,104.56008465388342,106.57268711955334,104.037284230614,106.04247474582422,106.04247474582422,1000000.0
2022-12-30,GLD,106.04247474582422,107.24696139610373,105.5122623720951,106.71339442398381,106.71339442398381,1000000.0
2023-01-02,GLD,106.71339442398381,108.75627146039245,106.1798274518639,108.21519548297758,108.21519548297758,1000000.0
2023-01-03,GLD,108.21519548297758,108.87717859588568,107.67411950556269,108.33550109043352,108.33550109043352,1000000.0
2023-01-04,GLD,108.33550109043352,108.87717859588568,106.7945863998924,107.33124261295718,107.33124261295718,1000000.0
2023-01-05,GLD,107.33124261295718,107.86789882602196,105.4242635572806,105.95403372591015,105.95403372591015,1000000.0
2023-01-06,GLD,105.95403372591015,106.48380389453969,104.94922035273478,105.4766033695827,105.4766033695827,1000000.0
2023-01-09,GLD,105.4766033695827,106.29779357943718,104.94922035273478,105.76894883526089,105.76894883526089,1000000.0
2023-01-10,GLD,105.76894883526089,106.29779357943718,104.64760735038051,105.17347472400051,105.17347472400051,1000000.0
2023-01-11,GLD,105.17347472400051,108.1183972713572,104.64760735038051,107.58049479737035,107.58049479737035,1000000.0
2023-01-12,GLD,107.58049479737035,108.1183972713572,106.996871132017,107.53454385127337,107.53454385127337,1000000.0
2023-01-13,GLD,107.53454385127337,108.54857262620132,106.996871132017,108.00852997631974,108.00852997631974,1000000.0
2023-01-16,GLD,108.00852997631974,108.65480104951578,107.46848732643814,108.11422990001572,108.11422990001572,1000000.0
2023-01-17,GLD,108.11422990001572,108.65480104951578,106.3652188458785,106.89971743304372,106.89971743304372,1000000.0
2023-01-18,GLD,106.89971743304372,108.50993181080062,106.3652188458785,107.97008140378172,107.97008140378172,1000000.0
2023-01-19,GLD,107.97008140378172,109.18739753234415,107.43023099676282,108.64417664909867,108.64417664909867,1000000.0
2023-01-20,GLD,108.64417664909867,110.09014514899619,108.10095576585317,109.54243298407582,109.54243298407582,1000000.0
2023-01-23,GLD,109.54243298407582,110.09014514899619,108.09999755035511,108.64321361844735,108.64321361844735,1000000.0
2023-01-24,GLD,108.64321361844735,109.24275290873844,108.09999755035511,108.6992566256104,108.6992566256104,1000000.0
2023-01-25,GLD,108.6992566256104,109.24285299990875,108.15576034248235,108.69935621881469,108.69935621881469,1000000.0
2023-01-26,GLD,108.69935621881469,110.46451574483568,108.15585943772061,109.9149410396375,109.9149410396375,1000000.0
2023-01-27,GLD,109.9149410396375,110.46451574483568,108.0297894896772,108.57265275344442,108.57265275344442,1000000.0
2023-01-30,GLD,108.57265275344442,109.83770897340271,108.0297894896772,109.29125270985345,109.29125270985345,1000000.0
2023-01-31,GLD,109.29125270985345,111.17418158852374,108.74479644630418,110.62107620748631,110.62107620748631,1000000.0
2023-02-01,GLD,110.62107620748631,111.17418158852374,109.69578554141566,110.24702064463885,110.24702064463885,1000000.0
2023-02-02,GLD,110.24702064463885,110.79825574786203,108.93187515922645,109.4792715168105,109.4792715168105,1000000.0
2023-02-03,GLD,109.4792715168105,111.4304406197153,108.93187515922645,110.87606031812469,110.87606031812469,1000000.0
2023-02-06,GLD,110.87606031812469,111.73921255659606,110.32168001653406,111.183296076215,111.183296076215,1000000.0
2023-02-07,GLD,111.183296076215,112.96606846643793,110.62737959583393,112.40404822531139,112.40404822531139,1000000.0
2023-02-08,GLD,112.40404822531139,113.81525560161978,111.84202798418482,113.24901054887542,113.24901054887542,1000000.0
2023-02-09,GLD,113.24901054887542,115.00683041204603,112.68276549613104,114.43465712641397,114.43465712641397,1000000.0
2023-02-10,GLD,114.43465712641397,115.00683041204603,113.74047755183234,114.31203774053502,114.31203774053502,1000000.0
2023-02-13,GLD,114.31203774053502,114.88359792923768,111.61099381587529,112.1718530812817,112.1718530812817,1000000.0
2023-02-14,GLD,112.1718530812817,113.42236813823025,111.61099381587529,112.85807774948285,112.85807774948285,1000000.0
2023-02-15,GLD,112.85807774948285,113.42236813823025,111.65928655990703,112.22038850241913,112.22038850241913,1000000.0
2023-02-16,GLD,112.22038850241913,113.49703239476496,111.65928655990703,112.9323705420547,112.9323705420547,1000000.0
2023-02-17,GLD,112.9323705420547,113.49703239476496,111.8973308540891,112.45962899908453,112.45962899908453,1000000.0
2023-02-20,GLD,112.45962899908453,114.80452737399803,111.8973308540891,114.23336057114233,114.23336057114233,1000000.0
2023-02-21,GLD,114.23336057114233,114.80452737399803,113.48078783043533,114.05104304566365,114.05104304566365,1000000.0
2023-02-22,GLD,114.05104304566365,115.57827587758355,113.48078783043533,115.00325957968514,115.00325957968514,1000000.0
2023-02-23,GLD,115.00325957968514,116.8458108397495,114.4282432817867,116.26448839776072,116.26448839776072,1000000.0
2023-02-24,GLD,116.26448839776072,116.8458108397495,115.67869574427871,116.25999572289318,116.25999572289318,1000000.0
2023-02-27,GLD,116.25999572289318,117.27438650569691,115.67869574427871,116.6909318464646,116.6909318464646,1000000.0
2023-02-28,GLD,116.6909318464646,117.33821088277351,116.10747718723228,116.75443868932689,116.75443868932689,1000000.0
2023-03-01,GLD,116.75443868932689,117.33821088277351,115.26383240062667,115.84304763882078,115.84304763882078,1000000.0
2023-03-02,GLD,115.84304763882078,118.0938126745163,115.26383240062667,117.50628126817544,117.50628126817544,1000000.0
2023-03-03,GLD,117.50628126817544,118.0938126745163,116.01547170757703,116.59846402771561,116.59846402771561,1000000.0
2023-03-06,GLD,116.59846402771561,117.18145634785418,114.42970309738755,115.00472673104277,115.00472673104277,1000000.0
2023-03-07,GLD,115.00472673104277,115.57975036469797,113.97096283268898,114.5436812388834,114.5436812388834,1000000.0
2023-03-08,GLD,114.5436812388834,115.32659624676033,113.97096283268898,114.7528320863287,114.7528320863287,1000000.0
2023-03-09,GLD,114.7528320863287,115.46907268289783,114.17906792589704,114.89459968447547,114.89459968447547,1000000.0
2023-03-10,GLD,114.89459968447547,115.46907268289783,114.03153311828089,114.60455589776974,114.60455589776974,1000000.0
2023-03-13,GLD,114.60455589776974,115.17757867725858,113.62309438702174,114.19406471057461,114.19406471057461,1000000.0
2023-03-14,GLD,114.19406471057461,114.76503503412746,111.46459149138546,112.02471506671905,112.02471506671905,1000000.0
2023-03-15,GLD,112.02471506671905,113.29922834405609,111.46459149138546,112.7355505911006,112.7355505911006,1000000.0
2023-03-16,GLD,112.7355505911006,115.19041254443803,112.1718728381451,114.61732591486373,114.61732591486373,1000000.0
2023-03-17,GLD,114.61732591486373,115.19041254443803,113.34020960776755,113.90975839976637,113.90975839976637,1000000.0
2023-03-20,GLD,113.90975839976637,114.4793071917652,111.53049680669594,112.09095156451853,112.09095156451853,1000000.0
2023-03-21,GLD,112.09095156451853,113.48903570034844,111.53049680669594,112.92441363218751,112.92441363218751,1000000.0
2023-03-22,GLD,112.92441363218751,113.48903570034844,112.23893024886624,112.80294497373491,112.80294497373491,1000000.0
2023-03-23,GLD,112.80294497373491,113.36695969860357,108.2363809653351,108.78028237722121,108.78028237722121,1000000.0
2023-03-24,GLD,108.78028237722121,109.32418378910731,107.53949897114596,108.07989846346328,108.07989846346328,1000000.0
2023-03-27,GLD,108.07989846346328,108.62029795578059,106.1544842512241,106.687923870577,106.687923870577,1000000.0
2023-03-28,GLD,106.687923870577,107.22136348992987,105.05957168715611,105.58750923332272,105.58750923332272,1000000.0
2023-03-29,GLD,105.58750923332272,108.14475295300561,105.05957168715611,107.6067193562245,107.6067193562245,1000000.0
2023-03-30,GLD,107.6067193562245,109.19628134544506,107.06868575944338,108.65301626412445,108.65301626412445,1000000.0
2023-03-31,GLD,108.65301626412445,109.19628134544506,108.01117266188047,108.55394237374921,108.55394237374921,1000000.0
2023-04-03,GLD,108.55394237374921,109.17599213425277,108.01117266188047,108.63282799428137,108.63282799428137,1000000.0
2023-04-04,GLD,108.63282799428137,110.847002008478,108.08966385430996,110.29552438654528,110.29552438654528,1000000.0
2023-04-05,GLD,110.29552438654528,110.847002008478,108.70084126413285,109.2470766473697,109.2470766473697,1000000.0
2023-04-06,GLD,109.2470766473697,110.62045024360513,108.70084126413285,110.07009974488074,110.07009974488074,1000000.0
2023-04-07,GLD,110.07009974488074,110.62045024360513,108.9442954073423,109.49175417823346,109.49175417823346,1000000.0
2023-04-10,GLD,109.49175417823346,110.97004190828274,108.9442954073423,110.41795214754502,110.41795214754502,1000000.0
2023-04-11,GLD,110.41795214754502,111.27455934686135,109.8658623868073,110.7209545739914,110.7209545739914,1000000.0
2023-04-12,GLD,110.7209545739914,111.27455934686135,109.48281010933067,110.03297498425194,110.03297498425194,1000000.0
2023-04-13,GLD,110.03297498425194,111.75827324471707,109.48281010933067,111.20226193504188,111.20226193504188,1000000.0
2023-04-14,GLD,111.20226193504188,112.40315827957556,110.64625062536666,111.84393858664237,111.84393858664237,1000000.0
2023-04-17,GLD,111.84393858664237,114.42078881150985,111.28471889370915,113.85153115573121,113.85153115573121,1000000.0
2023-04-18,GLD,113.85153115573121,114.42078881150985,112.93689259679968,113.50441467015044,113.50441467015044,1000000.0
2023-04-19,GLD,113.50441467015044,114.30104201684426,112.93689259679968,113.73238011626296,113.73238011626296,1000000.0
2023-04-20,GLD,113.73238011626296,114.30104201684426,112.52160233224457,113.08703751984379,113.08703751984379,1000000.0
2023-04-21,GLD,113.08703751984379,115.03048617971918,112.52160233224457,114.45819520370068,114.45819520370068,1000000.0
2023-04-24,GLD,114.45819520370068,115.03048617971918,113.16769913887553,113.73638104409602,113.73638104409602,1000000.0
2023-04-25,GLD,113.73638104409602,114.36877727159201,113.16769913887553,113.79977837969355,113.79977837969355,1000000.0
2023-04-26,GLD,113.79977837969355,115.8457285903125,113.23077948779508,115.269381681903,115.269381681903,1000000.0
2023-04-27,GLD,115.269381681903,116.49875037421279,114.69303477349348,115.91915460120677,115.91915460120677,1000000.0
2023-04-28,GLD,115.91915460120677,116.89421978786872,115.33955882820074,116.31265650534202,116.31265650534202,1000000.0
2023-05-01,GLD,116.31265650534202,117.26435724698077,115.7310932228153,116.68095248455799,116.68095248455799,1000000.0
2023-05-02,GLD,116.68095248455799,117.71510568365936,116.0975477221352,117.12945839170087,117.12945839170087,1000000.0
2023-05-03,GLD,117.12945839170087,118.5060284791219,116.54381109974236,117.91644624788249,117.91644624788249,1000000.0
2023-05-04,GLD,117.91644624788249,118.5060284791219,117.07338197442179,117.66169042655457,117.66169042655457,1000000.0
2023-05-05,GLD,117.66169042655457,118.24999887868734,115.00359309681676,115.58150059981584,115.58150059981584,1000000.0
2023-05-08,GLD,115.58150059981584,117.68737286313453,115.00359309681676,117.1018635454075,117.1018635454075,1000000.0
2023-05-09,GLD,117.1018635454075,117.68737286313453,115.44755933968871,116.02769782883287,116.02769782883287,1000000.0
2023-05-10,GLD,116.02769782883287,118.69852328891652,115.44755933968871,118.10798337205625,118.10798337205625,1000000.0
2023-05-11,GLD,118.10798337205625,119.09027425898972,117.51744345519597,118.49778533232809,118.49778533232809,1000000.0
2023-05-12,GLD,118.49778533232809,122.7433018646574,117.90529640566645,122.13263867130091,122.13263867130091,1000000.0
2023-05-15,GLD,122.13263867130091,124.17562466994487,121.52197547794441,123.55783549248247,123.55783549248247,1000000.0
2023-05-16,GLD,123.55783549248247,124.74404770469779,122.94004631502006,124.12343055193811,124.12343055193811,1000000.0
2023-05-17,GLD,124.12343055193811,125.89641777700109,123.50281339917842,125.27006743980209,125.27006743980209,1000000.0
2023-05-18,GLD,125.27006743980209,125.89641777700109,123.10903315709666,123.72767151467,123.72767151467,1000000.0
2023-05-19,GLD,123.72767151467,124.62533797662086,123.10903315709666,124.00531141952325,124.00531141952325,1000000.0
2023-05-22,GLD,124.00531141952325,124.62533797662086,123.03963246736159,123.65792207775034,123.65792207775034,1000000.0
2023-05-23,GLD,123.65792207775034,124.36681730714002,123.03963246736159,123.7480769225274,123.7480769225274,1000000.0
2023-05-24,GLD,123.7480769225274,124.36681730714002,120.866040118798,121.47340715457085,121.47340715457085,1000000.0
2023-05-25,GLD,121.47340715457085,122.08077419034369,118.47645304171259,119.0718121022237,119.0718121022237,1000000.0
2023-05-26,GLD,119.0718121022237,120.52961432835086,118.47645304171259,119.92996450582176,119.92996450582176,1000000.0
2023-05-29,GLD,119.92996450582176,120.63604893181542,119.33031468329264,120.03586958389596,120.03586958389596,1000000.0
2023-05-30,GLD,120.03586958389596,120.63604893181542,118.99151032950101,119.58945761758896,119.58945761758896,1000000.0
2023-05-31,GLD,119.58945761758896,120.1874049056769,118.93319797478597,119.5308522359658,119.5308522359658,1000000.0
2023-06-01,GLD,119.5308522359658,120.12850649714561,118.2544070208034,118.84865027216422,118.84865027216422,1000000.0
2023-06-02,GLD,118.84865027216422,119.44289352352503,117.76504880340653,118.35683296824777,118.35683296824777,1000000.0
2023-06-05,GLD,118.35683296824777,119.74829546753854,117.76504880340653,119.15253280352094,119.15253280352094,1000000.0
2023-06-06,GLD,119.15253280352094,119.74829546753854,118.33279940512364,118.92743658806396,118.92743658806396,1000000.0
2023-06-07,GLD,118.92743658806396,120.33866183705207,118.33279940512364,119.7399620269175,119.7399620269175,1000000.0
2023-06-08,GLD,119.7399620269175,120.33866183705207,118.38851736377693,118.98343453645923,118.98343453645923,1000000.0
2023-06-09,GLD,118.98343453645923,119.57835170914151,116.43307263324537,117.01816345049787,117.01816345049787,1000000.0
2023-06-12,GLD,117.01816345049787,117.60325426775034,115.74584941502158,116.32748684926793,116.32748684926793,1000000.0
2023-06-13,GLD,116.32748684926793,116.90912428351426,115.61579017706636,116.19677404730287,116.19677404730287,1000000.0
2023-06-14,GLD,116.19677404730287,116.77775791753938,114.43474786179966,115.00979684602981,115.00979684602981,1000000.0
2023-06-15,GLD,115.00979684602981,115.58484583025995,114.03996232391745,114.61302746122357,114.61302746122357,1000000.0
2023-06-16,GLD,114.61302746122357,115.18609259852967,113.52162519082779,114.0920856189224,114.0920856189224,1000000.0
2023-06-19,GLD,114.0920856189224,115.67611965202198,113.52162519082779,115.10061656917611,115.10061656917611,1000000.0
2023-06-20,GLD,115.10061656917611,116.60417957679797,114.52511348633023,116.024059280396,116.024059280396,1000000.0
2023-06-21,GLD,116.024059280396,117.81747399249787,115.44393898399402,117.23131740547052,117.23131740547052,1000000.0
2023-06-22,GLD,117.23131740547052,117.81747399249787,115.82591663893558,116.40795642104078,116.40795642104078,1000000.0
2023-06-23,GLD,116.40795642104078,117.37326646679858,115.82591663893558,116.78931986746129,116.78931986746129,1000000.0
2023-06-26,GLD,116.78931986746129,118.80596801358739,116.20537326812398,118.21489354585812,118.21489354585812,1000000.0
2023-06-27,GLD,118.21489354585812,119.01473551696415,117.62381907812883,118.42262240493946,118.42262240493946,1000000.0
2023-06-28,GLD,118.42262240493946,119.01473551696415,117.76350939692544,118.35528582605572,118.35528582605572,1000000.0
2023-06-29,GLD,118.35528582605572,118.94706225518598,116.9332933729281,117.52089786223931,117.52089786223931,1000000.0
2023-06-30,GLD,117.52089786223931,119.04334238692586,116.9332933729281,118.45108695216504,118.45108695216504,1000000.0
2023-07-03,GLD,118.45108695216504,119.24965922855718,117.85883151740421,118.65637734184796,118.65637734184796,1000000.0
2023-07-04,GLD,118.65637734184796,120.37963903764863,118.06309545513872,119.78073536084442,119.78073536084442,1000000.0
2023-07-05,GLD,119.78073536084442,120.37963903764863,119.02413912114604,119.62225037301108,119.62225037301108,1000000.0
2023-07-06,GLD,119.62225037301108,122.56940477316192,119.02413912114604,121.9596067394646,121.9596067394646,1000000.0
2023-07-07,GLD,121.9596067394646,122.56940477316192,121.33086353796604,121.94056636981512,121.94056636981512,1000000.0
2023-07-10,GLD,121.94056636981512,122.55026920166418,119.95718851768909,120.55998845998903,120.55998845998903,1000000.0
2023-07-11,GLD,120.55998845998903,121.40456993326048,119.95718851768909,120.80056709777163,120.80056709777163,1000000.0
2023-07-12,GLD,120.80056709777163,121.96371102875115,120.19656426228278,121.35692639676732,121.35692639676732,1000000.0
2023-07-13,GLD,121.35692639676732,123.44576899355917,120.75014176478348,122.83161093886486,122.83161093886486,1000000.0
2023-07-14,GLD,122.83161093886486,123.44576899355917,121.68552802416819,122.29701308961627,122.29701308961627,1000000.0
2023-07-17,GLD,122.29701308961627,122.90849815506434,121.08070755463378,121.68915332123997,121.68915332123997,1000000.0
2023-07-18,GLD,121.68915332123997,122.29759908784615,120.78631575037042,121.3932821611763,121.3932821611763,1000000.0
2023-07-19,GLD,121.3932821611763,122.00024857198217,120.35339879863908,120.95818974737595,120.95818974737595,1000000.0
2023-07-20,GLD,120.95818974737595,121.56298069611282,118.00550192676411,118.59849439875791,118.59849439875791,1000000.0
2023-07-21,GLD,118.59849439875791,120.00211796865919,118.00550192676411,119.40509250612857,119.40509250612857,1000000.0
2023-07-24,GLD,119.40509250612857,121.42135491161453,118.80806704359793,120.81726856877069,120.81726856877069,1000000.0
2023-07-25,GLD,120.81726856877069,121.42135491161453,119.37085773417424,119.97071129062738,119.97071129062738,1000000.0
2023-07-26,GLD,119.97071129062738,120.5705648470805,118.28678651025494,118.88119247261804,118.88119247261804,1000000.0
2023-07-27,GLD,118.88119247261804,119.47559843498112,118.13971089395135,118.73337778286567,118.73337778286567,1000000.0
2023-07-28,GLD,118.73337778286567,119.32704467177999,117.2542670761149,117.84348449860794,117.84348449860794,1000000.0
2023-07-31,GLD,117.84348449860794,119.32135819404637,117.2542670761149,118.72771959606605,118.72771959606605,1000000.0
2023-08-01,GLD,118.72771959606605,119.32135819404637,117.4637628678389,118.05403303300392,118.05403303300392,1000000.0
2023-08-02,GLD,118.05403303300392,119.33866278773327,117.4637628678389,118.74493809724704,118.74493809724704,1000000.0
2023-08-03,GLD,118.74493809724704,119.33866278773327,116.80659896703447,117.39356680103967,117.39356680103967,1000000.0
2023-08-04,GLD,117.39356680103967,117.98053463504485,115.29423034697524,115.87359833866859,115.87359833866859,1000000.0
2023-08-07,GLD,115.87359833866859,116.45296633036192,113.65334684074354,114.22446918667693,114.22446918667693,1000000.0
2023-08-08,GLD,114.22446918667693,114.7955915326103,112.17595615759319,112.7396544297419,112.7396544297419,1000000.0
2023-08-09,GLD,112.7396544297419,113.77522307088915,112.17595615759319,113.20917718496435,113.20917718496435,1000000.0
2023-08-10,GLD,113.20917718496435,114.6941467078782,112.64313129903952,114.1235290625654,114.1235290625654,1000000.0
2023-08-11,GLD,114.1235290625654,114.86910935118449,113.55291141725257,114.2976212449597,114.2976212449597,1000000.0
2023-08-14,GLD,114.2976212449597,115.11844014267766,113.7261331387349,114.5457115847539,114.5457115847539,1000000.0
2023-08-15,GLD,114.5457115847539,115.11844014267766,111.67280713092443,112.23397701600445,112.23397701600445,1000000.0
2023-08-16,GLD,112.23397701600445,113.99118574964731,111.67280713092443,113.42406542253465,113.42406542253465,1000000.0
2023-08-17,GLD,113.42406542253465,113.99118574964731,111.58579908336107,112.14653174207143,112.14653174207143,1000000.0
2023-08-18,GLD,112.14653174207143,114.10394524842849,111.58579908336107,113.53626392878458,113.53626392878458,1000000.0
2023-08-21,GLD,113.53626392878458,116.72239363831898,112.96858260914065,116.1416852122577,116.1416852122577,1000000.0
2023-08-22,GLD,116.1416852122577,116.81213469447118,115.5609767861964,116.23097979549372,116.23097979549372,1000000.0
2023-08-23,GLD,116.23097979549372,117.51363668298383,115.64982489651625,116.92899172436204,116.92899172436204,1000000.0
2023-08-24,GLD,116.92899172436204,118.215992323551,116.34434676574023,117.62785305825972,117.62785305825972,1000000.0
2023-08-25,GLD,117.62785305825972,118.215992323551,115.63930963312033,116.22041169157822,116.22041169157822,1000000.0
2023-08-28,GLD,116.22041169157822,116.8015137500361,114.45228530169722,115.02742241376605,115.02742241376605,1000000.0
2023-08-29,GLD,115.02742241376605,115.60255952583486,113.74259076383359,114.31416157169205,114.31416157169205,1000000.0
2023-08-30,GLD,114.31416157169205,115.07103491745022,113.74259076383359,114.49854220641814,114.49854220641814,1000000.0
2023-08-31,GLD,114.49854220641814,115.9968962564023,113.92604949538604,115.41979727005204,115.41979727005204,1000000.0
2023-09-01,GLD,115.41979727005204,116.14455664856895,114.84269828370178,115.56672303340196,115.56672303340196,1000000.0
2023-09-04,GLD,115.56672303340196,117.36373008550707,114.98888941823495,116.77983093085282,116.77983093085282,1000000.0
2023-09-05,GLD,116.77983093085282,117.36373008550707,115.67070259412476,116.25196240615554,116.25196240615554,1000000.0
2023-09-06,GLD,116.25196240615554,116.83322221818631,114.18383821246928,114.75762634419023,114.75762634419023,1000000.0
2023-09-07,GLD,114.75762634419023,115.38631375898548,114.18383821246928,114.81225249650298,114.81225249650298,1000000.0
2023-09-08,GLD,114.81225249650298,115.38631375898548,114.202762383454,114.77664561151155,114.77664561151155,1000000.0
2023-09-11,GLD,114.77664561151155,115.3505288395691,112.73004295600963,113.29652558392927,113.29652558392927,1000000.0
2023-09-12,GLD,113.29652558392927,114.9797776067694,112.73004295600963,114.40773891220837,114.40773891220837,1000000.0
2023-09-13,GLD,114.40773891220837,114.9797776067694,112.85426288967967,113.42136973837154,113.42136973837154,1000000.0
2023-09-14,GLD,113.42136973837154,113.98847658706339,112.1225457512237,112.68597562937055,112.68597562937055,1000000.0
2023-09-15,GLD,112.68597562937055,113.5082882037736,112.1225457512237,112.94357035201355,112.94357035201355,1000000.0
2023-09-18,GLD,112.94357035201355,113.5082882037736,111.2869882062699,111.84621930278382,111.84621930278382,1000000.0
2023-09-19,GLD,111.84621930278382,113.07915800818942,111.2869882062699,112.5165751325268,112.5165751325268,1000000.0
2023-09-20,GLD,112.5165751325268,113.5137309074048,111.95399225686417,112.94898597751724,112.94898597751724,1000000.0
2023-09-21,GLD,112.94898597751724,114.0207754678882,112.38424104762966,113.45350792824698,113.45350792824698,1000000.0
2023-09-22,GLD,113.45350792824698,114.04628098055683,112.88624038860574,113.47888654781775,113.47888654781775,1000000.0
2023-09-25,GLD,113.47888654781775,114.04628098055683,112.44317448511468,113.00821556292932,113.00821556292932,1000000.0
2023-09-26,GLD,113.00821556292932,113.57325664074396,111.6822686665396,112.24348609702473,112.24348609702473,1000000.0
2023-09-27,GLD,112.24348609702473,113.15762140538403,111.6822686665396,112.59464816456124,112.59464816456124,1000000.0
2023-09-28,GLD,112.59464816456124,114.63481613738489,112.03167492373842,114.0644936690397,114.0644936690397,1000000.0
2023-09-29,GLD,114.0644936690397,115.50937836883101,113.49417120069451,114.93470484460798,114.93470484460798,1000000.0
2023-10-02,GLD,114.93470484460798,115.94553362222857,114.36003132038493,115.36869017137172,115.36869017137172,1000000.0
2023-10-03,GLD,115.36869017137172,117.06908048888158,114.79184672051487,116.4866472526185,116.4866472526185,1000000.0
2023-10-04,GLD,116.4866472526185,118.56667917489912,115.9042140163554,117.97679519890461,117.97679519890461,1000000.0
2023-10-05,GLD,117.97679519890461,118.56667917489912,116.07636927567934,116.65966761374808,116.65966761374808,1000000.0
2023-10-06,GLD,116.65966761374808,117.24770683766145,116.07636927567934,116.66438491309599,116.66438491309599,1000000.0
2023-10-09,GLD,116.66438491309599,118.63495454393788,116.0810629885305,118.04473088949044,118.04473088949044,1000000.0
2023-10-10,GLD,118.04473088949044,118.63495454393788,116.80387567520042,117.39082982432203,117.39082982432203,1000000.0
2023-10-11,GLD,117.39082982432203,117.97778397344362,116.35558143593927,116.94028285019023,116.94028285019023,1000000.0
2023-10-12,GLD,116.94028285019023,118.2559867489475,116.35558143593927,117.66764850641545,117.66764850641545,1000000.0
2023-10-13,GLD,117.66764850641545,118.2559867489475,116.90038147939948,117.48782058231104,117.48782058231104,1000000.0
2023-10-16,GLD,117.48782058231104,119.46682748116581,116.90038147939948,118.87246515538888,118.87246515538888,1000000.0
2023-10-17,GLD,118.87246515538888,119.46682748116581,118.00185928960512,118.59483345688957,118.59483345688957,1000000.0
2023-10-18,GLD,118.59483345688957,119.91615585254833,118.00185928960512,119.31955806223715,119.31955806223715,1000000.0
2023-10-19,GLD,119.31955806223715,122.80821181558728,118.72296027192597,122.19722568715154,122.19722568715154,1000000.0
2023-10-20,GLD,122.19722568715154,124.19421020659375,121.58623955871579,123.5763285637749,123.5763285637749,1000000.0
2023-10-23,GLD,123.5763285637749,124.19421020659375,121.49738606040098,122.10792568884521,122.10792568884521,1000000.0
2023-10-24,GLD,122.10792568884521,122.71846531728943,120.40282498671608,121.00786430825737,121.00786430825737,1000000.0
2023-10-25,GLD,121.00786430825737,121.61290362979864,119.35542567496691,119.95520168338383,119.95520168338383,1000000.0
2023-10-26,GLD,119.95520168338383,120.56989890245958,119.35542567496691,119.97004865916378,119.97004865916378,1000000.0
2023-10-27,GLD,119.97004865916378,120.56989890245958,117.90032417282654,118.49278811339352,118.49278811339352,1000000.0
2023-10-30,GLD,118.49278811339352,119.76978609091154,117.90032417282654,119.1739165083697,119.1739165083697,1000000.0
