timestamp,symbol,open,high,low,close,adjusted_close,volume
2019-01-01,QQQ,100.29620722555916,100.79768826168694,99.79472618943136,100.29620722555916,100.29620722555916,1000000.0
2019-01-02,QQQ,100.29620722555916,100.79768826168694,99.16841916252973,99.66675292716556,99.66675292716556,1000000.0
2019-01-03,QQQ,99.66675292716556,100.16508669180138,98.68666020340888,99.18257306875265,99.18257306875265,1000000.0
2019-01-04,QQQ,99.18257306875265,99.6784859340964,95.65143576165143,96.13209624286576,96.13209624286576,1000000.0
2019-01-07,QQQ,96.13209624286576,98.94923943478892,95.65143576165143,98.45695466148152,98.45695466148152,1000000.0
2019-01-08,QQQ,98.45695466148152,100.48225472382504,97.96466988817411,99.98234300878114,99.98234300878114,1000000.0
2019-01-09,QQQ,99.98234300878114,100.48225472382504,99.11200376321699,99.6100540333839,99.6100540333839,1000000.0
2019-01-10,QQQ,99.6100540333839,101.170795252644,99.11200376321699,100.66745796282986,100.66745796282986,1000000.0
2019-01-11,QQQ,100.66745796282986,101.59210947208864,100.1641206730157,101.0866760916305,101.0866760916305,1000000.0
2019-01-14,QQQ,101.0866760916305,101.59210947208864,99.90963118283219,100.41168963098713,100.41168963098713,1000000.0
2019-01-15,QQQ,100.41168963098713,102.25549654744187,99.90963118283219,101.74676273377301,101.74676273377301,1000000.0
2019-01-16,QQQ,101.74676273377301,102.25549654744187,100.88055881072138,101.38749629218229,101.38749629218229,1000000.0
2019-01-17,QQQ,101.38749629218229,101.89443377364319,100.50048167255706,101.0055092186503,101.0055092186503,1000000.0
2019-01-18,QQQ,101.0055092186503,101.51053676474355,99.520595473618,100.02069896846031,100.02069896846031,1000000.0
2019-01-21,QQQ,100.02069896846031,101.16766102445676,99.520595473618,100.66433932781769,100.66433932781769,1000000.0
2019-01-22,QQQ,100.66433932781769,101.16766102445676,100.0819642418866,100.58488868531316,100.58488868531316,1000000.0
2019-01-23,QQQ,100.58488868531316,101.85786176135277,100.0819642418866,101.35110623020176,101.35110623020176,1000000.0
2019-01-24,QQQ,101.35110623020176,101.85786176135277,100.10151608059486,100.6045387744672,100.6045387744672,1000000.0
2019-01-25,QQQ,100.6045387744672,101.32505113868307,100.10151608059486,100.82094640664982,100.82094640664982,1000000.0
2019-01-28,QQQ,100.82094640664982,101.32505113868307,99.20952534605222,99.70806567442433,99.70806567442433,1000000.0
2019-01-29,QQQ,99.70806567442433,101.35945501683678,99.20952534605222,100.85517912123063,100.85517912123063,1000000.0
2019-01-30,QQQ,100.85517912123063,101.658343301349,100.35090322562448,101.15258039935226,101.15258039935226,1000000.0
2019-01-31,QQQ,101.15258039935226,102.14721310642328,100.6468174973555,101.63901801634158,101.63901801634158,1000000.0
2019-02-01,QQQ,101.63901801634158,102.74514374069658,101.13082292625987,102.23397387133988,102.23397387133988,1000000.0
2019-02-04,QQQ,102.23397387133988,102.74514374069658,100.44513505285941,100.94988447523559,100.94988447523559,1000000.0
2019-02-05,QQQ,100.94988447523559,102.54411485766691,100.44513505285941,102.03394513200689,102.03394513200689,1000000.0
2019-02-06,QQQ,102.03394513200689,105.37550739865007,101.52377540634686,104.85125114293541,104.85125114293541,1000000.0
2019-02-07,QQQ,104.85125114293541,105.37550739865007,102.17943103291346,102.69289551046579,102.69289551046579,1000000.0
2019-02-08,QQQ,102.69289551046579,103.20635998801811,99.95779496320621,100.46009544040825,100.46009544040825,1000000.0
2019-02-11,QQQ,100.46009544040825,100.96239591761028,98.0703656789358,98.56318158687016,98.56318158687016,1000000.0
2019-02-12,QQQ,98.56318158687016,100.19560116128012,98.0703656789358,99.69711558336331,99.69711558336331,1000000.0
2019-02-13,QQQ,99.69711558336331,100.4135934125579,99.1986300054465,99.91402329607753,99.91402329607753,1000000.0
2019-02-14,QQQ,99.91402329607753,101.88207758530409,99.41445317959715,101.37520157741702,101.37520157741702,1000000.0
2019-02-15,QQQ,101.37520157741702,102.89485521894869,100.86832556952993,102.38294051636687,102.38294051636687,1000000.0
2019-02-18,QQQ,102.38294051636687,103.22851027810023,101.87102581378504,102.71493560009975,102.71493560009975,1000000.0
2019-02-19,QQQ,102.71493560009975,103.66220387705374,102.20136092209925,103.14647151945647,103.14647151945647,1000000.0
2019-02-20,QQQ,103.14647151945647,103.66220387705374,102.45570956205962,102.97056237392927,102.97056237392927,1000000.0
2019-02-21,QQQ,102.97056237392927,104.71272722243482,102.45570956205962,104.19176838053217,104.19176838053217,1000000.0
2019-02-22,QQQ,104.19176838053217,104.71272722243482,102.21048634328109,102.72410687766944,102.72410687766944,1000000.0
2019-02-25,QQQ,102.72410687766944,103.23772741205778,101.70231988581243,102.21338681991199,102.21338681991199,1000000.0
2019-02-26,QQQ,102.21338681991199,103.10092906573473,101.70231988581243,102.58798912013407,102.58798912013407,1000000.0
2019-02-27,QQQ,102.58798912013407,105.59667388225607,102.0750491745334,105.07131729577719,105.07131729577719,1000000.0
2019-02-28,QQQ,105.07131729577719,105.59667388225607,103.5638941080296,104.0843156864619,104.0843156864619,1000000.0
2019-03-01,QQQ,104.0843156864619,104.60473726489421,102.17233747587345,102.6857663074105,102.6857663074105,1000000.0
2019-03-04,QQQ,102.6857663074105,103.19919513894754,101.47761548442594,101.98755325067934,101.98755325067934,1000000.0
2019-03-05,QQQ,101.98755325067934,103.84909741116763,101.47761548442594,103.33243523499269,103.33243523499269,1000000.0
2019-03-06,QQQ,103.33243523499269,103.84909741116763,102.55340672323389,103.06875047561195,103.06875047561195,1000000.0
2019-03-07,QQQ,103.06875047561195,105.43559564349303,102.55340672323389,104.9110404412866,104.9110404412866,1000000.0
2019-03-08,QQQ,104.9110404412866,105.43559564349303,101.92704697032,102.43924318625126,102.43924318625126,1000000.0
2019-03-11,QQQ,102.43924318625126,104.52520262648432,101.92704697032,104.00517674277047,104.00517674277047,1000000.0
2019-03-12,QQQ,104.00517674277047,105.99389275204538,103.48515085905662,105.46655995228397,105.46655995228397,1000000.0
2019-03-13,QQQ,105.46655995228397,105.99389275204538,103.07313034061625,103.59108576946356,103.59108576946356,1000000.0
2019-03-14,QQQ,103.59108576946356,104.36928085467278,103.07313034061625,103.85003070116696,103.85003070116696,1000000.0
2019-03-15,QQQ,103.85003070116696,106.08495514254895,103.33078054766112,105.55716929606862,105.55716929606862,1000000.0
2019-03-18,QQQ,105.55716929606862,106.25939041445868,105.02938344958828,105.73073673080467,105.73073673080467,1000000.0
2019-03-19,QQQ,105.73073673080467,107.70320074037312,105.20208304715064,107.16736392076929,107.16736392076929,1000000.0
2019-03-20,QQQ,107.16736392076929,111.13579507318664,106.63152710116545,110.58288066983746,110.58288066983746,1000000.0
2019-03-21,QQQ,110.58288066983746,111.58804850255187,110.02996626648827,111.03288408214118,111.03288408214118,1000000.0
2019-03-22,QQQ,111.03288408214118,111.58804850255187,110.1308163249866,110.68423751254934,110.68423751254934,1000000.0
2019-03-25,QQQ,110.68423751254934,111.23765870011208,109.08694452333258,109.63512012395233,109.63512012395233,1000000.0
2019-03-26,QQQ,109.63512012395233,111.17106527573448,109.08694452333258,110.61797539874078,110.61797539874078,1000000.0
2019-03-27,QQQ,110.61797539874078,111.17106527573448,109.83866083290833,110.39061390242044,110.39061390242044,1000000.0
2019-03-28,QQQ,110.39061390242044,110.94256697193254,109.63853030214129,110.18947769059426,110.18947769059426,1000000.0
2019-03-29,QQQ,110.18947769059426,110.74042507904721,109.54336403710654,110.09383320312216,110.09383320312216,1000000.0
2019-04-01,QQQ,110.09383320312216,111.63882439408329,109.54336403710654,111.08340735729682,111.08340735729682,1000000.0
2019-04-02,QQQ,111.08340735729682,111.63882439408329,109.060893258841,109.60893794858393,109.60893794858393,1000000.0
2019-04-03,QQQ,109.60893794858393,110.15698263832684,106.96674434210654,107.50426567045884,107.50426567045884,1000000.0
2019-04-04,QQQ,107.50426567045884,108.04178699881112,103.68708738665372,104.20812802678765,104.20812802678765,1000000.0
2019-04-05,QQQ,104.20812802678765,106.42711594818181,103.68708738665372,105.89762780913614,105.89762780913614,1000000.0
2019-04-08,QQQ,105.89762780913614,106.58253987237781,105.36813967009046,106.05227847997793,106.05227847997793,1000000.0
2019-04-09,QQQ,106.05227847997793,108.74995537471261,105.52201708757804,108.20891082060957,108.20891082060957,1000000.0
2019-04-10,QQQ,108.20891082060957,108.79167639205686,107.66786626650652,108.25042427070335,108.25042427070335,1000000.0
2019-04-11,QQQ,108.25042427070335,108.79167639205686,106.72833956817283,107.26466288258575,107.26466288258575,1000000.0
2019-04-12,QQQ,107.26466288258575,108.52709743160553,106.72833956817283,107.98716162348809,107.98716162348809,1000000.0
2019-04-15,QQQ,107.98716162348809,108.52709743160553,107.39398286179033,107.93365111737722,107.93365111737722,1000000.0
2019-04-16,QQQ,107.93365111737722,108.4733193729641,105.71002459064512,106.24123074436696,106.24123074436696,1000000.0
2019-04-17,QQQ,106.24123074436696,106.77243689808878,104.55297312755813,105.07836495231973,105.07836495231973,1000000.0
2019-04-18,QQQ,105.07836495231973,108.11138922269913,104.55297312755813,107.57352161462602,107.57352161462602,1000000.0
2019-04-19,QQQ,107.57352161462602,108.66487828317908,107.03565400655289,108.12425699818814,108.12425699818814,1000000.0
2019-04-22,QQQ,108.12425699818814,109.30931984207271,107.5836357131972,108.76549238017186,108.76549238017186,1000000.0
2019-04-23,QQQ,108.76549238017186,109.30931984207271,107.88721806694892,108.42936489140595,108.42936489140595,1000000.0
2019-04-24,QQQ,108.42936489140595,108.97151171586297,106.97766239453945,107.51523858747683,107.51523858747683,1000000.0
2019-04-25,QQQ,107.51523858747683,109.36726902035117,106.97766239453945,108.82315325408078,108.82315325408078,1000000.0
2019-04-26,QQQ,108.82315325408078,109.36726902035117,108.1859419793736,108.72958992901869,108.72958992901869,1000000.0
2019-04-29,QQQ,108.72958992901869,109.27323787866376,107.17714499844249,107.71572361652511,107.71572361652511,1000000.0
2019-04-30,QQQ,107.71572361652511,108.25430223460772,107.04393476997627,107.5818439899259,107.5818439899259,1000000.0
2019-05-01,QQQ,107.5818439899259,108.11975320987551,105.8440174969244,106.37589698183356,106.37589698183356,1000000.0
2019-05-02,QQQ,106.37589698183356,107.22582843742751,105.8440174969244,106.69236660440549,106.69236660440549,1000000.0
2019-05-03,QQQ,106.69236660440549,108.8659289728479,106.15890477138346,108.32430743566957,108.32430743566957,1000000.0
2019-05-06,QQQ,108.32430743566957,108.8659289728479,106.67085001303413,107.20688443521018,107.20688443521018,1000000.0
2019-05-07,QQQ,107.20688443521018,109.81741034094179,106.67085001303413,109.27105506561374,109.27105506561374,1000000.0
2019-05-08,QQQ,109.27105506561374,109.81741034094179,107.83906080390165,108.38096563206196,108.38096563206196,1000000.0
2019-05-09,QQQ,108.38096563206196,109.19490223739969,107.83906080390165,108.65164401731313,108.65164401731313,1000000.0
2019-05-10,QQQ,108.65164401731313,109.19490223739969,106.9927709805255,107.53042309600553,107.53042309600553,1000000.0
2019-05-13,QQQ,107.53042309600553,108.06807521148555,106.73746422731335,107.27383339428478,107.27383339428478,1000000.0
2019-05-14,QQQ,107.27383339428478,107.93061368600885,106.73746422731335,107.39364545871528,107.39364545871528,1000000.0
2019-05-15,QQQ,107.39364545871528,107.93061368600885,106.3076838332027,106.84189329970121,106.84189329970121,1000000.0
2019-05-16,QQQ,106.84189329970121,107.37610276619971,105.39340094392495,105.92301602404517,105.92301602404517,1000000.0
2019-05-17,QQQ,105.92301602404517,106.45263110416538,104.52094730834996,105.0461781993467,105.0461781993467,1000000.0
2019-05-20,QQQ,105.0461781993467,105.57140909034342,103.46283071599012,103.98274443818103,103.98274443818103,1000000.0
2019-05-21,QQQ,103.98274443818103,104.50265816037192,101.4231516159575,101.93281569442965,101.93281569442965,1000000.0
2019-05-22,QQQ,101.93281569442965,102.44247977290179,101.12756905839193,101.63574779737883,101.63574779737883,1000000.0
2019-05-23,QQQ,101.63574779737883,102.72935615894424,101.12756905839193,102.2182648347704,102.2182648347704,1000000.0
2019-05-24,QQQ,102.2182648347704,104.00168957489106,101.70717351059655,103.48426823372246,103.48426823372246,1000000.0
2019-05-27,QQQ,103.48426823372246,104.9327302325993,102.96684689255385,104.41067684835753,104.41067684835753,1000000.0
2019-05-28,QQQ,104.41067684835753,108.39314567039159,103.88862346411574,107.85387628894686,107.85387628894686,1000000.0
2019-05-29,QQQ,107.85387628894686,108.89757008701135,107.31460690750212,108.35579113135458,108.35579113135458,1000000.0
2019-05-30,QQQ,108.35579113135458,108.89757008701135,107.22991767437414,107.76876148178305,107.76876148178305,1000000.0
2019-05-31,QQQ,107.76876148178305,111.03068739255562,107.22991767437414,110.47829591299067,110.47829591299067,1000000.0
2019-06-03,QQQ,110.47829591299067,111.03068739255562,108.49376517973595,109.03895997963411,109.03895997963411,1000000.0
2019-06-04,QQQ,109.03895997963411,111.0280641799991,108.49376517973595,110.4756857512429,110.4756857512429,1000000.0
2019-06-05,QQQ,110.4756857512429,111.0280641799991,108.62113854547435,109.16697341253703,109.16697341253703,1000000.0
2019-06-06,QQQ,109.16697341253703,110.27415346154609,108.62113854547435,109.72552583238418,109.72552583238418,1000000.0
2019-06-07,QQQ,109.72552583238418,110.27415346154609,106.47181776811215,107.00685202825342,107.00685202825342,1000000.0
2019-06-10,QQQ,107.00685202825342,108.86090536661277,106.47181776811215,108.31930882250028,108.31930882250028,1000000.0
2019-06-11,QQQ,108.31930882250028,108.86090536661277,107.61000938616367,108.15076320217455,108.15076320217455,1000000.0
2019-06-12,QQQ,108.15076320217455,108.69151701818541,106.31791549975394,106.85217638166225,106.85217638166225,1000000.0
2019-06-13,QQQ,106.85217638166225,109.81019101824641,106.31791549975394,109.26387165994669,109.26387165994669,1000000.0
2019-06-14,QQQ,109.26387165994669,110.96368105083302,108.71755230164695,110.41162293615227,110.41162293615227,1000000.0
2019-06-17,QQQ,110.41162293615227,111.08530857981454,109.85956482147151,110.5326453530493,110.5326453530493,1000000.0
2019-06-18,QQQ,110.5326453530493,111.08530857981454,108.97381287455914,109.5214199744313,109.5214199744313,1000000.0
2019-06-19,QQQ,109.5214199744313,110.06902707430343,108.96686997395905,109.51444218488346,109.51444218488346,1000000.0
2019-06-20,QQQ,109.51444218488346,110.06201439580786,108.78928182344451,109.33596163160253,109.33596163160253,1000000.0
2019-06-21,QQQ,109.33596163160253,110.97833417716018,108.78928182344451,110.42620316135343,110.42620316135343,1000000.0
2019-06-24,QQQ,110.42620316135343,112.19180733552673,109.87407214554666,111.63363913982761,111.63363913982761,1000000.0
2019-06-25,QQQ,111.63363913982761,112.19180733552673,110.17048787782126,110.72410841992087,110.72410841992087,1000000.0
2019-06-26,QQQ,110.72410841992087,111.27772896202046,109.44118027157678,109.99113595133345,109.99113595133345,1000000.0
2019-06-27,QQQ,109.99113595133345,110.5410916310901,108.74116107563981,109.28759907099479,109.28759907099479,1000000.0
2019-06-28,QQQ,109.28759907099479,109.83403706634975,106.90378934802514,107.44099431962326,107.44099431962326,1000000.0
2019-07-01,QQQ,107.44099431962326,107.97819929122136,106.13785749248377,106.6712135602852,106.6712135602852,1000000.0
2019-07-02,QQQ,106.6712135602852,107.20456962808662,106.06344859321217,106.59643074694691,106.59643074694691,1000000.0
2019-07-03,QQQ,106.59643074694691,108.15008575097798,106.06344859321217,107.61202562286367,107.61202562286367,1000000.0
2019-07-04,QQQ,107.61202562286367,110.0775237193368,107.07396549474934,109.52987434759882,109.52987434759882,1000000.0
2019-07-05,QQQ,109.52987434759882,110.0775237193368,107.89691697881307,108.43911254152067,108.43911254152067,1000000.0
2019-07-08,QQQ,108.43911254152067,109.81960632953171,107.89691697881307,109.27324012888728,109.27324012888728,1000000.0
2019-07-09,QQQ,109.27324012888728,109.81960632953171,108.15453187067543,108.69802198057832,108.69802198057832,1000000.0
2019-07-10,QQQ,108.69802198057832,112.28480883308993,108.15453187067543,111.72617794337307,111.72617794337307,1000000.0
2019-07-11,QQQ,111.72617794337307,112.28480883308993,111.1527176161562,111.71127398608662,111.71127398608662,1000000.0
2019-07-12,QQQ,111.71127398608662,113.06160238834586,111.1527176161562,112.49910685407549,112.49910685407549,1000000.0
2019-07-15,QQQ,112.49910685407549,113.06160238834586,110.6378918155165,111.19386112112211,111.19386112112211,1000000.0
2019-07-16,QQQ,111.19386112112211,111.74983042672771,109.53275858636339,110.08317445865667,110.08317445865667,1000000.0
2019-07-17,QQQ,110.08317445865667,110.97953244623942,109.53275858636339,110.42739546889496,110.42739546889496,1000000.0
2019-07-18,QQQ,110.42739546889496,110.97953244623942,109.3827282801242,109.9323902312806,109.9323902312806,1000000.0
2019-07-19,QQQ,109.9323902312806,111.04614501505546,109.3827282801242,110.493676631896,110.493676631896,1000000.0
2019-07-22,QQQ,110.493676631896,111.04614501505546,107.78538120065228,108.3270162820626,108.3270162820626,1000000.0
2019-07-23,QQQ,108.3270162820626,109.8645437857335,107.78538120065228,109.31795401565523,109.31795401565523,1000000.0
2019-07-24,QQQ,109.31795401565523,109.8645437857335,107.5606483150732,108.1011540855007,108.1011540855007,1000000.0
2019-07-25,QQQ,108.1011540855007,111.15731457016106,107.5606483150732,110.60429310463789,110.60429310463789,1000000.0
2019-07-26,QQQ,110.60429310463789,111.15731457016106,109.69417745195317,110.24540447432479,110.24540447432479,1000000.0
2019-07-29,QQQ,110.24540447432479,112.44461818979924,109.69417745195317,111.88519222865598,111.88519222865598,1000000.0
2019-07-30,QQQ,111.88519222865598,112.44461818979924,109.37976956127717,109.92941664449967,109.92941664449967,1000000.0
2019-07-31,QQQ,109.92941664449967,111.15241145291422,109.37976956127717,110.59941438100918,110.59941438100918,1000000.0
2019-08-01,QQQ,110.59941438100918,111.15241145291422,108.83770926293573,109.38463242506104,109.38463242506104,1000000.0
2019-08-02,QQQ,109.38463242506104,109.93155558718634,108.20507930393396,108.74882342103915,108.74882342103915,1000000.0
2019-08-05,QQQ,108.74882342103915,109.3821971768792,108.20507930393396,108.83800714117335,108.83800714117335,1000000.0
2019-08-06,QQQ,108.83800714117335,109.3821971768792,107.90228913401313,108.44451169247552,108.44451169247552,1000000.0
2019-08-07,QQQ,108.44451169247552,109.41647730103242,107.90228913401313,108.8721167174452,108.8721167174452,1000000.0
2019-08-08,QQQ,108.8721167174452,110.54039440731621,108.32775613385797,109.99044219633456,109.99044219633456,1000000.0
2019-08-09,QQQ,109.99044219633456,111.53820547536188,109.44048998535288,110.98328903021084,110.98328903021084,1000000.0
2019-08-12,QQQ,110.98328903021084,111.53820547536188,110.35802349780302,110.91258642995278,110.91258642995278,1000000.0
2019-08-13,QQQ,110.91258642995278,111.46714936210253,108.47342834812409,109.01852095288854,109.01852095288854,1000000.0
2019-08-14,QQQ,109.01852095288854,109.56361355765297,107.3983526589088,107.93804287327518,107.93804287327518,1000000.0
2019-08-15,QQQ,107.93804287327518,108.47773308764154,107.17896559031762,107.71755335710313,107.71755335710313,1000000.0
2019-08-16,QQQ,107.71755335710313,108.25614112388864,104.31511554455598,104.83931210508139,104.83931210508139,1000000.0
2019-08-19,QQQ,104.83931210508139,106.45191770195552,104.31511554455598,105.92230617110003,105.92230617110003,1000000.0
2019-08-20,QQQ,105.92230617110003,106.45191770195552,105.11742161199128,105.64564986129777,105.64564986129777,1000000.0
2019-08-21,QQQ,105.64564986129777,106.17387811060425,104.82694792368648,105.35371650621757,105.35371650621757,1000000.0
2019-08-22,QQQ,105.35371650621757,107.2475645704255,104.82694792368648,106.71399459743832,106.71399459743832,1000000.0
2019-08-23,QQQ,106.71399459743832,108.23693710039106,106.18042462445112,107.69844487601101,107.69844487601101,1000000.0
2019-08-26,QQQ,107.69844487601101,108.6026380591665,107.15995265163096,108.06232642703135,108.06232642703135,1000000.0
2019-08-27,QQQ,108.06232642703135,108.6026380591665,106.18451397779769,106.71810450029919,106.71810450029919,1000000.0
2019-08-28,QQQ,106.71810450029919,107.7392377778551,106.18451397779769,107.20322166950757,107.20322166950757,1000000.0
2019-08-29,QQQ,107.20322166950757,108.27931630475086,106.66720556116003,107.74061323855808,107.74061323855808,1000000.0
2019-08-30,QQQ,107.74061323855808,108.27931630475086,106.02893344676667,106.56174215755445,106.56174215755445,1000000.0
2019-09-02,QQQ,106.56174215755445,108.6112671538776,106.02893344676667,108.070912590923,108.070912590923,1000000.0
2019-09-03,QQQ,108.070912590923,109.38542830130399,107.53055802796838,108.84122219035224,108.84122219035224,1000000.0
2019-09-04,QQQ,108.84122219035224,109.38542830130399,105.61205104470827,106.14276486905354,106.14276486905354,1000000.0
2019-09-05,QQQ,106.14276486905354,106.89616157339724,105.61205104470827,106.36433987402711,106.36433987402711,1000000.0
2019-09-06,QQQ,106.36433987402711,106.89616157339724,104.15880997529338,104.68222108069686,104.68222108069686,1000000.0
2019-09-09,QQQ,104.68222108069686,106.82467441482214,104.15880997529338,106.29320837295737,106.29320837295737,1000000.0
2019-09-10,QQQ,106.29320837295737,108.0052996913627,105.76174233109258,107.46795989190319,107.46795989190319,1000000.0
2019-09-11,QQQ,107.46795989190319,108.0052996913627,105.4601898227774,105.99014052540441,105.99014052540441,1000000.0
2019-09-12,QQQ,105.99014052540441,106.52009122803142,104.30613583125886,104.83028726759684,104.83028726759684,1000000.0
2019-09-13,QQQ,104.83028726759684,105.5467903469429,104.30613583125886,105.02168193725663,105.02168193725663,1000000.0
2019-09-16,QQQ,105.02168193725663,105.5467903469429,104.22476208112325,104.74850460414396,104.74850460414396,1000000.0
2019-09-17,QQQ,104.74850460414396,107.43408152798534,104.22476208112325,106.89958360993568,106.89958360993568,1000000.0
2019-09-18,QQQ,106.89958360993568,108.52820835418788,106.365085691886,107.98826701909243,107.98826701909243,1000000.0
2019-09-19,QQQ,107.98826701909243,108.52820835418788,107.10808732123401,107.64631891581307,107.64631891581307,1000000.0
2019-09-20,QQQ,107.64631891581307,109.05416843927287,107.10808732123401,108.5116103873362,108.5116103873362,1000000.0
2019-09-23,QQQ,108.5116103873362,109.05416843927287,105.206491284529,105.73516712012965,105.73516712012965,1000000.0
2019-09-24,QQQ,105.73516712012965,106.74612235402745,105.206491284529,106.21504711843528,106.21504711843528,1000000.0
2019-09-25,QQQ,106.21504711843528,108.00922268001361,105.6839718828431,107.47186336319763,107.47186336319763,1000000.0
2019-09-26,QQQ,107.47186336319763,108.00922268001361,106.73937896491852,107.27575775368695,107.27575775368695,1000000.0
2019-09-27,QQQ,107.27575775368695,107.81213654245536,105.81130520423108,106.34302030575988,106.34302030575988,1000000.0
2019-09-30,QQQ,106.34302030575988,107.71763217701758,105.81130520423108,107.18172355922148,107.18172355922148,1000000.0
2019-10-01,QQQ,107.18172355922148,110.55081482084144,106.64581494142537,110.00081076700641,110.00081076700641,1000000.0
2019-10-02,QQQ,110.00081076700641,110.90107348099187,109.45080671317137,110.34932684675809,110.34932684675809,1000000.0
2019-10-03,QQQ,110.34932684675809,110.90107348099187,108.2636743748496,108.80771293954734,108.80771293954734,1000000.0
2019-10-04,QQQ,108.80771293954734,111.48223230209773,108.2636743748496,110.92759433044552,110.92759433044552,1000000.0
2019-10-07,QQQ,110.92759433044552,111.48223230209773,107.76404042594528,108.30556826728169,108.30556826728169,1000000.0
2019-10-08,QQQ,108.30556826728169,109.61626562898131,107.76404042594528,109.07091107361326,109.07091107361326,1000000.0
2019-10-09,QQQ,109.07091107361326,109.61626562898131,107.7614813492029,108.30299633085718,108.30299633085718,1000000.0
2019-10-10,QQQ,108.30299633085718,110.22438389324331,107.7614813492029,109.67600387387395,109.67600387387395,1000000.0
2019-10-11,QQQ,109.67600387387395,110.22438389324331,107.98311708038939,108.52574580943657,108.52574580943657,1000000.0
2019-10-14,QQQ,108.52574580943657,111.01718358304254,107.98311708038939,110.4648592866095,110.4648592866095,1000000.0
2019-10-15,QQQ,110.4648592866095,111.50713128420733,109.91253499017645,110.95236943702223,110.95236943702223,1000000.0
2019-10-16,QQQ,110.95236943702223,111.50713128420733,108.00089725620806,108.54361533287242,108.54361533287242,1000000.0
2019-10-17,QQQ,108.54361533287242,109.08633340953678,105.31753880807818,105.84677267143536,105.84677267143536,1000000.0
2019-10-18,QQQ,105.84677267143536,106.37600653479252,104.93810750052869,105.46543467389817,105.46543467389817,1000000.0
2019-10-21,QQQ,105.46543467389817,107.84505903607727,104.93810750052869,107.30851645380824,107.30851645380824,1000000.0
2019-10-22,QQQ,107.30851645380824,108.07732562552295,106.7719738715392,107.53962748808254,107.53962748808254,1000000.0
2019-10-23,QQQ,107.53962748808254,108.22577107912352,107.00192935064213,107.68733440708809,107.68733440708809,1000000.0
2019-10-24,QQQ,107.68733440708809,108.22577107912352,106.87422597682854,107.4112823887724,107.4112823887724,1000000.0
2019-10-25,QQQ,107.4112823887724,109.04334573262659,106.87422597682854,108.50084152500159,108.50084152500159,1000000.0
2019-10-28,QQQ,108.50084152500159,109.63434791585568,107.95833731737658,109.08890339886139,109.08890339886139,1000000.0
2019-10-29,QQQ,109.08890339886139,110.08966995996026,108.54345888186708,109.54196015916445,109.54196015916445,1000000.0
2019-10-30,QQQ,109.54196015916445,110.08966995996026,107.6616817120314,108.20269518797126,108.20269518797126,1000000.0
2019-10-31,QQQ,108.20269518797126,110.4912033324325,107.6616817120314,109.94149585316669,109.94149585316669,1000000.0
2019-11-01,QQQ,109.94149585316669,112.5228098486764,109.39178837390085,111.9629948743049,111.9629948743049,1000000.0
2019-11-04,QQQ,111.9629948743049,112.5228098486764,109.58913936354926,110.13983855633091,110.13983855633091,1000000.0
2019-11-05,QQQ,110.13983855633091,114.10941813411604,109.58913936354926,113.54170958618512,113.54170958618512,1000000.0
2019-11-06,QQQ,113.54170958618512,115.24385734529211,112.9740010382542,114.6705048211862,114.6705048211862,1000000.0
2019-11-07,QQQ,114.6705048211862,115.24385734529211,113.432304248981,114.00231582812161,114.00231582812161,1000000.0
2019-11-08,QQQ,114.00231582812161,114.57232740726221,110.71392185996619,111.27027322609668,111.27027322609668,1000000.0
2019-11-11,QQQ,111.27027322609668,112.84200794943736,110.71392185996619,112.2806049248133,112.2806049248133,1000000.0
2019-11-12,QQQ,112.2806049248133,113.71966358340524,111.71920190018923,113.15389411284104,113.15389411284104,1000000.0
2019-11-13,QQQ,113.15389411284104,113.71966358340524,111.77557109556454,112.33725738247693,112.33725738247693,1000000.0
2019-11-14,QQQ,112.33725738247693,112.89894366938931,109.25841311933267,109.80745037118862,109.80745037118862,1000000.0
2019-11-15,QQQ,109.80745037118862,112.03755416696416,109.25841311933267,111.48015339996435,111.48015339996435,1000000.0
2019-11-18,QQQ,111.48015339996435,112.03755416696416,110.13268767322668,110.68611826454944,110.68611826454944,1000000.0
2019-11-19,QQQ,110.68611826454944,111.23954885587217,109.5140886501903,110.06441070370884,110.06441070370884,1000000.0
2019-11-20,QQQ,110.06441070370884,114.84078303949923,109.5140886501903,114.26943586019824,114.26943586019824,1000000.0
2019-11-21,QQQ,114.26943586019824,118.12109325763336,113.69808868089726,117.53342612699838,117.53342612699838,1000000.0
2019-11-22,QQQ,117.53342612699838,119.6545558168084,116.94575899636338,119.05925951921235,119.05925951921235,1000000.0
2019-11-25,QQQ,119.05925951921235,119.6545558168084,117.82356965683722,118.41564789631882,118.41564789631882,1000000.0
2019-11-26,QQQ,118.41564789631882,120.07678499126808,117.82356965683722,119.47938805101303,119.47938805101303,1000000.0
2019-11-27,QQQ,119.47938805101303,120.07678499126808,115.46555064251584,116.04577954021693,116.04577954021693,1000000.0
2019-11-28,QQQ,116.04577954021693,116.84604704392648,115.46555064251584,116.26472342679253,116.26472342679253,1000000.0
2019-11-29,QQQ,116.26472342679253,116.84604704392648,114.60363354388407,115.17953119988348,115.17953119988348,1000000.0
2019-12-02,QQQ,115.17953119988348,115.75542885588288,112.76056120578168,113.32719719174038,113.32719719174038,1000000.0
2019-12-03,QQQ,113.32719719174038,113.89383317769907,110.51930208350846,111.07467546081253,111.07467546081253,1000000.0
2019-12-04,QQQ,111.07467546081253,112.45094805797298,110.51930208350846,111.89149060494825,111.89149060494825,1000000.0
2019-12-05,QQQ,111.89149060494825,112.63787357311176,111.3320331519235,112.07748614239978,112.07748614239978,1000000.0
2019-12-06,QQQ,112.07748614239978,112.92844880963301,111.51709871168778,112.36661573097813,112.36661573097813,1000000.0
2019-12-09,QQQ,112.36661573097813,114.22901200117659,111.80478265232324,113.66070845888218,113.66070845888218,1000000.0
2019-12-10,QQQ,113.66070845888218,114.22901200117659,111.91124907309961,112.47361715889409,112.47361715889409,1000000.0
2019-12-11,QQQ,112.47361715889409,113.03598524468855,110.18310141478896,110.73678534149644,110.73678534149644,1000000.0
2019-12-12,QQQ,110.73678534149644,111.2904692682039,107.7216720772439,108.26298701230542,108.26298701230542,1000000.0
2019-12-13,QQQ,108.26298701230542,108.80430194736694,107.30693021202792,107.84616101711349,107.84616101711349,1000000.0
2019-12-16,QQQ,107.84616101711349,109.51651380033738,107.30693021202792,108.97165552272376,108.97165552272376,1000000.0
2019-12-17,QQQ,108.97165552272376,109.51651380033738,108.27050371237644,108.8145765953532,108.8145765953532,1000000.0
2019-12-18,QQQ,108.8145765953532,110.32907706268118,108.27050371237644,109.78017618177233,109.78017618177233,1000000.0
2019-12-19,QQQ,109.78017618177233,110.32907706268118,107.62077743042134,108.16158535720739,108.16158535720739,1000000.0
2019-12-20,QQQ,108.16158535720739,108.70239328399342,107.01993768064094,107.55772631220195,107.55772631220195,1000000.0
2019-12-23,QQQ,107.55772631220195,108.09551494376295,106.01260198642126,106.5453286295691,106.5453286295691,1000000.0
2019-12-24,QQQ,106.5453286295691,107.07805527271694,104.35818435095166,104.88259733763987,104.88259733763987,1000000.0
2019-12-25,QQQ,104.88259733763987,108.04008346865226,104.35818435095166,107.5025706155744,107.5025706155744,1000000.0
2019-12-26,QQQ,107.5025706155744,109.29822239782263,106.96505776249653,108.7544501470872,108.7544501470872,1000000.0
2019-12-27,QQQ,108.7544501470872,109.29822239782263,107.19789808422138,107.73658098916721,107.73658098916721,1000000.0
2019-12-30,QQQ,107.73658098916721,108.27526389411304,106.18877615657136,106.72238809705665,106.72238809705665,1000000.0
2019-12-31,QQQ,106.72238809705665,107.25600003754192,106.16291606323547,106.69639805350299,106.69639805350299,1000000.0
2020-01-01,QQQ,106.69639805350299,107.22988004377049,104.24335915295812,104.76719512860113,104.76719512860113,1000000.0
2020-01-02,QQQ,104.76719512860113,105.94223513022453,104.24335915295812,105.41515933355676,105.41515933355676,1000000.0
2020-01-03,QQQ,105.41515933355676,105.94223513022453,103.18967571881355,103.70821680282769,103.70821680282769,1000000.0
2020-01-06,QQQ,103.70821680282769,104.22675788684182,102.74530695047397,103.26161502560198,103.26161502560198,1000000.0
2020-01-07,QQQ,103.26161502560198,103.77792310072998,101.43624608777124,101.94597596760929,101.94597596760929,1000000.0
2020-01-08,QQQ,101.94597596760929,102.45570584744732,100.8558687941053,101.36268220513097,101.36268220513097,1000000.0
2020-01-09,QQQ,101.36268220513097,101.86949561615661,99.1751434326752,99.67351098761327,99.67351098761327,1000000.0
2020-01-10,QQQ,99.67351098761327,100.17187854255133,97.21652684731244,97.7050521078517,97.7050521078517,1000000.0
2020-01-13,QQQ,97.7050521078517,98.19357736839095,96.05115315261818,96.53382226393788,96.53382226393788,1000000.0
2020-01-14,QQQ,96.53382226393788,97.01649137525756,95.25340550930751,95.73206583850002,95.73206583850002,1000000.0
2020-01-15,QQQ,95.73206583850002,96.21072616769251,94.93640099126334,95.41346833292798,95.41346833292798,1000000.0
2020-01-16,QQQ,95.41346833292798,96.02456793461607,94.93640099126334,95.54683376578714,95.54683376578714,1000000.0
2020-01-17,QQQ,95.54683376578714,97.99865206532439,95.06909959695821,97.51109658241234,97.51109658241234,1000000.0
2020-01-20,QQQ,97.51109658241234,99.0884611310715,97.02354109950028,98.59548371250897,98.59548371250897,1000000.0
2020-01-21,QQQ,98.59548371250897,99.0884611310715,97.82940778905889,98.32101285332551,98.32101285332551,1000000.0
2020-01-22,QQQ,98.32101285332551,99.79940752409429,97.82940778905889,99.30289305880031,99.30289305880031,1000000.0
2020-01-23,QQQ,99.30289305880031,99.79940752409429,97.97442731900371,98.46676112462684,98.46676112462684,1000000.0
2020-01-24,QQQ,98.46676112462684,100.8906210640216,97.97442731900371,100.3886776756434,100.3886776756434,1000000.0
2020-01-27,QQQ,100.3886776756434,101.66470277303605,99.88673428726517,101.15890823187668,101.15890823187668,1000000.0
2020-01-28,QQQ,101.15890823187668,101.66470277303605,98.94401410505992,99.44122020609038,99.44122020609038,1000000.0
2020-01-29,QQQ,99.44122020609038,100.97513225422817,98.94401410505992,100.47276841216734,100.47276841216734,1000000.0
2020-01-30,QQQ,100.47276841216734,102.10313927959584,99.97040457010651,101.59516346228443,101.59516346228443,1000000.0
2020-01-31,QQQ,101.59516346228443,102.10313927959584,97.6676755056104,98.15846784483458,98.15846784483458,1000000.0
2020-02-03,QQQ,98.15846784483458,98.64926018405873,96.77081155595751,97.25709704116332,97.25709704116332,1000000.0
2020-02-04,QQQ,97.25709704116332,97.74338252636913,96.22466546229042,96.70820649476424,96.70820649476424,1000000.0
2020-02-05,QQQ,96.70820649476424,97.19174752723805,93.88917180000279,94.36097668341988,94.36097668341988,1000000.0
2020-02-06,QQQ,94.36097668341988,94.83278156683697,92.64192156308226,93.10745885736911,93.10745885736911,1000000.0
2020-02-07,QQQ,93.10745885736911,93.57299615165594,91.55254771666127,92.01261077051383,92.01261077051383,1000000.0
2020-02-10,QQQ,92.01261077051383,93.13084391948671,91.55254771666127,92.66750638754897,92.66750638754897,1000000.0
2020-02-11,QQQ,92.66750638754897,93.54208570721376,92.20416885561123,93.0767021962326,93.0767021962326,1000000.0
2020-02-12,QQQ,93.0767021962326,96.83918434348543,92.61131868525143,96.35739735670192,96.35739735670192,1000000.0
2020-02-13,QQQ,96.35739735670192,96.83918434348543,95.4331739881101,95.91273767649257,95.91273767649257,1000000.0
2020-02-14,QQQ,95.91273767649257,97.897238324073,95.4331739881101,97.41018738713733,97.41018738713733,1000000.0
2020-02-17,QQQ,97.41018738713733,98.04664591636823,96.92313645020164,97.55885165807786,97.55885165807786,1000000.0
2020-02-18,QQQ,97.55885165807786,98.44178707342257,97.07105739978746,97.95202693872893,97.95202693872893,1000000.0
2020-02-19,QQQ,97.95202693872893,98.44178707342257,96.05203811808279,96.53471167646512,96.53471167646512,1000000.0
2020-02-20,QQQ,96.53471167646512,97.01738523484744,93.74219529713505,94.21326160516087,94.21326160516087,1000000.0
2020-02-21,QQQ,94.21326160516087,94.68432791318666,92.85837512149715,93.32500012210768,93.32500012210768,1000000.0
2020-02-24,QQQ,93.32500012210768,94.77292422750855,92.85837512149715,94.30141714179956,94.30141714179956,1000000.0
2020-02-25,QQQ,94.30141714179956,96.79160177622327,93.82991005609057,96.31005151863013,96.31005151863013,1000000.0
2020-02-26,QQQ,96.31005151863013,97.60337919018565,95.82850126103698,97.11779023899071,97.11779023899071,1000000.0
2020-02-27,QQQ,97.11779023899071,98.28680316181449,96.63220128779575,97.79781409135771,97.79781409135771,1000000.0
2020-02-28,QQQ,97.79781409135771,98.28680316181449,96.30167527417709,96.78560329063023,96.78560329063023,1000000.0
2020-03-02,QQQ,96.78560329063023,99.2787567728924,96.30167527417709,98.78483260984319,98.78483260984319,1000000.0
2020-03-03,QQQ,98.78483260984319,101.07886973284431,98.29090844679398,100.5759897839247,100.5759897839247,1000000.0
2020-03-04,QQQ,100.5759897839247,101.07886973284431,99.43460529566559,99.9342766790609,99.9342766790609,1000000.0
2020-03-05,QQQ,99.9342766790609,100.4339480624562,99.42438208443942,99.92400209491399,99.92400209491399,1000000.0
2020-03-06,QQQ,99.92400209491399,100.42362210538855,98.1943522697168,98.68779122584603,98.68779122584603,1000000.0
2020-03-09,QQQ,98.68779122584603,101.14169697866963,98.1943522697168,100.63850445638771,100.63850445638771,1000000.0
2020-03-10,QQQ,100.63850445638771,101.7282536582438,100.13531193410577,101.22214294352618,101.22214294352618,1000000.0
2020-03-11,QQQ,101.22214294352618,101.7282536582438,100.6419485334861,101.14768696832775,101.14768696832775,1000000.0
2020-03-12,QQQ,101.14768696832775,102.24367527683886,100.6419485334861,101.73500027546156,101.73500027546156,1000000.0
2020-03-13,QQQ,101.73500027546156,102.88244515867781,101.22632527408425,102.37059219768938,102.37059219768938,1000000.0
2020-03-16,QQQ,102.37059219768938,102.88244515867781,101.3659754301906,101.87535219114633,101.87535219114633,1000000.0
2020-03-17,QQQ,101.87535219114633,102.38472895210205,99.79291006967678,100.29438197957465,100.29438197957465,1000000.0
2020-03-18,QQQ,100.29438197957465,100.79585388947251,98.19039987304613,98.68381896788556,98.68381896788556,1000000.0
2020-03-19,QQQ,98.68381896788556,99.17723806272497,96.04431359815423,96.5269483398535,96.5269483398535,1000000.0
2020-03-20,QQQ,96.5269483398535,97.64183682294848,96.04431359815423,97.15605654024725,97.15605654024725,1000000.0
2020-03-23,QQQ,97.15605654024725,100.54919411797881,96.670276257546,100.04894937112321,100.04894937112321,1000000.0
2020-03-24,QQQ,100.04894937112321,100.54919411797881,97.42268774431781,97.91224898926413,97.91224898926413,1000000.0
2020-03-25,QQQ,97.91224898926413,98.62817167091015,97.42268774431781,98.13748424966185,98.13748424966185,1000000.0
2020-03-26,QQQ,98.13748424966185,99.20612226789937,97.64679682841354,98.71255947054665,98.71255947054665,1000000.0
2020-03-27,QQQ,98.71255947054665,99.20612226789937,97.0182894400015,97.50581853266482,97.50581853266482,1000000.0
2020-03-30,QQQ,97.50581853266482,98.30325410491608,97.0182894400015,97.81418318897123,97.81418318897123,1000000.0
2020-03-31,QQQ,97.81418318897123,98.30325410491608,95.99507301579837,96.4774603173853,96.4774603173853,1000000.0
2020-04-01,QQQ,96.4774603173853,98.53405044914443,95.99507301579837,98.04383129268103,98.04383129268103,1000000.0
2020-04-02,QQQ,98.04383129268103,98.53405044914443,96.85130432264427,97.33799429411484,97.33799429411484,1000000.0
2020-04-03,QQQ,97.33799429411484,98.00164120630389,96.85130432264427,97.51407085204367,97.51407085204367,1000000.0
2020-04-06,QQQ,97.51407085204367,98.92671921934551,97.02650049778346,98.43454648691097,98.43454648691097,1000000.0
2020-04-07,QQQ,98.43454648691097,98.92671921934551,97.44534249349611,97.93501758140313,97.93501758140313,1000000.0
2020-04-08,QQQ,97.93501758140313,98.42469266931013,95.250058702645,95.72870221371358,95.72870221371358,1000000.0
2020-04-09,QQQ,95.72870221371358,96.20734572478213,94.64180641764499,95.11739338456782,95.11739338456782,1000000.0
2020-04-10,QQQ,95.11739338456782,96.59416431300255,94.64180641764499,96.11359633134583,96.11359633134583,1000000.0
2020-04-13,QQQ,96.11359633134583,96.59416431300255,95.57576853058272,96.056048774455,96.056048774455,1000000.0
2020-04-14,QQQ,96.056048774455,96.87356390933202,95.57576853058272,96.39160587993237,96.39160587993237,1000000.0
2020-04-15,QQQ,96.39160587993237,96.87356390933202,94.61928906343063,95.09476287781973,95.09476287781973,1000000.0
2020-04-16,QQQ,95.09476287781973,95.79623061009123,94.61928906343063,95.31963244785197,95.31963244785197,1000000.0
2020-04-17,QQQ,95.31963244785197,96.75572551627253,94.84303428561272,96.27435374753487,96.27435374753487,1000000.0
2020-04-20,QQQ,96.27435374753487,96.84999448294509,95.7929819787972,96.36815371437324,96.36815371437324,1000000.0
2020-04-21,QQQ,96.36815371437324,99.33197493196417,95.88631294580136,98.83778600195441,98.83778600195441,1000000.0
2020-04-22,QQQ,98.83778600195441,99.33197493196417,98.12734978901294,98.62045204925924,98.62045204925924,1000000.0
2020-04-23,QQQ,98.62045204925924,99.11355430950553,96.85631286789709,97.34302800793677,97.34302800793677,1000000.0
2020-04-24,QQQ,97.34302800793677,97.82974314797644,94.88816612629734,95.36499108170587,95.36499108170587,1000000.0
2020-04-27,QQQ,95.36499108170587,97.33660824700193,94.88816612629734,96.8523465144298,96.8523465144298,1000000.0
2020-04-28,QQQ,96.8523465144298,97.33660824700193,96.34233508845527,96.82646742558319,96.82646742558319,1000000.0
2020-04-29,QQQ,96.82646742558319,98.64810326557763,96.34233508845527,98.15731668216681,98.15731668216681,1000000.0
2020-04-30,QQQ,98.15731668216681,99.28640976580067,97.66653009875597,98.79244752815988,98.79244752815988,1000000.0
2020-05-01,QQQ,98.79244752815988,101.45697298192528,98.29848529051908,100.95221192231372,100.95221192231372,1000000.0
2020-05-04,QQQ,100.95221192231372,103.19229535149758,100.44745086270215,102.67890084726127,102.67890084726127,1000000.0
2020-05-05,QQQ,102.67890084726127,103.19229535149758,101.7161306058421,102.22726694054482,102.22726694054482,1000000.0
2020-05-06,QQQ,102.22726694054482,103.15642105011753,101.7161306058421,102.64320502499258,102.64320502499258,1000000.0
2020-05-07,QQQ,102.64320502499258,104.67458247496867,102.12998899986762,104.15381340792904,104.15381340792904,1000000.0
2020-05-08,QQQ,104.15381340792904,104.67458247496867,102.03207890565685,102.54480292025814,102.54480292025814,1000000.0
2020-05-11,QQQ,102.54480292025814,105.07233249841431,102.03207890565685,104.54958457553664,104.54958457553664,1000000.0
2020-05-12,QQQ,104.54958457553664,106.79433770480189,104.02683665265896,106.26302259184268,106.26302259184268,1000000.0
2020-05-13,QQQ,106.26302259184268,108.22181284993466,105.73170747888346,107.68339587058176,107.68339587058176,1000000.0
2020-05-14,QQQ,107.68339587058176,108.22181284993466,106.91891486385536,107.45619584307072,107.45619584307072,1000000.0
2020-05-15,QQQ,107.45619584307072,108.47271416714715,106.91891486385536,107.93304892253448,107.93304892253448,1000000.0
2020-05-18,QQQ,107.93304892253448,108.47271416714715,105.89779867422283,106.42994841630436,106.42994841630436,1000000.0
2020-05-19,QQQ,106.42994841630436,107.09624896289334,105.89779867422283,106.56343180387398,106.56343180387398,1000000.0
2020-05-20,QQQ,106.56343180387398,107.09624896289334,105.27668041190165,105.80570895668508,105.80570895668508,1000000.0
2020-05-21,QQQ,105.80570895668508,106.50770723363577,105.27668041190165,105.97781814292118,105.97781814292118,1000000.0
2020-05-22,QQQ,105.97781814292118,106.50770723363577,104.82445838258877,105.35121445486308,105.35121445486308,1000000.0
2020-05-25,QQQ,105.35121445486308,106.32247098583926,104.82445838258877,105.79350346849678,105.79350346849678,1000000.0
2020-05-26,QQQ,105.79350346849678,108.01909029051198,105.2645359511543,107.48168188110647,107.48168188110647,1000000.0
2020-05-27,QQQ,107.48168188110647,108.01909029051198,105.19155787293202,105.72015866626334,105.72015866626334,1000000.0
2020-05-28,QQQ,105.72015866626334,107.58844069199522,105.19155787293202,107.0531748179057,107.0531748179057,1000000.0
2020-05-29,QQQ,107.0531748179057,107.58844069199522,103.84709394207111,104.36893863524735,104.36893863524735,1000000.0
2020-06-01,QQQ,104.36893863524735,104.89078332842357,101.02076938223094,101.52841143942808,101.52841143942808,1000000.0
2020-06-02,QQQ,101.52841143942808,102.03605349662521,100.91457232347442,101.42168072710997,101.42168072710997,1000000.0
2020-06-03,QQQ,101.42168072710997,101.98868804874198,100.91457232347442,101.4812816405393,101.4812816405393,1000000.0
2020-06-04,QQQ,101.4812816405393,102.62877143297298,100.9738752323366,102.11818053032138,102.11818053032138,1000000.0
2020-06-05,QQQ,102.11818053032138,102.62877143297298,99.50443588224944,100.00445817311501,100.00445817311501,1000000.0
2020-06-08,QQQ,100.00445817311501,100.50448046398057,99.47665788737105,99.97654059032266,99.97654059032266,1000000.0
2020-06-09,QQQ,99.97654059032266,100.69215851640725,99.47665788737105,100.19120250388782,100.19120250388782,1000000.0
2020-06-10,QQQ,100.19120250388782,102.3998852220173,99.69024649136838,101.89043305673364,101.89043305673364,1000000.0
2020-06-11,QQQ,101.89043305673364,102.3998852220173,101.2948523206035,101.80387167899849,101.80387167899849,1000000.0
2020-06-12,QQQ,101.80387167899849,103.07043297674021,101.2948523206035,102.55764475297534,102.55764475297534,1000000.0
2020-06-15,QQQ,102.55764475297534,103.07043297674021,100.80681418093687,101.31338108636871,101.31338108636871,1000000.0
2020-06-16,QQQ,101.31338108636871,101.81994799180055,100.61161860762633,101.11720463078022,101.11720463078022,1000000.0
2020-06-17,QQQ,101.11720463078022,101.62279065393412,100.08059235334787,100.58350990286218,100.58350990286218,1000000.0
2020-06-18,QQQ,100.58350990286218,102.06591450355913,100.08059235334787,101.55812388413845,101.55812388413845,1000000.0
2020-06-19,QQQ,101.55812388413845,102.06591450355913,99.80957207135364,100.31112770990316,100.31112770990316,1000000.0
2020-06-22,QQQ,100.31112770990316,100.81268334845267,98.78224669777863,99.27863989726495,99.27863989726495,1000000.0
2020-06-23,QQQ,99.27863989726495,100.57521231443832,98.78224669777863,100.07483812381923,100.07483812381923,1000000.0
2020-06-24,QQQ,100.07483812381923,102.99377046185796,99.57446393320014,102.48136364363978,102.48136364363978,1000000.0
2020-06-25,QQQ,102.48136364363978,103.55922266719372,101.96895682542159,103.04400265392411,103.04400265392411,1000000.0
2020-06-26,QQQ,103.04400265392411,104.02070153553518,102.52878264065448,103.5031856074977,103.5031856074977,1000000.0
2020-06-29,QQQ,103.5031856074977,104.02070153553518,102.57456506032807,103.0900151360081,103.0900151360081,1000000.0
2020-06-30,QQQ,103.0900151360081,105.13440817549312,102.57456506032807,104.61135141840113,104.61135141840113,1000000.0
2020-07-01,QQQ,104.61135141840113,105.9278847310443,104.08829466130912,105.40088032939732,105.40088032939732,1000000.0
2020-07-02,QQQ,105.40088032939732,108.39587504666241,104.87387592775033,107.85659208623126,107.85659208623126,1000000.0
2020-07-03,QQQ,107.85659208623126,108.91734423986965,107.31730912580011,108.37546690534295,108.37546690534295,1000000.0
2020-07-06,QQQ,108.37546690534295,108.91734423986965,106.56513575984997,107.10063895462308,107.10063895462308,1000000.0
2020-07-07,QQQ,107.10063895462308,107.63614214939618,105.83138944684143,106.36320547421249,106.36320547421249,1000000.0
2020-07-08,QQQ,106.36320547421249,106.89502150158354,104.53384586845145,105.05914157633312,105.05914157633312,1000000.0
2020-07-09,QQQ,105.05914157633312,105.58443728421477,102.89923735192157,103.41631894665484,103.41631894665484,1000000.0
2020-07-10,QQQ,103.41631894665484,105.7077954795754,102.89923735192157,105.18188604932877,105.18188604932877,1000000.0
2020-07-13,QQQ,105.18188604932877,106.87650627420719,104.65597661908213,106.34478236239522,106.34478236239522,1000000.0
2020-07-14,QQQ,106.34478236239522,106.87650627420719,104.17493576808373,104.69842790762183,104.69842790762183,1000000.0
2020-07-15,QQQ,104.69842790762183,107.7408506851096,104.17493576808373,107.20482655234788,107.20482655234788,1000000.0
2020-07-16,QQQ,107.20482655234788,108.1379906076583,106.66880241958614,107.59999065438637,107.59999065438637,1000000.0
2020-07-17,QQQ,107.59999065438637,108.1379906076583,105.79131457570718,106.32292922181625,106.32292922181625,1000000.0
2020-07-20,QQQ,106.32292922181625,107.44610701540158,105.79131457570718,106.91154926905631,106.91154926905631,1000000.0
2020-07-21,QQQ,106.91154926905631,107.44610701540158,106.33449971001606,106.86884392966438,106.86884392966438,1000000.0
2020-07-22,QQQ,106.86884392966438,107.40318814931268,105.32441686418765,105.85368529064085,105.85368529064085,1000000.0
2020-07-23,QQQ,105.85368529064085,106.38295371709405,102.74879496887725,103.26512057173593,103.26512057173593,1000000.0
2020-07-24,QQQ,103.26512057173593,103.88292746361644,102.74879496887725,103.36609697872284,103.36609697872284,1000000.0
2020-07-27,QQQ,103.36609697872284,104.33016287445808,102.84926649382922,103.81110733776924,103.81110733776924,1000000.0
2020-07-28,QQQ,103.81110733776924,104.33016287445808,99.93624416827079,100.4384363500209,100.4384363500209,1000000.0
2020-07-29,QQQ,100.4384363500209,101.72227472915434,99.93624416827079,101.21619376035258,101.21619376035258,1000000.0
2020-07-30,QQQ,101.21619376035258,102.59359830032189,100.71011279155081,102.08318238838,102.08318238838,1000000.0
2020-07-31,QQQ,102.08318238838,102.59359830032189,101.00480700580115,101.51236885005142,101.51236885005142,1000000.0
2020-08-03,QQQ,101.51236885005142,102.21984048927325,101.00480700580115,101.71128406892862,101.71128406892862,1000000.0
2020-08-04,QQQ,101.71128406892862,102.21984048927325,100.88458628790647,101.39154400794621,101.39154400794621,1000000.0
2020-08-05,QQQ,101.39154400794621,101.89850172798593,99.84258743223194,100.34430897711752,100.34430897711752,1000000.0
2020-08-06,QQQ,100.34430897711752,100.8460305220031,99.42604538308944,99.92567375184869,99.92567375184869,1000000.0
2020-08-07,QQQ,99.92567375184869,102.25656911798222,99.42604538308944,101.74782996814153,101.74782996814153,1000000.0
2020-08-10,QQQ,101.74782996814153,102.25656911798222,99.39749707770332,99.89698198764152,99.89698198764152,1000000.0
2020-08-11,QQQ,99.89698198764152,100.75688299134,99.39749707770332,100.25560496650748,100.25560496650748,1000000.0
2020-08-12,QQQ,100.25560496650748,101.0488483395634,99.75432694167493,100.54611775080937,100.54611775080937,1000000.0
2020-08-13,QQQ,100.54611775080937,101.0488483395634,99.17686482098142,99.67524102611198,99.67524102611198,1000000.0
2020-08-14,QQQ,99.67524102611198,100.17361723124253,98.66007538440012,99.15585465768856,99.15585465768856,1000000.0
2020-08-17,QQQ,99.15585465768856,99.651633930977,96.92863495736442,97.41571352498937,97.41571352498937,1000000.0
2020-08-18,QQQ,97.41571352498937,97.9027920926143,95.90896661697572,96.39092122309117,96.39092122309117,1000000.0
2020-08-19,QQQ,96.39092122309117,96.9401651744033,95.90896661697572,96.45787579542619,96.45787579542619,1000000.0
2020-08-20,QQQ,96.45787579542619,97.40146397138679,95.97558641644906,96.91687957351921,96.91687957351921,1000000.0
2020-08-21,QQQ,96.91687957351921,97.40146397138679,95.36029141684656,95.83948886115233,95.83948886115233,1000000.0
2020-08-24,QQQ,95.83948886115233,100.27283235745443,95.36029141684656,99.7739625447308,99.7739625447308,1000000.0
2020-08-25,QQQ,99.7739625447308,100.27283235745443,98.59102488537607,99.08645717123224,99.08645717123224,1000000.0
2020-08-26,QQQ,99.08645717123224,99.79674877180787,98.59102488537607,99.3002475341372,99.3002475341372,1000000.0
2020-08-27,QQQ,99.3002475341372,99.79674877180787,98.55728778196595,99.05255053463915,99.05255053463915,1000000.0
2020-08-28,QQQ,99.05255053463915,99.54781328731234,98.09543621838519,98.58837810892983,98.58837810892983,1000000.0
2020-08-31,QQQ,98.58837810892983,100.82182228139118,98.09543621838519,100.32022117551362,100.32022117551362,1000000.0
2020-09-01,QQQ,100.32022117551362,100.82182228139118,99.24883602679992,99.74757389628132,99.74757389628132,1000000.0
2020-09-02,QQQ,99.74757389628132,102.05147366170964,99.24883602679992,101.54375488727328,101.54375488727328,1000000.0
2020-09-03,QQQ,101.54375488727328,103.62938632696319,101.03603611283691,103.1138172407594,103.1138172407594,1000000.0
2020-09-04,QQQ,103.1138172407594,103.62938632696319,101.2636195444872,101.7724819542585,101.7724819542585,1000000.0
2020-09-07,QQQ,101.7724819542585,103.71935165306391,101.2636195444872,103.20333497817306,103.20333497817306,1000000.0
2020-09-08,QQQ,103.20333497817306,103.71935165306391,101.87368986669615,102.38561795647854,102.38561795647854,1000000.0
2020-09-09,QQQ,102.38561795647854,106.67723262132917,101.87368986669615,106.14650012072555,106.14650012072555,1000000.0
2020-09-10,QQQ,106.14650012072555,106.67723262132917,105.1399037490309,105.66824497390041,105.66824497390041,1000000.0
2020-09-11,QQQ,105.66824497390041,106.19658619876991,103.91360563838798,104.43578456119394,104.43578456119394,1000000.0
2020-09-14,QQQ,104.43578456119394,104.9579634839999,101.41447651356152,101.92409699855429,101.92409699855429,1000000.0
2020-09-15,QQQ,101.92409699855429,102.43371748354706,99.77386350270048,100.27523970120652,100.27523970120652,1000000.0
2020-09-16,QQQ,100.27523970120652,100.77661589971254,99.07308641795352,99.57094112357137,99.57094112357137,1000000.0
2020-09-17,QQQ,99.57094112357137,100.06879582918921,97.84488934277965,98.33657220379864,98.33657220379864,1000000.0
2020-09-18,QQQ,98.33657220379864,98.82825506481763,96.34259467532296,96.82672831690749,96.82672831690749,1000000.0
2020-09-21,QQQ,96.82672831690749,97.31086195849201,95.52338788567596,96.00340491022709,96.00340491022709,1000000.0
2020-09-22,QQQ,96.00340491022709,96.48342193477822,95.31488564064182,95.7938549152179,95.7938549152179,1000000.0
2020-09-23,QQQ,95.7938549152179,98.15301076241327,95.31488564064182,97.66468732578436,97.66468732578436,1000000.0
2020-09-24,QQQ,97.66468732578436,98.15301076241327,95.09578801207293,95.57365629354064,95.57365629354064,1000000.0
2020-09-25,QQQ,95.57365629354064,96.05152457500833,94.46348384617765,94.93817471977654,94.93817471977654,1000000.0
2020-09-28,QQQ,94.93817471977654,95.41286559337541,93.34597284100126,93.81504808140829,93.81504808140829,1000000.0
2020-09-29,QQQ,93.81504808140829,94.28412332181533,91.57110802041707,92.03126434212771,92.03126434212771,1000000.0
2020-09-30,QQQ,92.03126434212771,92.49142066383834,90.12125404685129,90.57412467020231,90.57412467020231,1000000.0
2020-10-01,QQQ,90.57412467020231,91.02699529355331,89.11088363882078,89.55867702394049,89.55867702394049,1000000.0
2020-10-02,QQQ,89.55867702394049,90.89483017933486,89.11088363882078,90.44261709386554,90.44261709386554,1000000.0
2020-10-05,QQQ,90.44261709386554,90.89483017933486,89.8087433289757,90.26004354670924,90.26004354670924,1000000.0
2020-10-06,QQQ,90.26004354670924,90.71134376444277,89.22743223481896,89.67581129127534,89.67581129127534,1000000.0
2020-10-07,QQQ,89.67581129127534,90.88867481578342,89.22743223481896,90.43649235401337,90.43649235401337,1000000.0
2020-10-08,QQQ,90.43649235401337,91.26664687583244,89.9843098922433,90.81258395605218,90.81258395605218,1000000.0
2020-10-09,QQQ,90.81258395605218,91.26664687583244,90.14162539827132,90.59459839022243,90.59459839022243,1000000.0
2020-10-12,QQQ,90.59459839022243,91.54932044586948,90.14162539827132,91.09385118991989,91.09385118991989,1000000.0
2020-10-13,QQQ,91.09385118991989,91.54932044586948,89.71241831033127,90.163234482745,90.163234482745,1000000.0
2020-10-14,QQQ,90.163234482745,91.40180649350279,89.71241831033127,90.94707113781374,90.94707113781374,1000000.0
2020-10-15,QQQ,90.94707113781374,92.0042956025615,90.49233578212467,91.54656278861842,91.54656278861842,1000000.0
2020-10-16,QQQ,91.54656278861842,92.0042956025615,90.64721628814382,91.10272993783299,91.10272993783299,1000000.0
2020-10-19,QQQ,91.10272993783299,91.55824358752214,89.26612157157436,89.7146950468084,89.7146950468084,1000000.0
2020-10-20,QQQ,89.7146950468084,92.00868347753048,89.26612157157436,91.55092883336367,91.55092883336367,1000000.0
2020-10-21,QQQ,91.55092883336367,92.16749977419472,91.09317418919686,91.70895499919874,91.70895499919874,1000000.0
2020-10-22,QQQ,91.70895499919874,95.94489500245595,91.25041022420274,95.46755721637409,95.46755721637409,1000000.0
2020-10-23,QQQ,95.46755721637409,95.94489500245595,94.23386471535133,94.70740172397119,94.70740172397119,1000000.0
2020-10-26,QQQ,94.70740172397119,96.29021051885752,94.23386471535133,95.81115474513187,95.81115474513187,1000000.0
2020-10-27,QQQ,95.81115474513187,96.29021051885752,94.8428892422853,95.31948667566361,95.31948667566361,1000000.0
2020-10-28,QQQ,95.31948667566361,96.1605791116757,94.8428892422853,95.6821682703241,95.6821682703241,1000000.0
2020-10-29,QQQ,95.6821682703241,97.25667122910679,95.20375742897248,96.77280719314109,96.77280719314109,1000000.0
2020-10-30,QQQ,96.77280719314109,97.25667122910679,95.34124364620561,95.82034537307096,95.82034537307096,1000000.0
2020-11-02,QQQ,95.82034537307096,96.2994470999363,95.26488911666138,95.7436071524235,95.7436071524235,1000000.0
2020-11-03,QQQ,95.7436071524235,96.47208018983558,95.26488911666138,95.9921195918762,95.9921195918762,1000000.0
2020-11-04,QQQ,95.9921195918762,96.66282415201033,95.51215899391683,96.18191457911476,96.18191457911476,1000000.0
2020-11-05,QQQ,96.18191457911476,97.46396761191185,95.70100500621919,96.97907225065858,96.97907225065858,1000000.0
2020-11-06,QQQ,96.97907225065858,98.8214877000794,96.49417688940528,98.32983850754171,98.32983850754171,1000000.0
2020-11-09,QQQ,98.32983850754171,99.94821844796748,97.838189315004,99.45096362981839,99.45096362981839,1000000.0
2020-11-10,QQQ,99.45096362981839,100.34070042860326,98.9537088116693,99.84149296378435,99.84149296378435,1000000.0
2020-11-11,QQQ,99.84149296378435,100.34070042860326,98.9441419261517,99.44134866949919,99.44134866949919,1000000.0
2020-11-12,QQQ,99.44134866949919,99.93855541284668,97.55044037024543,98.04064358818636,98.04064358818636,1000000.0
2020-11-13,QQQ,98.04064358818636,98.53084680612727,96.67048189319074,97.15626320923693,97.15626320923693,1000000.0
2020-11-16,QQQ,97.15626320923693,97.6420445252831,96.05653910933579,96.5392352857646,96.5392352857646,1000000.0
2020-11-17,QQQ,96.5392352857646,97.93581678246443,96.05653910933579,97.44857391289995,97.44857391289995,1000000.0
2020-11-18,QQQ,97.44857391289995,97.93581678246443,96.55234704183721,97.03753471541428,97.03753471541428,1000000.0
2020-11-19,QQQ,97.03753471541428,97.52272238899134,95.05302689228083,95.53068029374957,95.53068029374957,1000000.0
2020-11-20,QQQ,95.53068029374957,96.84168289448,95.05302689228083,96.35988347709454,96.35988347709454,1000000.0
2020-11-23,QQQ,96.35988347709454,96.84168289448,94.92956234695004,95.40659532356787,95.40659532356787,1000000.0
2020-11-24,QQQ,95.40659532356787,95.8836283001857,94.03616062166142,94.50870414237329,94.50870414237329,1000000.0
2020-11-25,QQQ,94.50870414237329,94.98124766308514,93.80684871942724,94.27823991902235,94.27823991902235,1000000.0
2020-11-26,QQQ,94.27823991902235,95.38194099105257,93.80684871942724,94.9074039711966,94.9074039711966,1000000.0
2020-11-27,QQQ,94.9074039711966,95.38194099105257,91.5621332631269,92.02224448555467,92.02224448555467,1000000.0
2020-11-30,QQQ,92.02224448555467,92.48235570798244,90.28207105659902,90.73574980562717,90.73574980562717,1000000.0
2020-12-01,QQQ,90.73574980562717,91.44353100957773,90.28207105659902,90.98858806923158,90.98858806923158,1000000.0
2020-12-02,QQQ,90.98858806923158,91.44353100957773,90.15112763527283,90.60414837715862,90.60414837715862,1000000.0
2020-12-03,QQQ,90.60414837715862,91.0571691190444,89.1881674879374,89.63634923410794,89.63634923410794,1000000.0
2020-12-04,QQQ,89.63634923410794,90.08453098027847,88.60687865734845,89.05213935411903,89.05213935411903,1000000.0
2020-12-07,QQQ,89.05213935411903,91.16926897848337,88.60687865734845,90.71569052585411,90.71569052585411,1000000.0
2020-12-08,QQQ,90.71569052585411,91.16926897848337,89.77381375506913,90.22493844730566,90.22493844730566,1000000.0
2020-12-09,QQQ,90.22493844730566,91.56581967147429,89.77381375506913,91.11026832982517,91.11026832982517,1000000.0
2020-12-10,QQQ,91.11026832982517,92.55956214907053,90.65471698817605,92.09906681499557,92.09906681499557,1000000.0
2020-12-11,QQQ,92.09906681499557,92.55956214907053,91.1493523584792,91.60738930500423,91.60738930500423,1000000.0
2020-12-14,QQQ,91.60738930500423,92.6439996568773,91.1493523584792,92.18308423569881,92.18308423569881,1000000.0
2020-12-15,QQQ,92.18308423569881,92.6439996568773,91.23248371408548,91.69093840611606,91.69093840611606,1000000.0
2020-12-16,QQQ,91.69093840611606,92.14939309814663,90.55664686672924,91.01170539369772,91.01170539369772,1000000.0
2020-12-17,QQQ,91.01170539369772,91.46676392066621,89.28537140682654,89.73404161490105,89.73404161490105,1000000.0
2020-12-18,QQQ,89.73404161490105,91.25996345358432,89.28537140682654,90.80593378466102,90.80593378466102,1000000.0
2020-12-21,QQQ,90.80593378466102,91.25996345358432,89.93039842258982,90.38230997245208,90.38230997245208,1000000.0
2020-12-22,QQQ,90.38230997245208,90.83422152231432,89.33185730444187,89.78076110999183,89.78076110999183,1000000.0
2020-12-23,QQQ,89.78076110999183,90.22966491554178,88.0761151084347,88.51870865169317,88.51870865169317,1000000.0
2020-12-24,QQQ,88.51870865169317,91.1235659376383,88.0761151084347,90.6702148633217,90.6702148633217,1000000.0
2020-12-25,QQQ,90.6702148633217,92.0525791089196,90.21686378900509,91.59460607852698,91.59460607852698,1000000.0
2020-12-28,QQQ,91.59460607852698,92.0525791089196,91.02492629610566,91.48233798603584,91.48233798603584,1000000.0
2020-12-29,QQQ,91.48233798603584,91.93974967596601,90.25164620164514,90.70517206195493,90.70517206195493,1000000.0
2020-12-30,QQQ,90.70517206195493,91.1586979222647,88.51875385793609,88.96357171651869,88.96357171651869,1000000.0
2020-12-31,QQQ,88.96357171651869,89.79309673980993,88.51875385793609,89.34636491523376,89.34636491523376,1000000.0
2021-01-01,QQQ,89.34636491523376,90.17548292386081,88.89963309065759,89.72684868045853,89.72684868045853,1000000.0
2021-01-04,QQQ,89.72684868045853,90.17548292386081,87.70231448202024,88.1430296301711,88.1430296301711,1000000.0
2021-01-05,QQQ,88.1430296301711,89.97650025445883,87.70231448202024,89.52885597458591,89.52885597458591,1000000.0
2021-01-06,QQQ,89.52885597458591,90.93418114843914,89.08121169471298,90.48177228700412,90.48177228700412,1000000.0
2021-01-07,QQQ,90.48177228700412,90.93418114843914,88.954848318635,89.40185760666834,89.40185760666834,1000000.0
2021-01-08,QQQ,89.40185760666834,89.84886689470167,88.35871747873738,88.80273113440943,88.80273113440943,1000000.0
2021-01-11,QQQ,88.80273113440943,89.24674479008146,87.91317639615974,88.35495115191934,88.35495115191934,1000000.0
2021-01-12,QQQ,88.35495115191934,89.02690303945988,87.91317639615974,88.58398312384068,88.58398312384068,1000000.0
2021-01-13,QQQ,88.58398312384068,89.02690303945988,88.01842077243427,88.4607243944063,88.4607243944063,1000000.0
2021-01-14,QQQ,88.4607243944063,88.90302801637831,86.20601125219497,86.63920728863816,86.63920728863816,1000000.0
2021-01-15,QQQ,86.63920728863816,88.80147514655125,86.20601125219497,88.35967676273758,88.35967676273758,1000000.0
2021-01-18,QQQ,88.35967676273758,89.21197659458477,87.91787837892389,88.76813591500974,88.76813591500974,1000000.0
2021-01-19,QQQ,88.76813591500974,90.73156855309742,88.32429523543469,90.28016771452481,90.28016771452481,1000000.0
2021-01-20,QQQ,90.28016771452481,92.2699058931921,89.82876687595218,91.81085163501703,91.81085163501703,1000000.0
2021-01-21,QQQ,91.81085163501703,92.2699058931921,91.15079725673216,91.60884146405242,91.60884146405242,1000000.0
2021-01-22,QQQ,91.60884146405242,92.52333091564292,91.15079725673216,92.06301583646062,92.06301583646062,1000000.0
2021-01-25,QQQ,92.06301583646062,93.46036837441228,91.60270075727831,92.99539141732566,92.99539141732566,1000000.0
2021-01-26,QQQ,92.99539141732566,94.44734215807878,92.53041446023903,93.97745488366049,93.97745488366049,1000000.0
2021-01-27,QQQ,93.97745488366049,94.44734215807878,93.35518631044684,93.82430784969532,93.82430784969532,1000000.0
2021-01-28,QQQ,93.82430784969532,94.29342938894378,92.6542677678961,93.11986710341317,93.11986710341317,1000000.0
2021-01-29,QQQ,93.11986710341317,93.67523222666422,92.6542677678961,93.20918629518829,93.20918629518829,1000000.0
2021-02-01,QQQ,93.20918629518829,93.67523222666422,91.82767147889204,92.28911706421312,92.28911706421312,1000000.0
2021-02-02,QQQ,92.28911706421312,92.75056264953417,91.21200687297942,91.67035866631097,91.67035866631097,1000000.0
2021-02-03,QQQ,91.67035866631097,92.12871045964252,88.8806280243978,89.32726434612843,89.32726434612843,1000000.0
2021-02-04,QQQ,89.32726434612843,89.91651685464592,88.8806280243978,89.46917099964769,89.46917099964769,1000000.0
2021-02-05,QQQ,89.46917099964769,89.91651685464592,87.8852493228334,88.32688374154111,88.32688374154111,1000000.0
2021-02-08,QQQ,88.32688374154111,88.7685181602488,87.29612394729064,87.73479793697551,87.73479793697551,1000000.0
2021-02-09,QQQ,87.73479793697551,88.17347192666038,87.27996654574757,87.71855934245987,87.71855934245987,1000000.0
2021-02-10,QQQ,87.71855934245987,88.56182521642502,87.27996654574757,88.12121912082092,88.12121912082092,1000000.0
2021-02-11,QQQ,88.12121912082092,90.80915728207493,87.68061302521681,90.35737042992531,90.35737042992531,1000000.0
2021-02-12,QQQ,90.35737042992531,91.09630871232253,89.90558357777569,90.64309324609208,90.64309324609208,1000000.0
2021-02-15,QQQ,90.64309324609208,91.09630871232253,88.5922831914549,89.03747054417578,89.03747054417578,1000000.0
2021-02-16,QQQ,89.03747054417578,89.67970994686027,88.5922831914549,89.23354223568187,89.23354223568187,1000000.0
2021-02-17,QQQ,89.23354223568187,89.67970994686027,88.14648432233258,88.58943147973125,88.58943147973125,1000000.0
2021-02-18,QQQ,88.58943147973125,89.54059695581812,88.14648432233258,89.09512134907277,89.09512134907277,1000000.0
2021-02-19,QQQ,89.09512134907277,89.54059695581812,87.9070648574718,88.3488089019817,88.3488089019817,1000000.0
2021-02-22,QQQ,88.3488089019817,88.7905529464916,87.14478118688615,87.58269466018709,87.58269466018709,1000000.0
2021-02-23,QQQ,87.58269466018709,88.02060813348801,86.61079471145557,87.04602483563374,87.04602483563374,1000000.0
2021-02-24,QQQ,87.04602483563374,87.4812549598119,85.95003536496247,86.38194509041455,86.38194509041455,1000000.0
2021-02-25,QQQ,86.38194509041455,86.8138548158666,83.97708721552797,84.39908262867134,84.39908262867134,1000000.0
2021-02-26,QQQ,84.39908262867134,84.82107804181469,83.29232918162823,83.71088359962637,83.71088359962637,1000000.0
2021-03-01,QQQ,83.71088359962637,84.15618329531077,83.29232918162823,83.73749581622963,83.73749581622963,1000000.0
2021-03-02,QQQ,83.73749581622963,85.52260707129616,83.31880833714848,85.0971214639763,85.0971214639763,1000000.0
2021-03-03,QQQ,85.0971214639763,85.52260707129616,84.39172515532358,84.81580417620461,84.81580417620461,1000000.0
2021-03-04,QQQ,84.81580417620461,85.23988319708562,84.02687624768197,84.4491218569668,84.4491218569668,1000000.0
2021-03-05,QQQ,84.4491218569668,85.55630401560674,84.02687624768197,85.13065076179777,85.13065076179777,1000000.0
2021-03-08,QQQ,85.13065076179777,86.2014430654937,84.70499750798878,85.77258016467036,85.77258016467036,1000000.0
2021-03-09,QQQ,85.77258016467036,88.05668431554356,85.34371726384701,87.61859135874982,87.61859135874982,1000000.0
2021-03-10,QQQ,87.61859135874982,88.77341257380405,87.18049840195607,88.33175380478016,88.33175380478016,1000000.0
2021-03-11,QQQ,88.33175380478016,88.79535530381024,87.89009503575626,88.35358736697538,88.35358736697538,1000000.0
2021-03-12,QQQ,88.35358736697538,90.39894711564497,87.9118194301405,89.9492011100945,89.9492011100945,1000000.0
2021-03-15,QQQ,89.9492011100945,92.26048042492502,89.49945510454404,91.8014730596269,91.8014730596269,1000000.0
2021-03-16,QQQ,91.8014730596269,92.26048042492502,90.82511849298574,91.28152612360375,91.28152612360375,1000000.0
2021-03-17,QQQ,91.28152612360375,91.97269913857777,90.82511849298574,91.5151235209729,91.5151235209729,1000000.0
2021-03-18,QQQ,91.5151235209729,91.97269913857777,89.13422443042722,89.58213510595701,89.58213510595701,1000000.0
2021-03-19,QQQ,89.58213510595701,90.03004578148678,88.75765837263785,89.20367675641995,89.20367675641995,1000000.0
2021-03-22,QQQ,89.20367675641995,89.64969514020204,87.7876601591028,88.22880418000281,88.22880418000281,1000000.0
2021-03-23,QQQ,88.22880418000281,88.66994820090281,87.58747461062902,88.02761267399902,88.02761267399902,1000000.0
2021-03-24,QQQ,88.02761267399902,88.467750737369,87.08431216462021,87.52192177348765,87.52192177348765,1000000.0
2021-03-25,QQQ,87.52192177348765,87.95953138235508,86.93998964649644,87.37687401657934,87.37687401657934,1000000.0
2021-03-26,QQQ,87.37687401657934,87.81375838666223,86.86703859116956,87.30355637303474,87.30355637303474,1000000.0
2021-03-29,QQQ,87.30355637303474,88.3489069093612,86.86703859116956,87.90936010881713,87.90936010881713,1000000.0
2021-03-30,QQQ,87.90936010881713,88.65886492432347,87.46981330827305,88.21777604410296,88.21777604410296,1000000.0
2021-03-31,QQQ,88.21777604410296,88.65886492432347,87.18152918191561,87.61962731850815,87.61962731850815,1000000.0
2021-04-01,QQQ,87.61962731850815,88.05772545510068,85.77549570095103,86.20652834266434,86.20652834266434,1000000.0
2021-04-02,QQQ,86.20652834266434,88.08361414527593,85.77549570095103,87.6453872092298,87.6453872092298,1000000.0
2021-04-05,QQQ,87.6453872092298,89.76646419093825,87.20716027318365,89.31986486660523,89.31986486660523,1000000.0
2021-04-06,QQQ,89.31986486660523,89.76646419093825,88.39395522067606,88.8381459504282,88.8381459504282,1000000.0
2021-04-07,QQQ,88.8381459504282,89.98131673344471,88.39395522067606,89.53364849098978,89.53364849098978,1000000.0
2021-04-08,QQQ,89.53364849098978,89.98131673344471,87.37966675615425,87.818760558949,87.818760558949,1000000.0
2021-04-09,QQQ,87.818760558949,88.25785436174372,85.665811637704,86.09629310322009,86.09629310322009,1000000.0
2021-04-12,QQQ,86.09629310322009,86.52677456873619,85.40847344407479,85.83766175283898,85.83766175283898,1000000.0
2021-04-13,QQQ,85.83766175283898,87.97716234432022,85.40847344407479,87.53946501922411,87.53946501922411,1000000.0
2021-04-14,QQQ,87.53946501922411,87.97716234432022,85.96773137185596,86.3997300219658,86.3997300219658,1000000.0
2021-04-15,QQQ,86.3997300219658,86.83172867207561,85.08309723186107,85.5106504842825,85.5106504842825,1000000.0
2021-04-16,QQQ,85.5106504842825,87.79698920719974,85.08309723186107,87.3601882658704,87.3601882658704,1000000.0
2021-04-19,QQQ,87.3601882658704,87.79698920719974,84.85231734327459,85.2787108977634,85.2787108977634,1000000.0
2021-04-20,QQQ,85.2787108977634,86.47136121616748,84.85231734327459,86.04115543897262,86.04115543897262,1000000.0
2021-04-21,QQQ,86.04115543897262,87.06499039713418,85.61094966177777,86.63183124092954,86.63183124092954,1000000.0
2021-04-22,QQQ,86.63183124092954,87.06499039713418,86.0108329112975,86.44304815205778,86.44304815205778,1000000.0
2021-04-23,QQQ,86.44304815205778,87.13210892984183,86.0108329112975,86.6986158505889,86.6986158505889,1000000.0
2021-04-26,QQQ,86.6986158505889,90.19807647844218,86.26512277133595,89.7493298292957,89.7493298292957,1000000.0
2021-04-27,QQQ,89.7493298292957,90.19807647844218,88.04596932919333,88.48841138612394,88.48841138612394,1000000.0
2021-04-28,QQQ,88.48841138612394,88.93085344305456,87.73122104654132,88.17208145381038,88.17208145381038,1000000.0
2021-04-29,QQQ,88.17208145381038,88.61294186107942,87.50380078123926,87.9435183731048,87.9435183731048,1000000.0
2021-04-30,QQQ,87.9435183731048,88.38323596497031,86.76613325760341,87.20214397749086,87.20214397749086,1000000.0
2021-05-03,QQQ,87.20214397749086,87.63815469737831,85.30831235152785,85.73699733821894,85.73699733821894,1000000.0
2021-05-04,QQQ,85.73699733821894,88.01303116994539,85.30831235152785,87.5751553929805,87.5751553929805,1000000.0
2021-05-05,QQQ,87.5751553929805,88.30936147441733,87.1372796160156,87.87001141733069,87.87001141733069,1000000.0
2021-05-06,QQQ,87.87001141733069,88.30936147441733,85.49792783745113,85.92756566578004,85.92756566578004,1000000.0
2021-05-07,QQQ,85.92756566578004,86.35720349410893,84.76270823253755,85.18865148998749,85.18865148998749,1000000.0
2021-05-10,QQQ,85.18865148998749,86.11003688549515,84.76270823253755,85.68162874178623,85.68162874178623,1000000.0
2021-05-11,QQQ,85.68162874178623,86.6061161825678,85.25322059807729,86.17523998265455,86.17523998265455,1000000.0
2021-05-12,QQQ,86.17523998265455,86.6061161825678,84.19588958996412,84.61898451252677,84.61898451252677,1000000.0
2021-05-13,QQQ,84.61898451252677,85.04207943508939,84.13793652488894,84.56074022601904,84.56074022601904,1000000.0
2021-05-14,QQQ,84.56074022601904,85.31489851381843,84.13793652488894,84.89044628240642,84.89044628240642,1000000.0
2021-05-17,QQQ,84.89044628240642,85.79429680573517,84.46599405099438,85.36745950819422,85.36745950819422,1000000.0
2021-05-18,QQQ,85.36745950819422,86.2786632482162,84.94062221065325,85.84941616737932,85.84941616737932,1000000.0
2021-05-19,QQQ,85.84941616737932,86.2786632482162,83.46130072085829,83.88070424206863,83.88070424206863,1000000.0
2021-05-20,QQQ,83.88070424206863,86.39189986838316,83.46130072085829,85.96208942127679,85.96208942127679,1000000.0
2021-05-21,QQQ,85.96208942127679,86.67267412773936,85.5322789741704,86.24146679377051,86.24146679377051,1000000.0
2021-05-24,QQQ,86.24146679377051,88.7760159791695,85.81025945980166,88.3343442578801,88.3343442578801,1000000.0
2021-05-25,QQQ,88.3343442578801,92.18863054912218,87.89267253659071,91.72998064589272,91.72998064589272,1000000.0
2021-05-26,QQQ,91.72998064589272,92.18863054912218,91.12657561654676,91.58449810708217,91.58449810708217,1000000.0
2021-05-27,QQQ,91.58449810708217,92.04242059761756,89.72151234713027,90.17237421822138,90.17237421822138,1000000.0
2021-05-28,QQQ,90.17237421822138,91.69284463663303,89.72151234713027,91.23666132998312,91.23666132998312,1000000.0
2021-05-31,QQQ,91.23666132998312,91.69284463663303,90.61261361578315,91.06795338269663,91.06795338269663,1000000.0
2021-06-01,QQQ,91.06795338269663,91.5232931496101,90.12747877828662,90.58038068169509,90.58038068169509,1000000.0
2021-06-02,QQQ,90.58038068169509,91.03328258510355,88.96938981827651,89.41647217917237,89.41647217917237,1000000.0
2021-06-03,QQQ,89.41647217917237,91.90299868208172,88.96938981827651,91.44576983291714,91.44576983291714,1000000.0
2021-06-04,QQQ,91.44576983291714,91.90299868208172,90.51167132805925,90.96650384729573,90.96650384729573,1000000.0
2021-06-07,QQQ,90.96650384729573,91.4213363665322,88.92418966347124,89.3710448879108,89.3710448879108,1000000.0
2021-06-08,QQQ,89.3710448879108,89.81790011235034,88.45250817438318,88.8969931400836,88.8969931400836,1000000.0
2021-06-09,QQQ,88.8969931400836,89.341478105784,87.17533298139429,87.6133999813008,87.6133999813008,1000000.0
2021-06-10,QQQ,87.6133999813008,88.27652786969217,87.17533298139429,87.83734116387282,87.83734116387282,1000000.0
2021-06-11,QQQ,87.83734116387282,88.27652786969217,86.96645129277931,87.4034686359591,87.4034686359591,1000000.0
2021-06-14,QQQ,87.4034686359591,87.84048597913889,85.82204533643511,86.25331189591468,86.25331189591468,1000000.0
2021-06-15,QQQ,86.25331189591468,87.40906147973637,85.82204533643511,86.97419052710087,86.97419052710087,1000000.0
2021-06-16,QQQ,86.97419052710087,87.40906147973637,85.8613882431004,86.29285250562853,86.29285250562853,1000000.0
2021-06-17,QQQ,86.29285250562853,87.58793067249388,85.8613882431004,87.15216982337701,87.15216982337701,1000000.0
2021-06-18,QQQ,87.15216982337701,89.0801027894685,86.71640897426012,88.63691819847612,88.63691819847612,1000000.0
2021-06-21,QQQ,88.63691819847612,89.0801027894685,87.82362368126925,88.26494842338619,88.26494842338619,1000000.0
2021-06-22,QQQ,88.26494842338619,88.7062731655031,87.13214201219918,87.56999197205948,87.56999197205948,1000000.0
2021-06-23,QQQ,87.56999197205948,88.2802816877306,87.13214201219918,87.84107630619961,87.84107630619961,1000000.0
2021-06-24,QQQ,87.84107630619961,89.35396496374292,87.40187092466861,88.90941787437107,88.90941787437107,1000000.0
2021-06-25,QQQ,88.90941787437107,89.3954071291893,88.46487078499922,88.95065385988985,88.95065385988985,1000000.0
2021-06-28,QQQ,88.95065385988985,89.60299381329409,88.5059005905904,89.15720777442199,89.15720777442199,1000000.0
2021-06-29,QQQ,89.15720777442199,89.61647288138467,88.71142173554988,89.17061978247231,89.17061978247231,1000000.0
2021-06-30,QQQ,89.17061978247231,90.02477788606197,88.72476668355995,89.57689341896715,89.57689341896715,1000000.0
2021-07-01,QQQ,89.57689341896715,90.80901832650417,89.12900895187231,90.35723216567581,90.35723216567581,1000000.0
2021-07-02,QQQ,90.35723216567581,90.80901832650417,89.1285491504318,89.57643130696663,89.57643130696663,1000000.0
2021-07-05,QQQ,89.57643130696663,90.02431346350144,88.61549772788698,89.06080173656983,89.06080173656983,1000000.0
2021-07-06,QQQ,89.06080173656983,89.60162891148154,88.61549772788698,89.15584966316572,89.15584966316572,1000000.0
2021-07-07,QQQ,89.15584966316572,89.60162891148154,87.98962400724002,88.43178292184928,88.43178292184928,1000000.0
2021-07-08,QQQ,88.43178292184928,89.07588195475931,87.98962400724002,88.6327183629446,88.6327183629446,1000000.0
2021-07-09,QQQ,88.6327183629446,89.74376473085294,88.18955477112988,89.29727833915717,89.29727833915717,1000000.0
2021-07-12,QQQ,89.29727833915717,89.76329652136717,88.85079194746139,89.31671295658425,89.31671295658425,1000000.0
2021-07-13,QQQ,89.31671295658425,89.76329652136717,88.21966858563148,88.66298350314722,88.66298350314722,1000000.0
2021-07-14,QQQ,88.66298350314722,89.10629842066294,87.37649475550066,87.81557261859362,87.81557261859362,1000000.0
2021-07-15,QQQ,87.81557261859362,90.33204966764282,87.37649475550066,89.88263648521675,89.88263648521675,1000000.0
2021-07-16,QQQ,89.88263648521675,91.415303401005,89.43322330279067,90.9605008965224,90.9605008965224,1000000.0
2021-07-19,QQQ,90.9605008965224,91.415303401005,89.24218331588223,89.6906364983741,89.6906364983741,1000000.0
2021-07-20,QQQ,89.6906364983741,90.13908968086596,88.31592892729974,88.75972756512536,88.75972756512536,1000000.0
2021-07-21,QQQ,88.75972756512536,91.44891875870823,88.31592892729974,90.99394901364003,90.99394901364003,1000000.0
2021-07-22,QQQ,90.99394901364003,93.31001291292803,90.53897926857184,92.84578399296322,92.84578399296322,1000000.0
2021-07-23,QQQ,92.84578399296322,93.51236876333931,92.38155507299841,93.04713309785006,93.04713309785006,1000000.0
2021-07-26,QQQ,93.04713309785006,94.97804403631918,92.58189743236082,94.50551645404894,94.50551645404894,1000000.0
2021-07-27,QQQ,94.50551645404894,94.97804403631918,92.27884428957348,92.74255707494822,92.74255707494822,1000000.0
2021-07-28,QQQ,92.74255707494822,93.25447512833959,92.27884428957348,92.7905225157608,92.7905225157608,1000000.0
2021-07-29,QQQ,92.7905225157608,94.20399282862664,92.32656990318199,93.7353162473897,93.7353162473897,1000000.0
2021-07-30,QQQ,93.7353162473897,94.20399282862664,91.0840683886948,91.54177727507016,91.54177727507016,1000000.0
2021-08-02,QQQ,91.54177727507016,91.9994861614455,90.2067252413973,90.6600253682385,90.6600253682385,1000000.0
2021-08-03,QQQ,90.6600253682385,92.09136479645119,90.2067252413973,91.633198802439,91.633198802439,1000000.0
2021-08-04,QQQ,91.633198802439,93.50289219271659,91.1750328084268,93.03770367434487,93.03770367434487,1000000.0
2021-08-05,QQQ,93.03770367434487,93.50289219271659,91.90719223456495,92.36903742167331,92.36903742167331,1000000.0
2021-08-06,QQQ,92.36903742167331,93.22788701835415,91.90719223456495,92.76406668492952,92.76406668492952,1000000.0
2021-08-09,QQQ,92.76406668492952,95.23582243247735,92.30024635150487,94.76201237062423,94.76201237062423,1000000.0
2021-08-10,QQQ,94.76201237062423,95.23582243247735,93.8681317496688,94.33983090418975,94.33983090418975,1000000.0
2021-08-11,QQQ,94.33983090418975,94.81153005871069,92.30120631528627,92.76503147264951,92.76503147264951,1000000.0
2021-08-12,QQQ,92.76503147264951,93.22885663001274,92.27367707483181,92.73736389430333,92.73736389430333,1000000.0
2021-08-13,QQQ,92.73736389430333,93.20105071377483,91.84917804221732,92.31073170072092,92.31073170072092,1000000.0
2021-08-16,QQQ,92.31073170072092,94.40193526511683,91.84917804221732,93.93227389563864,93.93227389563864,1000000.0
2021-08-17,QQQ,93.93227389563864,94.64594890153231,93.46261252616046,94.175073533863,94.175073533863,1000000.0
2021-08-18,QQQ,94.175073533863,94.64594890153231,92.77857709726352,93.24480110277742,93.24480110277742,1000000.0
2021-08-19,QQQ,93.24480110277742,96.72993552354284,92.77857709726352,96.24869206322671,96.24869206322671,1000000.0
2021-08-20,QQQ,96.24869206322671,96.72993552354284,95.19441948956167,95.67278340659465,95.67278340659465,1000000.0
2021-08-23,QQQ,95.67278340659465,96.79188905144375,95.19441948956167,96.31033736462065,96.31033736462065,1000000.0
2021-08-24,QQQ,96.31033736462065,97.69537411136385,95.82878567779754,97.2093274739939,97.2093274739939,1000000.0
2021-08-25,QQQ,97.2093274739939,98.74595068047628,96.72328083662393,98.25467729400626,98.25467729400626,1000000.0
2021-08-26,QQQ,98.25467729400626,99.01766849379648,97.76340390753623,98.52504327740944,98.52504327740944,1000000.0
2021-08-27,QQQ,98.52504327740944,99.82563996020058,98.03241806102238,99.32899498527422,99.32899498527422,1000000.0
2021-08-30,QQQ,99.32899498527422,99.82563996020058,98.79453137153975,99.29098630305502,99.29098630305502,1000000.0
2021-08-31,QQQ,99.29098630305502,99.78744123457028,97.03705220351539,97.5246755814225,97.5246755814225,1000000.0
2021-09-01,QQQ,97.5246755814225,98.0122989593296,96.80855311413545,97.29502825541252,97.29502825541252,1000000.0
2021-09-02,QQQ,97.29502825541252,97.78150339668957,96.60746273387497,97.09292737072862,97.09292737072862,1000000.0
2021-09-03,QQQ,97.09292737072862,97.57839200758225,96.43272634054773,96.9173129050731,96.9173129050731,1000000.0
2021-09-06,QQQ,96.9173129050731,97.6231740955497,96.43272634054773,97.13748666223852,97.13748666223852,1000000.0
2021-09-07,QQQ,97.13748666223852,97.6231740955497,95.9180023126949,96.40000232431647,96.40000232431647,1000000.0
2021-09-08,QQQ,96.40000232431647,98.61231127132818,95.9180023126949,98.12170275754049,98.12170275754049,1000000.0
2021-09-09,QQQ,98.12170275754049,100.69170352305247,97.63109424375278,100.19074977418157,100.19074977418157,1000000.0
2021-09-10,QQQ,100.19074977418157,100.69170352305247,96.92704905234744,97.41411965060044,97.41411965060044,1000000.0
2021-09-13,QQQ,97.41411965060044,97.9620291133996,96.92704905234744,97.47465583422846,97.47465583422846,1000000.0
2021-09-14,QQQ,97.47465583422846,97.9620291133996,96.14352559988615,96.62665889435793,96.62665889435793,1000000.0
2021-09-15,QQQ,96.62665889435793,97.10979218882972,92.98711759238527,93.4543895400857,93.4543895400857,1000000.0
2021-09-16,QQQ,93.4543895400857,94.4709909313919,92.98711759238527,94.00098600138499,94.00098600138499,1000000.0
2021-09-17,QQQ,94.00098600138499,94.4709909313919,92.82800152270208,93.2944738921629,93.2944738921629,1000000.0
2021-09-20,QQQ,93.2944738921629,93.7609462616237,92.42188350425941,92.8863150796577,92.8863150796577,1000000.0
2021-09-21,QQQ,92.8863150796577,93.35074665505599,91.6881615996632,92.14890613031478,92.14890613031478,1000000.0
2021-09-22,QQQ,92.14890613031478,93.97458998910022,91.6881615996632,93.50705471552261,93.50705471552261,1000000.0
2021-09-23,QQQ,93.50705471552261,95.5486270476756,93.039519441945,95.07326074395583,95.07326074395583,1000000.0
2021-09-24,QQQ,95.07326074395583,95.94102133694997,94.59789444023605,95.4637028228358,95.4637028228358,1000000.0
2021-09-27,QQQ,95.4637028228358,96.85781292634431,94.98638430872163,96.37593326004409,96.37593326004409,1000000.0
2021-09-28,QQQ,96.37593326004409,96.85781292634431,95.80188926353448,96.28330579249696,96.28330579249696,1000000.0
2021-09-29,QQQ,96.28330579249696,96.98967787182801,95.80188926353448,96.5071421610229,96.5071421610229,1000000.0
2021-09-30,QQQ,96.5071421610229,96.98967787182801,95.15066300148312,95.62880703666646,95.62880703666646,1000000.0
2021-10-01,QQQ,95.62880703666646,96.19820528731239,95.15066300148312,95.71960725105711,95.71960725105711,1000000.0
2021-10-04,QQQ,95.71960725105711,96.19820528731239,94.40866901123152,94.88308443339852,94.88308443339852,1000000.0
2021-10-05,QQQ,94.88308443339852,95.8689664351872,94.40866901123152,95.39200640317135,95.39200640317135,1000000.0
2021-10-06,QQQ,95.39200640317135,96.95409623425668,94.9150463711555,96.47173754652407,96.47173754652407,1000000.0
2021-10-07,QQQ,96.47173754652407,97.39561486033044,95.98937885879144,96.91105956251786,96.91105956251786,1000000.0
2021-10-08,QQQ,96.91105956251786,98.95595636852104,96.42650426470527,98.46363817763289,98.46363817763289,1000000.0
2021-10-11,QQQ,98.46363817763289,102.52924290817349,97.97131998674472,102.01914717231193,102.01914717231193,1000000.0
2021-10-12,QQQ,102.01914717231193,102.52924290817349,98.81631036408685,99.31287473777573,99.31287473777573,1000000.0
2021-10-13,QQQ,99.31287473777573,99.87712209512691,98.81631036408685,99.38022099017604,99.38022099017604,1000000.0
2021-10-14,QQQ,99.38022099017604,99.87712209512691,98.20407593922538,98.69756375801545,98.69756375801545,1000000.0
2021-10-15,QQQ,98.69756375801545,99.19105157680552,97.67158522610279,98.16239721216361,98.16239721216361,1000000.0
2021-10-18,QQQ,98.16239721216361,98.65320919822442,96.01019689159394,96.49266019255671,96.49266019255671,1000000.0
2021-10-19,QQQ,96.49266019255671,97.08990888392219,96.01019689159394,96.60687451136538,96.60687451136538,1000000.0
2021-10-20,QQQ,96.60687451136538,97.08990888392219,95.84955399754612,96.33121004778505,96.33121004778505,1000000.0
2021-10-21,QQQ,96.33121004778505,96.81286609802396,95.11187186785826,95.58982097272187,95.58982097272187,1000000.0
2021-10-22,QQQ,95.58982097272187,96.06777007758546,94.84534363090962,95.32195339789912,95.32195339789912,1000000.0
2021-10-25,QQQ,95.32195339789912,95.7985631648886,94.16437584756805,94.63756366589755,94.63756366589755,1000000.0
2021-10-26,QQQ,94.63756366589755,95.11075148422702,91.38523742486602,91.84445972348344,91.84445972348344,1000000.0
2021-10-27,QQQ,91.84445972348344,93.65242746616582,91.38523742486602,93.18649499120978,93.18649499120978,1000000.0
2021-10-28,QQQ,93.18649499120978,93.65242746616582,92.40167638665245,92.86600641874618,92.86600641874618,1000000.0
2021-10-29,QQQ,92.86600641874618,93.33033645083991,91.31360910396417,91.77247146127053,91.77247146127053,1000000.0
2021-11-01,QQQ,91.77247146127053,92.64576815492099,91.31360910396417,92.18484393524477,92.18484393524477,1000000.0
2021-11-02,QQQ,92.18484393524477,92.64576815492099,90.98289244803851,91.44009291260151,91.44009291260151,1000000.0
2021-11-03,QQQ,91.44009291260151,91.89729337716452,88.49176758872669,88.93644983791627,88.93644983791627,1000000.0
2021-11-04,QQQ,88.93644983791627,90.46285642586261,88.49176758872669,90.0127924635449,90.0127924635449,1000000.0
2021-11-05,QQQ,90.0127924635449,90.46285642586261,87.67545958864326,88.11603978758117,88.11603978758117,1000000.0
2021-11-08,QQQ,88.11603978758117,88.55661998651907,87.47060078038415,87.91015153807452,87.91015153807452,1000000.0
2021-11-09,QQQ,87.91015153807452,88.53207009808929,87.47060078038415,88.09161203789981,88.09161203789981,1000000.0
2021-11-10,QQQ,88.09161203789981,90.14419439754735,87.65115397771031,89.69571581845508,89.69571581845508,1000000.0
2021-11-11,QQQ,89.69571581845508,91.59542609111125,89.2472372393628,91.13972745384206,91.13972745384206,1000000.0
2021-11-12,QQQ,91.13972745384206,91.83890980393728,90.68402881657285,91.38199980491272,91.38199980491272,1000000.0
2021-11-15,QQQ,91.38199980491272,91.83890980393728,90.07222856844412,90.52485283260715,90.52485283260715,1000000.0
2021-11-16,QQQ,90.52485283260715,90.97747709677017,89.63135697934864,90.08176580839059,90.08176580839059,1000000.0
2021-11-17,QQQ,90.08176580839059,91.86732626909665,89.63135697934864,91.41027489462354,91.41027489462354,1000000.0
2021-11-18,QQQ,91.41027489462354,94.0728302324765,90.95322352015042,93.60480620146917,93.60480620146917,1000000.0
2021-11-19,QQQ,93.60480620146917,94.78759292733622,93.13678217046183,94.31601286302113,94.31601286302113,1000000.0
2021-11-22,QQQ,94.31601286302113,94.78759292733622,93.10756729412105,93.57544451670458,93.57544451670458,1000000.0
2021-11-23,QQQ,93.57544451670458,95.35791923141038,93.10756729412105,94.88350172279641,94.88350172279641,1000000.0
2021-11-24,QQQ,94.88350172279641,95.35791923141038,93.99665331853318,94.46899831008359,94.46899831008359,1000000.0
2021-11-25,QQQ,94.46899831008359,94.941343301634,93.54635953370573,94.01644174241781,94.01644174241781,1000000.0
2021-11-26,QQQ,94.01644174241781,94.4865239511299,93.25433494259626,93.72294969105151,93.72294969105151,1000000.0
2021-11-29,QQQ,93.72294969105151,94.96444561714017,93.25433494259626,94.4919856886967,94.4919856886967,1000000.0
2021-11-30,QQQ,94.4919856886967,95.35255600175829,94.01952576025322,94.8781651758789,94.8781651758789,1000000.0
2021-12-01,QQQ,94.8781651758789,96.63949964536735,94.40377434999951,96.15870611479339,96.15870611479339,1000000.0
2021-12-02,QQQ,96.15870611479339,98.33113086481207,95.67791258421943,97.84192125851948,97.84192125851948,1000000.0
2021-12-03,QQQ,97.84192125851948,99.03891582941172,97.35271165222687,98.5461849048873,98.5461849048873,1000000.0
2021-12-06,QQQ,98.5461849048873,99.03891582941172,95.1727206728154,95.65097555056825,95.65097555056825,1000000.0
2021-12-07,QQQ,95.65097555056825,96.12923042832108,93.14315262848143,93.61120867184063,93.61120867184063,1000000.0
2021-12-08,QQQ,93.61120867184063,94.32057162874479,93.14315262848143,93.8513150534774,93.8513150534774,1000000.0
2021-12-09,QQQ,93.8513150534774,94.32057162874479,93.35020219332523,93.81929868675903,93.81929868675903,1000000.0
2021-12-10,QQQ,93.81929868675903,97.02102121115149,93.35020219332523,96.53832956333483,96.53832956333483,1000000.0
2021-12-13,QQQ,96.53832956333483,97.03142409286698,96.05563791551815,96.5486806894199,96.5486806894199,1000000.0
2021-12-14,QQQ,96.5486806894199,97.03142409286698,95.92348796202467,96.40551553972328,96.40551553972328,1000000.0
2021-12-15,QQQ,96.40551553972328,98.13278415393883,95.92348796202467,97.64456134720282,97.64456134720282,1000000.0
2021-12-16,QQQ,97.64456134720282,99.54991099423982,97.1563385404668,99.05463780521376,99.05463780521376,1000000.0
2021-12-17,QQQ,99.05463780521376,99.54991099423982,98.30734269776467,98.80134944498961,98.80134944498961,1000000.0
2021-12-20,QQQ,98.80134944498961,99.95803338943364,98.30734269776467,99.46072974073,99.46072974073,1000000.0
2021-12-21,QQQ,99.46072974073,99.95803338943364,97.56455307139385,98.054827207431,98.054827207431,1000000.0
2021-12-22,QQQ,98.054827207431,98.54510134346815,96.42382020265477,96.90836201271836,96.90836201271836,1000000.0
2021-12-23,QQQ,96.90836201271836,99.01618314160503,96.42382020265477,98.52356531502988,98.52356531502988,1000000.0
2021-12-24,QQQ,98.52356531502988,99.01618314160503,96.30213189208,96.78606220309548,96.78606220309548,1000000.0
2021-12-27,QQQ,96.78606220309548,98.49251978902767,96.30213189208,98.00250725276386,98.00250725276386,1000000.0
2021-12-28,QQQ,98.00250725276386,99.41402030422337,97.51249471650004,98.91942318828197,98.91942318828197,1000000.0
2021-12-29,QQQ,98.91942318828197,100.46405191915456,98.42482607234055,99.96423076532793,99.96423076532793,1000000.0
2021-12-30,QQQ,99.96423076532793,101.71418587485246,99.46440961150128,101.20814514910694,101.20814514910694,1000000.0
2021-12-31,QQQ,101.20814514910694,102.51375657306971,100.7021044233614,102.00373788365147,102.00373788365147,1000000.0
2022-01-03,QQQ,102.00373788365147,102.51375657306971,98.75657185220344,99.25283603236527,99.25283603236527,1000000.0
2022-01-04,QQQ,99.25283603236527,99.74910021252708,97.52424544182536,98.01431702696016,98.01431702696016,1000000.0
2022-01-05,QQQ,98.01431702696016,98.50438861209494,96.81325986041895,97.29975865368739,97.29975865368739,1000000.0
2022-01-06,QQQ,97.29975865368739,99.00562993444015,96.81325986041895,98.51306461138324,98.51306461138324,1000000.0
2022-01-07,QQQ,98.51306461138324,99.00562993444015,96.6421676995883,97.12780673325457,97.12780673325457,1000000.0
2022-01-10,QQQ,97.12780673325457,97.61344576692083,95.80851164157532,96.28996144881943,96.28996144881943,1000000.0
2022-01-11,QQQ,96.28996144881943,96.77141125606352,95.40538014588488,95.88480416671847,95.88480416671847,1000000.0
2022-01-12,QQQ,95.88480416671847,98.07658652848912,95.40538014588488,97.58864331192947,97.58864331192947,1000000.0
2022-01-13,QQQ,97.58864331192947,98.07658652848912,95.34624014615508,95.82536698106038,95.82536698106038,1000000.0
2022-01-14,QQQ,95.82536698106038,96.30449381596567,93.7295787909547,94.20058169945196,94.20058169945196,1000000.0
2022-01-17,QQQ,94.20058169945196,95.49434143225254,93.7295787909547,95.01924520622144,95.01924520622144,1000000.0
2022-01-18,QQQ,95.01924520622144,95.49434143225254,92.01347630481573,92.47585558272937,92.47585558272937,1000000.0
2022-01-19,QQQ,92.47585558272937,93.38687813943204,92.01347630481573,92.92226680540503,92.92226680540503,1000000.0
2022-01-20,QQQ,92.92226680540503,93.38687813943204,91.95949690063482,92.42160492526112,92.42160492526112,1000000.0
2022-01-21,QQQ,92.42160492526112,92.88371294988741,90.13854365250717,90.59150115829866,90.59150115829866,1000000.0
2022-01-24,QQQ,90.59150115829866,91.04445866409014,89.69224697313868,90.14296178204893,90.14296178204893,1000000.0
2022-01-25,QQQ,90.14296178204893,90.59367659095916,88.5756112711497,89.02071484537657,89.02071484537657,1000000.0
2022-01-26,QQQ,89.02071484537657,89.7060161991214,88.5756112711497,89.25971761106607,89.25971761106607,1000000.0
2022-01-27,QQQ,89.25971761106607,90.17637943843552,88.81341902301074,89.72774073476172,89.72774073476172,1000000.0
2022-01-28,QQQ,89.72774073476172,91.98486242240946,89.27910203108792,91.5272262909547,91.5272262909547,1000000.0
2022-01-31,QQQ,91.5272262909547,92.01557135225804,91.06959015949992,91.55778244005775,91.55778244005775,1000000.0
2022-02-01,QQQ,91.55778244005775,92.18201183157913,91.09999352785746,91.72339485729267,91.72339485729267,1000000.0
2022-02-02,QQQ,91.72339485729267,92.18201183157913,90.62769842532127,91.08311399529777,91.08311399529777,1000000.0
2022-02-03,QQQ,91.08311399529777,91.55617471644314,90.62769842532127,91.10067135964492,91.10067135964492,1000000.0
2022-02-04,QQQ,91.10067135964492,92.86042387609496,90.64516800284669,92.39843171750744,92.39843171750744,1000000.0
2022-02-07,QQQ,92.39843171750744,92.86042387609496,89.70828782263135,90.15908323882547,90.15908323882547,1000000.0
2022-02-08,QQQ,90.15908323882547,91.4353274385054,89.70828782263135,90.98042531194568,90.98042531194568,1000000.0
2022-02-09,QQQ,90.98042531194568,91.4353274385054,89.9428559612258,90.39483011178473,90.39483011178473,1000000.0
2022-02-10,QQQ,90.39483011178473,90.97958959839205,89.9428559612258,90.5269548242707,90.5269548242707,1000000.0
2022-02-11,QQQ,90.5269548242707,91.41053861007276,90.07432005014935,90.95575981101769,90.95575981101769,1000000.0
2022-02-14,QQQ,90.95575981101769,92.47316535065717,90.5009810119626,92.01309985140018,92.01309985140018,1000000.0
2022-02-15,QQQ,92.01309985140018,92.80659835602285,91.55303435214319,92.3448739860924,92.3448739860924,1000000.0
2022-02-16,QQQ,92.3448739860924,92.80659835602285,91.46121702278113,91.92082112842324,91.92082112842324,1000000.0
2022-02-17,QQQ,91.92082112842324,92.8019019350682,91.46121702278113,92.34020093041613,92.34020093041613,1000000.0
2022-02-18,QQQ,92.34020093041613,92.86264681189701,91.87849992576405,92.40064359392738,92.40064359392738,1000000.0
2022-02-21,QQQ,92.40064359392738,92.86264681189701,91.74040502340223,92.20141208382134,92.20141208382134,1000000.0
2022-02-22,QQQ,92.20141208382134,92.95633876473045,91.74040502340223,92.49386941764224,92.49386941764224,1000000.0
2022-02-23,QQQ,92.49386941764224,94.06503959562956,92.03140007055403,93.59705432400952,93.59705432400952,1000000.0
2022-02-24,QQQ,93.59705432400952,94.28147946492042,93.12906905238947,93.81241737803028,93.81241737803028,1000000.0
2022-02-25,QQQ,93.81241737803028,94.51947240723851,93.34335529114013,94.04922627585923,94.04922627585923,1000000.0
2022-02-28,QQQ,94.04922627585923,94.51947240723851,92.07174885294876,92.53442095773745,92.53442095773745,1000000.0
2022-03-01,QQQ,92.53442095773745,92.99709306252613,91.96582180143695,92.42796160948437,92.42796160948437,1000000.0
2022-03-02,QQQ,92.42796160948437,92.89010141753178,89.81596811728178,90.26730464048421,90.26730464048421,1000000.0
2022-03-03,QQQ,90.26730464048421,91.61756398866846,89.81596811728178,91.16175521260544,91.16175521260544,1000000.0
2022-03-04,QQQ,91.16175521260544,91.61756398866846,89.64994784848558,90.10045009898049,90.10045009898049,1000000.0
2022-03-07,QQQ,90.10045009898049,92.13479447504531,89.64994784848558,91.67641241298041,91.67641241298041,1000000.0
2022-03-08,QQQ,91.67641241298041,95.83877424715635,91.21803035091551,95.3619644250312,95.3619644250312,1000000.0
2022-03-09,QQQ,95.3619644250312,95.83877424715635,94.44343381815683,94.91802393784606,94.91802393784606,1000000.0
2022-03-10,QQQ,94.91802393784606,97.10436683608513,94.44343381815683,96.62126053341805,96.62126053341805,1000000.0
2022-03-11,QQQ,96.62126053341805,97.66401143024922,96.13815423075096,97.17812082611863,97.17812082611863,1000000.0
2022-03-14,QQQ,97.17812082611863,97.66401143024922,96.04263573383413,96.5252620440544,96.5252620440544,1000000.0
2022-03-15,QQQ,96.5252620440544,97.00788835427467,95.04544714972916,95.52306246203935,95.52306246203935,1000000.0
2022-03-16,QQQ,95.52306246203935,96.75291818403855,95.04544714972916,96.27156038212792,96.27156038212792,1000000.0
2022-03-17,QQQ,96.27156038212792,98.57258472359459,95.79020258021728,98.08217385432299,98.08217385432299,1000000.0
2022-03-18,QQQ,98.08217385432299,99.07640781640275,97.59176298505137,98.58349036457986,98.58349036457986,1000000.0
2022-03-21,QQQ,98.58349036457986,99.07640781640275,96.22956030507724,96.713125934751,96.713125934751,1000000.0
2022-03-22,QQQ,96.713125934751,97.19669156442475,94.9819825190918,95.4592789136601,95.4592789136601,1000000.0
2022-03-23,QQQ,95.4592789136601,95.93657530822838,94.74826666627867,95.22438860932529,95.22438860932529,1000000.0
2022-03-24,QQQ,95.22438860932529,97.45266714731784,94.74826666627867,96.96782800728144,96.96782800728144,1000000.0
2022-03-25,QQQ,96.96782800728144,97.8613023581229,96.48298886724503,97.37443020708747,97.37443020708747,1000000.0
2022-03-28,QQQ,97.37443020708747,98.32768247197713,96.88755805605203,97.8384900218678,97.8384900218678,1000000.0
2022-03-29,QQQ,97.8384900218678,99.93721595630753,97.34929757175846,99.44001587692293,99.44001587692293,1000000.0
2022-03-30,QQQ,99.44001587692293,99.93721595630753,98.72935554224802,99.22548295703318,99.22548295703318,1000000.0
2022-03-31,QQQ,99.22548295703318,99.72161037181833,98.66436286460895,99.16016368302407,99.16016368302407,1000000.0
2022-04-01,QQQ,99.16016368302407,99.65596450143917,98.48059823953272,98.97547561762083,98.97547561762083,1000000.0
2022-04-04,QQQ,98.97547561762083,99.47035299570892,96.27859972105678,96.76241177995657,96.76241177995657,1000000.0
2022-04-05,QQQ,96.76241177995657,97.88692412638696,96.27859972105678,97.39992450386762,97.39992450386762,1000000.0
2022-04-06,QQQ,97.39992450386762,98.46034530424703,96.91292488134829,97.9704928400468,97.9704928400468,1000000.0
2022-04-07,QQQ,97.9704928400468,99.76671720021518,97.48064037584656,99.27036537334845,99.27036537334845,1000000.0
2022-04-08,QQQ,99.27036537334845,99.76671720021518,97.30776666526278,97.79675041734953,97.79675041734953,1000000.0
2022-04-11,QQQ,97.79675041734953,98.28573416943627,96.3293053717877,96.81337223295246,96.81337223295246,1000000.0
2022-04-12,QQQ,96.81337223295246,98.53588265397173,96.3293053717877,98.04565438206143,98.04565438206143,1000000.0
2022-04-13,QQQ,98.04565438206143,99.00007164380017,97.55542611015112,98.50753397393052,98.50753397393052,1000000.0
2022-04-14,QQQ,98.50753397393052,100.836047700581,98.01499630406087,100.33437582147364,100.33437582147364,1000000.0
2022-04-15,QQQ,100.33437582147364,100.836047700581,98.76827059601928,99.26459356383847,99.26459356383847,1000000.0
2022-04-18,QQQ,99.26459356383847,100.07169986930548,98.76827059601928,99.57383071572686,99.57383071572686,1000000.0
2022-04-19,QQQ,99.57383071572686,100.07169986930548,98.25821672992711,98.75197661299208,98.75197661299208,1000000.0
2022-04-20,QQQ,98.75197661299208,99.69601983172082,98.25821672992711,99.20001973305556,99.20001973305556,1000000.0
2022-04-21,QQQ,99.20001973305556,99.69601983172082,98.13264550638291,98.62577437827429,98.62577437827429,1000000.0
2022-04-22,QQQ,98.62577437827429,99.86185139115722,98.13264550638291,99.36502625985794,99.36502625985794,1000000.0
2022-04-25,QQQ,99.36502625985794,101.32624640664461,98.86820112855865,100.8221357280046,100.8221357280046,1000000.0
2022-04-26,QQQ,100.8221357280046,102.27077879601468,100.31802504936458,101.7619689512584,101.7619689512584,1000000.0
2022-04-27,QQQ,101.7619689512584,102.27077879601468,98.95016666065554,99.4474036790508,99.4474036790508,1000000.0
2022-04-28,QQQ,99.4474036790508,101.22458751433761,98.95016666065554,100.72098260133097,100.72098260133097,1000000.0
2022-04-29,QQQ,100.72098260133097,101.86615391633774,100.21737768832432,101.35935713068433,101.35935713068433,1000000.0
2022-05-02,QQQ,101.35935713068433,101.86615391633774,99.54406223771562,100.0442836559956,100.0442836559956,1000000.0
2022-05-03,QQQ,100.0442836559956,100.54450507427556,98.45360508161568,98.94834681569415,98.94834681569415,1000000.0
2022-05-04,QQQ,98.94834681569415,99.50356707945983,98.45360508161568,99.00852445717396,99.00852445717396,1000000.0
2022-05-05,QQQ,99.00852445717396,100.2983631761995,98.5134818348881,99.79936634447712,99.79936634447712,1000000.0
2022-05-06,QQQ,99.79936634447712,100.2983631761995,98.7696311449788,99.26596094972744,99.26596094972744,1000000.0
2022-05-09,QQQ,99.26596094972744,99.76229075447607,96.75650150969639,97.242715085122,97.242715085122,1000000.0
2022-05-10,QQQ,97.242715085122,98.1363796225764,96.75650150969639,97.64813892793673,97.64813892793673,1000000.0
2022-05-11,QQQ,97.64813892793673,98.40244510208943,97.15989823329704,97.91288069859645,97.91288069859645,1000000.0
2022-05-12,QQQ,97.91288069859645,101.62609870877198,97.42331629510348,101.12049622763382,101.12049622763382,1000000.0
2022-05-13,QQQ,101.12049622763382,101.62609870877198,98.99298847539414,99.49044067878809,99.49044067878809,1000000.0
2022-05-16,QQQ,99.49044067878809,103.3744532894958,98.99298847539414,102.86015252686151,102.86015252686151,1000000.0
2022-05-17,QQQ,102.86015252686151,105.79878074734624,102.3458517642272,105.27241865407588,105.27241865407588,1000000.0
2022-05-18,QQQ,105.27241865407588,106.26963511899338,104.7460565608055,105.74093046666009,105.74093046666009,1000000.0
2022-05-19,QQQ,105.74093046666009,108.64073023210368,105.21222581432679,108.10022908667034,108.10022908667034,1000000.0
2022-05-20,QQQ,108.10022908667034,108.83159314505158,107.55972794123699,108.29014243288717,108.29014243288717,1000000.0
2022-05-23,QQQ,108.29014243288717,110.27900394848453,107.74869172072273,109.73035218754681,109.73035218754681,1000000.0
2022-05-24,QQQ,109.73035218754681,110.27900394848453,108.19925867421048,108.74297354192008,108.74297354192008,1000000.0
2022-05-25,QQQ,108.74297354192008,109.454689771979,108.19925867421048,108.91013907659604,108.91013907659604,1000000.0
2022-05-26,QQQ,108.91013907659604,109.454689771979,106.99914559134582,107.53682974004606,107.53682974004606,1000000.0
2022-05-27,QQQ,107.53682974004606,108.07451388874628,104.88240045672663,105.40944769520264,105.40944769520264,1000000.0
2022-05-30,QQQ,105.40944769520264,105.93649493367865,104.56492179507026,105.0903736633872,105.0903736633872,1000000.0
2022-05-31,QQQ,105.0903736633872,105.61582553170412,103.72493293670102,104.24616375547842,104.24616375547842,1000000.0
2022-06-01,QQQ,104.24616375547842,105.60325164997613,103.72493293670102,105.07786233828472,105.07786233828472,1000000.0
2022-06-02,QQQ,105.07786233828472,107.41605016052418,104.55247302659329,106.88164195077034,106.88164195077034,1000000.0
2022-06-03,QQQ,106.88164195077034,107.41605016052418,106.16670438835334,106.70020541543049,106.70020541543049,1000000.0
2022-06-06,QQQ,106.70020541543049,107.36956308339452,106.16670438835334,106.83538615263137,106.83538615263137,1000000.0
2022-06-07,QQQ,106.83538615263137,107.68601201053751,106.30120922186822,107.1502607070025,107.1502607070025,1000000.0
2022-06-08,QQQ,107.1502607070025,107.68601201053751,104.36621651832337,104.89066986766169,104.89066986766169,1000000.0
2022-06-09,QQQ,104.89066986766169,105.83742217718165,104.36621651832337,105.31086783799171,105.31086783799171,1000000.0
2022-06-10,QQQ,105.31086783799171,105.90598010209847,104.78431349880175,105.37908467870496,105.37908467870496,1000000.0
2022-06-13,QQQ,105.37908467870496,105.90598010209847,104.84147410180971,105.36831568021077,105.36831568021077,1000000.0
2022-06-14,QQQ,105.36831568021077,105.89515725861182,103.40409494734494,103.92371351491954,103.92371351491954,1000000.0
2022-06-15,QQQ,103.92371351491954,104.44333208249412,100.82437316539408,101.33102830692873,101.33102830692873,1000000.0
2022-06-16,QQQ,101.33102830692873,101.83768344846337,100.54714673786354,101.0524087817724,101.0524087817724,1000000.0
2022-06-17,QQQ,101.0524087817724,102.02693635743185,100.54714673786354,101.51933965913618,101.51933965913618,1000000.0
2022-06-20,QQQ,101.51933965913618,103.87297203019618,101.0117429608405,103.35619107482208,103.35619107482208,1000000.0
2022-06-21,QQQ,103.35619107482208,105.46445931634473,102.83941011944796,104.93976051377587,104.93976051377587,1000000.0
2022-06-22,QQQ,104.93976051377587,107.53250219653707,104.41506171120699,106.99751462341997,106.99751462341997,1000000.0
2022-06-23,QQQ,106.99751462341997,108.10494977773591,106.46252705030287,107.56711420670241,107.56711420670241,1000000.0
2022-06-24,QQQ,107.56711420670241,109.7969432794292,107.0292786356689,109.25068983027782,109.25068983027782,1000000.0
2022-06-27,QQQ,109.25068983027782,109.7969432794292,108.4679203689123,109.01298529538926,109.01298529538926,1000000.0
2022-06-28,QQQ,109.01298529538926,110.5120076809792,108.4679203689123,109.96219669749175,109.96219669749175,1000000.0
2022-06-29,QQQ,109.96219669749175,111.91478920447076,109.41238571400429,111.35799920842864,111.35799920842864,1000000.0
2022-06-30,QQQ,111.35799920842864,115.9546299729246,110.8012092123865,115.37774126659164,115.37774126659164,1000000.0
2022-07-01,QQQ,115.37774126659164,116.3791259261609,114.80085256025868,115.8001252996626,115.8001252996626,1000000.0
2022-07-04,QQQ,115.8001252996626,116.3791259261609,113.38733490478685,113.95712050732347,113.95712050732347,1000000.0
2022-07-05,QQQ,113.95712050732347,116.65493595268185,113.38733490478685,116.07456313699689,116.07456313699689,1000000.0
2022-07-06,QQQ,116.07456313699689,116.65493595268185,114.36937488622314,114.94409536303833,114.94409536303833,1000000.0
2022-07-07,QQQ,114.94409536303833,115.5188158398535,114.33634937121744,114.9109038906708,114.9109038906708,1000000.0
2022-07-08,QQQ,114.9109038906708,115.48545841012414,113.95683611436745,114.52948353202758,114.52948353202758,1000000.0
2022-07-11,QQQ,114.52948353202758,115.1021309496877,112.67627797196748,113.24249042408792,113.24249042408792,1000000.0
2022-07-12,QQQ,113.24249042408792,115.85866432409941,112.67627797196748,115.2822530588054,115.2822530588054,1000000.0
2022-07-13,QQQ,115.2822530588054,116.81831111951311,114.70584179351137,116.23712549205285,116.23712549205285,1000000.0
2022-07-14,QQQ,116.23712549205285,116.81831111951311,114.79677801657114,115.37364624781019,115.37364624781019,1000000.0
2022-07-15,QQQ,115.37364624781019,116.11312180444304,114.79677801657114,115.53544458153537,115.53544458153537,1000000.0
2022-07-18,QQQ,115.53544458153537,116.11312180444304,114.36930814201581,114.94402828343297,114.94402828343297,1000000.0
2022-07-19,QQQ,114.94402828343297,116.50455648445683,114.36930814201581,115.92493182533019,115.92493182533019,1000000.0
2022-07-20,QQQ,115.92493182533019,116.50455648445683,114.83646331840788,115.41353097327425,115.41353097327425,1000000.0
2022-07-21,QQQ,115.41353097327425,115.9905986281406,113.75521846394729,114.32685272758522,114.32685272758522,1000000.0
2022-07-22,QQQ,114.32685272758522,114.89848699122314,112.86280159780347,113.42995135457635,113.42995135457635,1000000.0
2022-07-25,QQQ,113.42995135457635,113.99710111134921,112.27978519456171,112.84400522066504,112.84400522066504,1000000.0
2022-07-26,QQQ,112.84400522066504,113.89257678973668,112.27978519456171,113.32594705446436,113.32594705446436,1000000.0
2022-07-27,QQQ,113.32594705446436,113.89257678973668,111.47610193070375,112.03628334744096,112.03628334744096,1000000.0
2022-07-28,QQQ,112.03628334744096,112.59646476417815,111.40235079487846,111.96216160289292,111.96216160289292,1000000.0
2022-07-29,QQQ,111.96216160289292,113.22931133877175,111.40235079487846,112.6659814316137,112.6659814316137,1000000.0
2022-08-01,QQQ,112.6659814316137,116.78091330170312,112.10265152445564,116.19991373303795,116.19991373303795,1000000.0
2022-08-02,QQQ,116.19991373303795,118.14714447547844,115.61891416437275,117.55934773679448,117.55934773679448,1000000.0
2022-08-03,QQQ,117.55934773679448,118.14714447547844,112.57749237826623,113.14320842036807,113.14320842036807,1000000.0
2022-08-04,QQQ,113.14320842036807,113.7089244624699,111.88793808169746,112.45018902683161,112.45018902683161,1000000.0
2022-08-05,QQQ,112.45018902683161,113.01243997196576,111.36775012935485,111.92738706467824,111.92738706467824,1000000.0
2022-08-08,QQQ,111.92738706467824,113.01300290803592,111.36775012935485,112.45074916222481,112.45074916222481,1000000.0
2022-08-09,QQQ,112.45074916222481,115.40006287464631,111.88849541641369,114.8259332086033,114.8259332086033,1000000.0
2022-08-10,QQQ,114.8259332086033,116.57698591122077,114.25180354256028,115.99700090668735,115.99700090668735,1000000.0
2022-08-11,QQQ,115.99700090668735,116.57698591122077,112.06891170995611,112.63207207030766,112.63207207030766,1000000.0
2022-08-12,QQQ,112.63207207030766,113.70470208803093,112.06891170995611,113.1390070527671,113.1390070527671,1000000.0
2022-08-15,QQQ,113.1390070527671,113.92149563700232,112.57331201750327,113.35472202686799,113.35472202686799,1000000.0
2022-08-16,QQQ,113.35472202686799,114.59203968332352,112.78794841673366,114.02193003315774,114.02193003315774,1000000.0
2022-08-17,QQQ,114.02193003315774,116.69265946136383,113.45182038299195,116.11209896653119,116.11209896653119,1000000.0
2022-08-18,QQQ,116.11209896653119,116.69265946136383,113.96170641530851,114.53437830684273,114.53437830684273,1000000.0
2022-08-19,QQQ,114.53437830684273,116.82796622027138,113.96170641530851,116.24673255748397,116.24673255748397,1000000.0
2022-08-22,QQQ,116.24673255748397,116.82796622027138,113.26182401421315,113.83097890875693,113.83097890875693,1000000.0
2022-08-23,QQQ,113.83097890875693,114.53299417657998,113.26182401421315,113.96317828515421,113.96317828515421,1000000.0
2022-08-24,QQQ,113.96317828515421,115.15864557334116,113.39336239372844,114.58571698839918,114.58571698839918,1000000.0
2022-08-25,QQQ,114.58571698839918,118.68935567724374,114.0127884034572,118.09886137039179,118.09886137039179,1000000.0
2022-08-26,QQQ,118.09886137039179,118.68935567724374,116.49859782881923,117.08401791841129,117.08401791841129,1000000.0
2022-08-29,QQQ,117.08401791841129,117.66943800800334,114.01819931663195,114.59115509209241,114.59115509209241,1000000.0
2022-08-30,QQQ,114.59115509209241,116.2555508624892,114.01819931663195,115.6771650373027,115.6771650373027,1000000.0
2022-08-31,QQQ,115.6771650373027,116.2555508624892,114.17070118506014,114.74442330156798,114.74442330156798,1000000.0
2022-09-01,QQQ,114.74442330156798,117.74538325329755,114.17070118506014,117.15958532666424,117.15958532666424,1000000.0
2022-09-02,QQQ,117.15958532666424,117.74538325329755,115.5634470211881,116.14416786049055,116.14416786049055,1000000.0
2022-09-05,QQQ,116.14416786049055,116.724888699793,114.31012947215216,114.88455223331874,114.88455223331874,1000000.0
2022-09-06,QQQ,114.88455223331874,117.40080318820054,114.31012947215216,116.8167195902493,116.8167195902493,1000000.0
2022-09-07,QQQ,116.8167195902493,117.59004144610743,116.23263599229806,117.00501636428602,117.00501636428602,1000000.0
2022-09-08,QQQ,117.00501636428602,119.18948540093379,116.4199912824646,118.5965028865013,118.5965028865013,1000000.0
2022-09-09,QQQ,118.5965028865013,119.18948540093379,115.8877050073803,116.4700552837993,116.4700552837993,1000000.0
2022-09-12,QQQ,116.4700552837993,119.65180494082965,115.8877050073803,119.05652232918375,119.05652232918375,1000000.0
2022-09-13,QQQ,119.05652232918375,119.65180494082965,117.61658414569207,118.20762225697696,118.20762225697696,1000000.0
2022-09-14,QQQ,118.20762225697696,120.13100745364743,117.61658414569207,119.53334074989795,119.53334074989795,1000000.0
2022-09-15,QQQ,119.53334074989795,120.13100745364743,117.4506890522152,118.04089351981426,118.04089351981426,1000000.0
2022-09-16,QQQ,118.04089351981426,118.63109798741333,115.16427870826155,115.74299367664477,115.74299367664477,1000000.0
2022-09-19,QQQ,115.74299367664477,116.32170864502798,114.83782460092239,115.41489909640441,115.41489909640441,1000000.0
2022-09-20,QQQ,115.41489909640441,116.31348521915456,114.83782460092239,115.73481116333788,115.73481116333788,1000000.0
2022-09-21,QQQ,115.73481116333788,118.78147143747242,115.15613710752119,118.19051884325616,118.19051884325616,1000000.0
2022-09-22,QQQ,118.19051884325616,119.38290927525287,117.59956624903988,118.78896445298794,118.78896445298794,1000000.0
2022-09-23,QQQ,118.78896445298794,120.55881880316863,118.195019630723,119.95902368474492,119.95902368474492,1000000.0
2022-09-26,QQQ,119.95902368474492,121.65676560490195,119.35922856632119,121.05150806457907,121.05150806457907,1000000.0
2022-09-27,QQQ,121.05150806457907,126.73973999973133,120.44625052425617,126.10919402958342,126.10919402958342,1000000.0
2022-09-28,QQQ,126.10919402958342,126.73973999973133,124.21323750037986,124.83742462349736,124.83742462349736,1000000.0
2022-09-29,QQQ,124.83742462349736,127.5893460568639,124.21323750037986,126.95457319090937,126.95457319090937,1000000.0
2022-09-30,QQQ,126.95457319090937,127.5893460568639,126.13798977463905,126.77184901973774,126.77184901973774,1000000.0
2022-10-03,QQQ,126.77184901973774,127.90229950761507,126.13798977463905,127.26596965931849,127.26596965931849,1000000.0
2022-10-04,QQQ,127.26596965931849,127.90229950761507,125.79565728528729,126.42779626662039,126.42779626662039,1000000.0
2022-10-05,QQQ,126.42779626662039,129.0590696934081,125.79565728528729,128.41698476956032,128.41698476956032,1000000.0
2022-10-06,QQQ,128.41698476956032,129.0590696934081,125.77026156431411,126.40227292895891,126.40227292895891,1000000.0
2022-10-07,QQQ,126.40227292895891,127.03428429360369,123.68862360936126,124.3101744817701,124.3101744817701,1000000.0
2022-10-10,QQQ,124.3101744817701,124.93172535417894,123.41659128408635,124.03677515988578,124.03677515988578,1000000.0
2022-10-11,QQQ,124.03677515988578,124.65695903568519,121.63333051680195,122.24455328321804,122.24455328321804,1000000.0
2022-10-12,QQQ,122.24455328321804,124.04615661102865,121.63333051680195,123.42901155326236,123.42901155326236,1000000.0
2022-10-13,QQQ,123.42901155326236,125.60453584746632,122.81186649549605,124.97963765917048,124.97963765917048,1000000.0
2022-10-14,QQQ,124.97963765917048,125.60453584746632,123.20496269313199,123.82408310867537,123.82408310867537,1000000.0
2022-10-17,QQQ,123.82408310867537,125.7806205682594,123.20496269313199,125.15484633657653,125.15484633657653,1000000.0
2022-10-18,QQQ,125.15484633657653,125.7806205682594,123.52364816175442,124.14437001181349,124.14437001181349,1000000.0
2022-10-19,QQQ,124.14437001181349,124.76509186187255,123.51438268015158,124.1350579700016,124.1350579700016,1000000.0
2022-10-20,QQQ,124.1350579700016,124.82909858773917,123.51438268015158,124.20805829625789,124.20805829625789,1000000.0
2022-10-21,QQQ,124.20805829625789,127.97558255791546,123.5870180047766,127.33888811732884,127.33888811732884,1000000.0
2022-10-24,QQQ,127.33888811732884,128.0388744995268,126.7021936767422,127.4018651736585,127.4018651736585,1000000.0
2022-10-25,QQQ,127.4018651736585,128.0388744995268,125.33351951340087,125.96333619437274,125.96333619437274,1000000.0
2022-10-26,QQQ,125.96333619437274,126.5931528753446,123.90934730355731,124.5320073402586,124.5320073402586,1000000.0
2022-10-27,QQQ,124.5320073402586,127.18596053992061,123.90934730355731,126.5531945670852,126.5531945670852,1000000.0
2022-10-28,QQQ,126.5531945670852,127.18596053992061,123.27936298625357,123.89885727261665,123.89885727261665,1000000.0
2022-10-31,QQQ,123.89885727261665,124.51835155897972,122.58931370642816,123.2053404084705,123.2053404084705,1000000.0
2022-11-01,QQQ,123.2053404084705,123.82136711051284,122.04588557474413,122.6591814821549,122.6591814821549,1000000.0
2022-11-02,QQQ,122.6591814821549,123.27247738956567,118.27831094051734,118.87267431207773,118.87267431207773,1000000.0
2022-11-03,QQQ,118.87267431207773,119.46703768363811,117.61775858558909,118.208802598582,118.208802598582,1000000.0
2022-11-04,QQQ,118.208802598582,120.41789533013659,117.61775858558909,119.81880132351901,119.81880132351901,1000000.0
2022-11-07,QQQ,119.81880132351901,120.83939441627999,119.21970731690142,120.23820339928358,120.23820339928358,1000000.0
2022-11-08,QQQ,120.23820339928358,120.83939441627999,118.30337710108073,118.89786643324696,118.89786643324696,1000000.0
2022-11-09,QQQ,118.89786643324696,120.62974225888513,118.30337710108073,120.0295942874479,120.0295942874479,1000000.0
2022-11-10,QQQ,120.0295942874479,121.50324235024243,119.42944631601067,120.89874860720641,120.89874860720641,1000000.0
2022-11-11,QQQ,120.89874860720641,124.80586411434328,120.29425486417038,124.18493941725701,124.18493941725701,1000000.0
2022-11-14,QQQ,124.18493941725701,124.80586411434328,122.43851302199157,123.05378193164982,123.05378193164982,1000000.0
2022-11-15,QQQ,123.05378193164982,123.66905084130806,121.88227346569417,122.49474720170268,122.49474720170268,1000000.0
2022-11-16,QQQ,122.49474720170268,123.23458580216109,121.88227346569417,122.62147841011056,122.62147841011056,1000000.0
2022-11-17,QQQ,122.62147841011056,123.23458580216109,121.84950567097088,122.46181474469435,122.46181474469435,1000000.0
2022-11-18,QQQ,122.46181474469435,123.27402237009512,121.84950567097088,122.66071877621407,122.66071877621407,1000000.0
2022-11-21,QQQ,122.66071877621407,123.27402237009512,121.93802410281849,122.5507779927824,122.5507779927824,1000000.0
2022-11-22,QQQ,122.5507779927824,123.1635318827463,120.90189245060603,121.50943964885028,121.50943964885028,1000000.0
2022-11-23,QQQ,121.50943964885028,122.11698684709451,118.46553391647197,119.060838107007,119.060838107007,1000000.0
2022-11-24,QQQ,119.060838107007,119.65614229754202,117.66359646565544,118.25487081975422,118.25487081975422,1000000.0
2022-11-25,QQQ,118.25487081975422,118.84614517385297,115.6104425350244,116.19139953268784,116.19139953268784,1000000.0
2022-11-28,QQQ,116.19139953268784,116.77235653035126,114.09712746704369,114.67047986637557,114.67047986637557,1000000.0
2022-11-29,QQQ,114.67047986637557,115.24383226570744,113.34355612652861,113.91312173520464,113.91312173520464,1000000.0
2022-11-30,QQQ,113.91312173520464,115.29103623519391,113.34355612652861,114.71744899024272,114.71744899024272,1000000.0
2022-12-01,QQQ,114.71744899024272,116.62695791386494,114.1438617452915,116.04672429240294,116.04672429240294,1000000.0
2022-12-02,QQQ,116.04672429240294,116.62695791386494,113.96628783145762,114.53898274518353,114.53898274518353,1000000.0
2022-12-05,QQQ,114.53898274518353,115.61536687231145,113.96628783145762,115.04016604210096,115.04016604210096,1000000.0
2022-12-06,QQQ,115.04016604210096,116.87023636148231,114.46496521189046,116.2887923994849,116.2887923994849,1000000.0
2022-12-07,QQQ,116.2887923994849,116.87023636148231,115.67843746008187,116.25973614078579,116.25973614078579,1000000.0
2022-12-08,QQQ,116.25973614078579,116.8410348214897,113.27249337940533,113.84170188884958,113.84170188884958,1000000.0
2022-12-09,QQQ,113.84170188884958,114.41091039829382,110.17459022241329,110.72823137930983,110.72823137930983,1000000.0
2022-12-12,QQQ,110.72823137930983,112.4675793144398,110.17459022241329,111.9080391188456,111.9080391188456,1000000.0
2022-12-13,QQQ,111.9080391188456,113.84437974852648,111.34849892325137,113.27798979952884,113.27798979952884,1000000.0
2022-12-14,QQQ,113.27798979952884,114.28298635669857,112.7115998505312,113.71441428527223,113.71441428527223,1000000.0
2022-12-15,QQQ,113.71441428527223,114.28298635669857,111.63242787008751,112.19339484430905,112.19339484430905,1000000.0
2022-12-16,QQQ,112.19339484430905,114.92960217252067,111.63242787008751,114.35781310698576,114.35781310698576,1000000.0
2022-12-19,QQQ,114.35781310698576,116.7822989390114,113.78602404145083,116.20129247662827,116.20129247662827,1000000.0
2022-12-20,QQQ,116.20129247662827,116.7822989390114,115.57458458191002,116.15536138885429,116.15536138885429,1000000.0
2022-12-21,QQQ,116.15536138885429,116.73613819579855,115.26214230256807,115.8413490478071,115.8413490478071,1000000.0
2022-12-22,QQQ,115.8413490478071,116.42055579304612,112.38646089374173,112.9512169786349,112.9512169786349,1000000.0
2022-12-23,QQQ,112.9512169786349,114.65069889685272,112.38646089374173,114.0802974098037,114.0802974098037,1000000.0
2022-12-26,QQQ,114.0802974098037,114.65069889685272,111.17245520482909,111.73111075862221,111.73111075862221,1000000.0
2022-12-27,QQQ,111.73111075862221,113.30683631899205,111.17245520482909,112.74312071541499,112.74312071541499,1000000.0
2022-12-28,QQQ,112.74312071541499,114.40516389721869,112.17940511183791,113.83598397733203,113.83598397733203,1000000.0
2022-12-29,QQQ,113.83598397733203,114.56348425334697,113.26680405744537,113.99351666999699,113.99351666999699,1000000.0
2022-12-30,QQQ,113.99351666999699,116.95943335092664,113.423549086647,116.37754562281259,116.37754562281259,1000000.0
2023-01-02,QQQ,116.37754562281259,116.95943335092664,115.3302241289262,115.90977299389569,115.90977299389569,1000000.0
2023-01-03,QQQ,115.90977299389569,117.40523474852235,115.3302241289262,116.82112910300732,116.82112910300732,1000000.0
2023-01-04,QQQ,116.82112910300732,118.64771422861173,116.23702345749228,118.05742709314602,118.05742709314602,1000000.0
2023-01-05,QQQ,118.05742709314602,119.05205642358534,117.46713995768029,118.45975763540831,118.45975763540831,1000000.0
2023-01-06,QQQ,118.45975763540831,119.05205642358534,117.24764290868782,117.83682704390736,117.83682704390736,1000000.0
2023-01-09,QQQ,117.83682704390736,120.35600837324844,117.24764290868782,119.75722226193876,119.75722226193876,1000000.0
2023-01-10,QQQ,119.75722226193876,121.04014422629753,119.15843615062907,120.4379544540274,120.4379544540274,1000000.0
2023-01-11,QQQ,120.4379544540274,121.04014422629753,119.55672751901582,120.15751509448826,120.15751509448826,1000000.0
2023-01-12,QQQ,120.15751509448826,120.75830266996068,119.31983181031173,119.91942895508716,119.91942895508716,1000000.0
2023-01-13,QQQ,119.91942895508716,120.74432746426703,119.31983181031173,120.14360941718114,120.14360941718114,1000000.0
2023-01-16,QQQ,120.14360941718114,124.40007778826636,119.54289137009523,123.78117192862325,123.78117192862325,1000000.0
2023-01-17,QQQ,123.78117192862325,124.59388744952768,123.16226606898013,123.97401736271412,123.97401736271412,1000000.0
2023-01-18,QQQ,123.97401736271412,124.59388744952768,122.99283115464773,123.61088558256054,123.61088558256054,1000000.0
2023-01-19,QQQ,123.61088558256054,124.22894001047334,121.32340819306981,121.93307356087418,121.93307356087418,1000000.0
2023-01-20,QQQ,121.93307356087418,122.54273892867853,119.4358048513763,120.03598477525257,120.03598477525257,1000000.0
2023-01-23,QQQ,120.03598477525257,120.63616469912883,116.54580406497175,117.13146137183091,117.13146137183091,1000000.0
2023-01-24,QQQ,117.13146137183091,118.09691259057892,116.54580406497175,117.50936576177008,117.50936576177008,1000000.0
2023-01-25,QQQ,117.50936576177008,118.16066070045753,116.92181893296123,117.57279671687317,117.57279671687317,1000000.0
2023-01-26,QQQ,117.57279671687317,118.16066070045753,115.45031766623327,116.03047001631485,116.03047001631485,1000000.0
2023-01-27,QQQ,116.03047001631485,116.61062236639641,113.2584017505459,113.82753944778483,113.82753944778483,1000000.0
2023-01-30,QQQ,113.82753944778483,114.39667714502374,112.79639789755366,113.36321396739062,113.36321396739062,1000000.0
2023-01-31,QQQ,113.36321396739062,113.93003003722757,112.0470058780028,112.6100561587968,112.6100561587968,1000000.0
2023-02-01,QQQ,112.6100561587968,113.17310643959077,110.13351123753948,110.68694596737636,110.68694596737636,1000000.0
2023-02-02,QQQ,110.68694596737636,111.69320920610834,110.13351123753948,111.13752159811776,111.13752159811776,1000000.0
2023-02-03,QQQ,111.13752159811776,111.91575197949186,110.58183399012717,111.35895719352425,111.35895719352425,1000000.0
2023-02-06,QQQ,111.35895719352425,111.91575197949186,110.74378993993429,111.30029139691888,111.30029139691888,1000000.0
2023-02-07,QQQ,111.30029139691888,112.99900020281194,110.74378993993429,112.43681612220095,112.43681612220095,1000000.0
2023-02-08,QQQ,112.43681612220095,112.99900020281194,110.94314886291707,111.50065212353475,111.50065212353475,1000000.0
2023-02-09,QQQ,111.50065212353475,114.0706410964558,110.94314886291707,113.50312546911026,113.50312546911026,1000000.0
2023-02-10,QQQ,113.50312546911026,114.0706410964558,111.46875677065849,112.0289012770437,112.0289012770437,1000000.0
2023-02-13,QQQ,112.0289012770437,113.35754315213957,111.46875677065849,112.79357527576077,112.79357527576077,1000000.0
2023-02-14,QQQ,112.79357527576077,114.31044987185604,112.22960739938196,113.74174116602592,113.74174116602592,1000000.0
2023-02-15,QQQ,113.74174116602592,114.31044987185604,112.80279391965338,113.36964213030491,113.36964213030491,1000000.0
2023-02-16,QQQ,113.36964213030491,114.47017704639285,112.80279391965338,113.90067367800285,113.90067367800285,1000000.0
2023-02-17,QQQ,113.90067367800285,114.47017704639285,111.46618294576774,112.02631451835954,112.02631451835954,1000000.0
2023-02-20,QQQ,112.02631451835954,112.58644609095133,109.31961694718237,109.86896175596218,109.86896175596218,1000000.0
2023-02-21,QQQ,109.86896175596218,110.41830656474197,109.04425889829648,109.59221999828792,109.59221999828792,1000000.0
2023-02-22,QQQ,109.59221999828792,110.14018109827934,108.0242594998378,108.56709497471135,108.56709497471135,1000000.0
2023-02-23,QQQ,108.56709497471135,109.96256237253115,108.0242594998378,109.41548494779221,109.41548494779221,1000000.0
2023-02-24,QQQ,109.41548494779221,110.0157148562126,108.86840752305325,109.46837299125633,109.46837299125633,1000000.0
2023-02-27,QQQ,109.46837299125633,110.91174073822557,108.92103112630005,110.35994103306028,110.35994103306028,1000000.0
2023-02-28,QQQ,110.35994103306028,111.38262916302808,109.80814132789497,110.8284867293812,110.8284867293812,1000000.0
2023-03-01,QQQ,110.8284867293812,111.68825376626495,110.2743442957343,111.13259081220394,111.13259081220394,1000000.0
2023-03-02,QQQ,111.13259081220394,111.8334796908999,110.57692785814292,111.27709421980092,111.27709421980092,1000000.0
2023-03-03,QQQ,111.27709421980092,111.8334796908999,110.1950192366692,110.74876305192885,110.74876305192885,1000000.0
2023-03-06,QQQ,110.74876305192885,111.30250686718848,109.54073628925553,110.09119225050807,110.09119225050807,1000000.0
2023-03-07,QQQ,110.09119225050807,113.61767067235222,109.54073628925553,113.0524086292062,113.0524086292062,1000000.0
2023-03-08,QQQ,113.0524086292062,113.61767067235222,109.95016477388734,110.50267816471089,110.50267816471089,1000000.0
2023-03-09,QQQ,110.50267816471089,111.05519155553444,109.69240352216272,110.2436216303143,110.2436216303143,1000000.0
2023-03-10,QQQ,110.2436216303143,112.2590327658495,109.69240352216272,111.70053011527314,111.70053011527314,1000000.0
2023-03-13,QQQ,111.70053011527314,112.88128742446176,111.14202746469677,112.31968897956395,112.31968897956395,1000000.0
2023-03-14,QQQ,112.31968897956395,114.97641653600809,111.75809053466612,114.40439456319214,114.40439456319214,1000000.0
2023-03-15,QQQ,114.40439456319214,115.80866968227427,113.83237259037618,115.23250714654158,115.23250714654158,1000000.0
2023-03-16,QQQ,115.23250714654158,115.80866968227427,112.7964852784754,113.36330178741247,113.36330178741247,1000000.0
2023-03-17,QQQ,113.36330178741247,113.93011829634952,112.32120774684931,112.88563592648173,112.88563592648173,1000000.0
2023-03-20,QQQ,112.88563592648173,113.45006410611413,110.29505218878928,110.84929868220028,110.84929868220028,1000000.0
2023-03-21,QQQ,110.84929868220028,112.84546806214357,110.29505218878928,112.28404782302843,112.28404782302843,1000000.0
2023-03-22,QQQ,112.28404782302843,114.98822827667311,111.7226275839133,114.41614753897824,114.41614753897824,1000000.0
2023-03-23,QQQ,114.41614753897824,114.98822827667311,113.19687413180449,113.76570264502963,113.76570264502963,1000000.0
2023-03-24,QQQ,113.76570264502963,115.14765568905699,113.19687413180449,114.57478178015621,114.57478178015621,1000000.0
2023-03-27,QQQ,114.57478178015621,115.14765568905699,113.39634415698997,113.96617503215072,113.96617503215072,1000000.0
2023-03-28,QQQ,113.96617503215072,114.53600590731146,111.29556253978633,111.85483672340335,111.85483672340335,1000000.0
2023-03-29,QQQ,111.85483672340335,112.41411090702036,110.65010206716664,111.20613273082074,111.20613273082074,1000000.0
2023-03-30,QQQ,111.20613273082074,111.76216339447484,108.394716629091,108.93941369757889,108.93941369757889,1000000.0
2023-03-31,QQQ,108.93941369757889,109.48411076606676,107.59338825774282,108.1340585504953,108.1340585504953,1000000.0
2023-04-03,QQQ,108.1340585504953,108.97001228548315,107.59338825774282,108.42787292087877,108.42787292087877,1000000.0
2023-04-04,QQQ,108.42787292087877,109.99917321807546,107.88573355627437,109.45191364982634,109.45191364982634,1000000.0
2023-04-05,QQQ,109.45191364982634,111.86202729461397,108.9046540815772,111.3054997956358,111.3054997956358,1000000.0
2023-04-06,QQQ,111.3054997956358,111.86202729461397,110.26398425092917,110.81807462404942,110.81807462404942,1000000.0
2023-04-07,QQQ,110.81807462404942,111.70674289807582,110.26398425092917,111.1509879582844,111.1509879582844,1000000.0
2023-04-10,QQQ,111.1509879582844,112.31210530793416,110.59523301849298,111.75333861485987,111.75333861485987,1000000.0
2023-04-11,QQQ,111.75333861485987,113.11759682476765,111.19457192178557,112.5548227112116,112.5548227112116,1000000.0
2023-04-12,QQQ,112.5548227112116,113.11759682476765,107.90770955947133,108.44995935625259,108.44995935625259,1000000.0
2023-04-13,QQQ,108.44995935625259,108.99220915303384,106.81129490405645,107.34803507945372,107.34803507945372,1000000.0
2023-04-14,QQQ,107.34803507945372,108.99586505393371,106.81129490405645,108.45359706859077,108.45359706859077,1000000.0
2023-04-17,QQQ,108.45359706859077,108.99586505393371,106.33978201977901,106.8741527836975,106.8741527836975,1000000.0
2023-04-18,QQQ,106.8741527836975,107.74126766007771,106.33978201977901,107.20524145281365,107.20524145281365,1000000.0
2023-04-19,QQQ,107.20524145281365,108.90100594195272,106.66921524554958,108.35920989249028,108.35920989249028,1000000.0
2023-04-20,QQQ,108.35920989249028,108.90100594195272,105.17642242754908,105.70494716336592,105.70494716336592,1000000.0
2023-04-21,QQQ,105.70494716336592,106.23347189918273,104.89997275759475,105.42710829909021,105.42710829909021,1000000.0
2023-04-24,QQQ,105.42710829909021,106.2641859283309,104.89997275759475,105.73550838639892,105.73550838639892,1000000.0
2023-04-25,QQQ,105.73550838639892,106.2641859283309,105.20361257214745,105.73227394185673,105.73227394185673,1000000.0
2023-04-26,QQQ,105.73227394185673,106.260935311566,103.11276605303769,103.63092065631929,103.63092065631929,1000000.0
2023-04-27,QQQ,103.63092065631929,104.5994991888861,103.11276605303769,104.07910367053344,104.07910367053344,1000000.0
2023-04-28,QQQ,104.07910367053344,104.5994991888861,102.78513587397539,103.30164409444762,103.30164409444762,1000000.0
2023-05-01,QQQ,103.30164409444762,104.91176078943873,102.78513587397539,104.38981173078481,104.38981173078481,1000000.0
2023-05-02,QQQ,104.38981173078481,105.47618998596025,103.86786267213088,104.951432821851,104.951432821851,1000000.0
2023-05-03,QQQ,104.951432821851,105.47618998596025,103.65745352586426,104.17834525212488,104.17834525212488,1000000.0
2023-05-04,QQQ,104.17834525212488,104.91159945499517,103.65745352586426,104.38965119900018,104.38965119900018,1000000.0
2023-05-05,QQQ,104.38965119900018,104.91159945499517,102.91085742900958,103.42799741609004,103.42799741609004,1000000.0
2023-05-08,QQQ,103.42799741609004,103.94513740317048,101.94806764578345,102.4603694932497,102.4603694932497,1000000.0
2023-05-09,QQQ,102.4603694932497,102.97267134071593,99.84400097569183,100.34572962381088,100.34572962381088,1000000.0
2023-05-10,QQQ,100.34572962381088,100.84745827192992,99.50133267680518,100.00133937367355,100.00133937367355,1000000.0
2023-05-11,QQQ,100.00133937367355,101.52156956399574,99.50133267680518,101.01648712835399,101.01648712835399,1000000.0
2023-05-12,QQQ,101.01648712835399,101.632049188293,100.51140469271222,101.12641710277911,101.12641710277911,1000000.0
2023-05-15,QQQ,101.12641710277911,101.632049188293,100.54800574363749,101.05327210415828,101.05327210415828,1000000.0
2023-05-16,QQQ,101.05327210415828,101.55853846467906,99.67964218579405,100.18054491034579,100.18054491034579,1000000.0
2023-05-17,QQQ,100.18054491034579,100.68144763489751,98.94983969601661,99.44707507137348,99.44707507137348,1000000.0
2023-05-18,QQQ,99.44707507137348,100.85937173775235,98.94983969601661,100.35758381865907,100.35758381865907,1000000.0
2023-05-19,QQQ,100.35758381865907,100.85937173775235,97.87774145446645,98.36958940147382,98.36958940147382,1000000.0
2023-05-22,QQQ,98.36958940147382,101.487215330951,97.87774145446645,100.98230381189155,100.98230381189155,1000000.0
2023-05-23,QQQ,100.98230381189155,101.487215330951,100.33108799011026,100.83526431166861,100.83526431166861,1000000.0
2023-05-24,QQQ,100.83526431166861,104.17502098862502,100.33108799011026,103.65673730211446,103.65673730211446,1000000.0
2023-05-25,QQQ,103.65673730211446,105.70744643541542,103.1384536156039,105.1815387417069,105.1815387417069,1000000.0
2023-05-26,QQQ,105.1815387417069,105.70744643541542,104.01625003796555,104.53894476177442,104.53894476177442,1000000.0
2023-05-29,QQQ,104.53894476177442,105.99342466534436,104.01625003796555,105.46609419437252,105.46609419437252,1000000.0
2023-05-30,QQQ,105.46609419437252,106.26848337444493,104.93876372340065,105.73978445218401,105.73978445218401,1000000.0
2023-05-31,QQQ,105.73978445218401,106.82672563733355,105.2110855299231,106.29524939038166,106.29524939038166,1000000.0
2023-06-01,QQQ,106.29524939038166,107.84914838632436,105.76377314342975,107.31258545902922,107.31258545902922,1000000.0
2023-06-02,QQQ,107.31258545902922,107.84914838632436,105.93174822209073,106.46406856491531,106.46406856491531,1000000.0
2023-06-05,QQQ,106.46406856491531,106.99638890773987,104.99449516369316,105.52210569215393,105.52210569215393,1000000.0
2023-06-06,QQQ,105.52210569215393,106.04971622061468,104.33393984054742,104.85823099552505,104.85823099552505,1000000.0
2023-06-07,QQQ,104.85823099552505,105.38252215050267,102.4046715802013,102.91926791980029,102.91926791980029,1000000.0
2023-06-08,QQQ,102.91926791980029,103.43386425939929,101.96270125136313,102.47507663453581,102.47507663453581,1000000.0
2023-06-09,QQQ,102.47507663453581,103.1988537669456,101.96270125136313,102.68542663377673,102.68542663377673,1000000.0
2023-06-12,QQQ,102.68542663377673,103.43660982052366,102.17199950060784,102.92199982141659,102.92199982141659,1000000.0
2023-06-13,QQQ,102.92199982141659,103.59584480907284,102.40738982230951,103.0804425960924,103.0804425960924,1000000.0
2023-06-14,QQQ,103.0804425960924,103.59584480907284,101.93779445249332,102.45004467587269,102.45004467587269,1000000.0
2023-06-15,QQQ,102.45004467587269,103.91661332526698,101.93779445249332,103.39961524902188,103.39961524902188,1000000.0
2023-06-16,QQQ,103.39961524902188,103.91661332526698,100.07070853241576,100.5735764144882,100.5735764144882,1000000.0
2023-06-19,QQQ,100.5735764144882,101.07644429656064,99.44895259407572,99.94869607444797,99.94869607444797,1000000.0
2023-06-20,QQQ,99.94869607444797,100.4484395548202,98.91605177514174,99.41311736195149,99.41311736195149,1000000.0
2023-06-21,QQQ,99.41311736195149,100.9674040370701,98.91605177514174,100.46507864385086,100.46507864385086,1000000.0
2023-06-22,QQQ,100.46507864385086,101.7257721646251,99.96275325063161,101.21967379564687,101.21967379564687,1000000.0
2023-06-23,QQQ,101.21967379564687,102.66860687478264,100.71357542666864,102.15781778585338,102.15781778585338,1000000.0
2023-06-26,QQQ,102.15781778585338,102.66860687478264,101.5426648044851,102.05292945174382,102.05292945174382,1000000.0
2023-06-27,QQQ,102.05292945174382,103.7073697589873,101.5426648044851,103.19141269550975,103.19141269550975,1000000.0
2023-06-28,QQQ,103.19141269550975,103.7073697589873,101.21531717005466,101.7239368543263,101.7239368543263,1000000.0
2023-06-29,QQQ,101.7239368543263,102.23255653859792,101.17634553346909,101.68476938037094,101.68476938037094,1000000.0
2023-06-30,QQQ,101.68476938037094,102.19319322727279,98.30326971047471,98.79725599042685,98.79725599042685,1000000.0
2023-07-03,QQQ,98.79725599042685,101.38846849746491,98.30326971047471,100.884048256184,100.884048256184,1000000.0
2023-07-04,QQQ,100.884048256184,103.36435145671823,100.37962801490308,102.85010095195844,102.85010095195844,1000000.0
2023-07-05,QQQ,102.85010095195844,103.36435145671823,101.39951222592616,101.90905751349362,101.90905751349362,1000000.0
2023-07-06,QQQ,101.90905751349362,102.41860280106108,100.14414632873573,100.64738324496054,100.64738324496054,1000000.0
2023-07-07,QQQ,100.64738324496054,101.15062016118533,97.30922932126592,97.79822042338283,97.79822042338283,1000000.0
2023-07-10,QQQ,97.79822042338283,98.28721152549973,95.2522754393911,95.7309300898403,95.7309300898403,1000000.0
2023-07-11,QQQ,95.7309300898403,96.22178980026362,95.2522754393911,95.74307442812302,95.74307442812302,1000000.0
2023-07-12,QQQ,95.74307442812302,96.22178980026362,94.9310343458876,95.40807471948501,95.40807471948501,1000000.0
2023-07-13,QQQ,95.40807471948501,95.88511509308243,92.99148906456546,93.45878297946277,93.45878297946277,1000000.0
2023-07-14,QQQ,93.45878297946277,93.92607689436007,92.25454462699513,92.7181353035127,92.7181353035127,1000000.0
2023-07-17,QQQ,92.7181353035127,93.18172598003025,91.32733555893552,91.78626689340253,91.78626689340253,1000000.0
2023-07-18,QQQ,91.78626689340253,92.67522990481231,91.32733555893552,92.21415910926599,92.21415910926599,1000000.0
2023-07-19,QQQ,92.21415910926599,93.399451598608,91.75308831371966,92.93477771005772,92.93477771005772,1000000.0
2023-07-20,QQQ,92.93477771005772,93.399451598608,92.07432038274466,92.53700540979362,92.53700540979362,1000000.0
2023-07-21,QQQ,92.53700540979362,93.00606831929616,92.07432038274466,92.54335156148873,92.54335156148873,1000000.0
2023-07-24,QQQ,92.54335156148873,93.00606831929616,91.94346557380833,92.40549303900335,92.40549303900335,1000000.0
2023-07-25,QQQ,92.40549303900335,92.86752050419835,89.35315696688659,89.80216780591617,89.80216780591617,1000000.0
2023-07-26,QQQ,89.80216780591617,90.33430951912104,89.35315696688659,89.88488509365278,89.88488509365278,1000000.0
2023-07-27,QQQ,89.88488509365278,90.33430951912104,89.23474444516617,89.68316024639816,89.68316024639816,1000000.0
2023-07-28,QQQ,89.68316024639816,90.8876005797256,89.23474444516617,90.43542346241354,90.43542346241354,1000000.0
2023-07-31,QQQ,90.43542346241354,90.8876005797256,87.73814676473695,88.17904197461,88.17904197461,1000000.0
2023-08-01,QQQ,88.17904197461,89.38077528602967,87.73814676473695,88.93609481196984,88.93609481196984,1000000.0
2023-08-02,QQQ,88.93609481196984,89.38077528602967,87.63818142459118,88.07857429607154,88.07857429607154,1000000.0
2023-08-03,QQQ,88.07857429607154,88.70436065082362,87.63818142459118,88.2630454237051,88.2630454237051,1000000.0
2023-08-04,QQQ,88.2630454237051,89.98870729705025,87.82173019658657,89.54100228562216,89.54100228562216,1000000.0
2023-08-07,QQQ,89.54100228562216,89.98870729705025,87.28073338529249,87.71933003546984,87.71933003546984,1000000.0
2023-08-08,QQQ,87.71933003546984,88.15792668564718,85.68817180743761,86.11876563561569,86.11876563561569,1000000.0
2023-08-09,QQQ,86.11876563561569,87.55690446205217,85.68817180743761,87.12129797219123,87.12129797219123,1000000.0
2023-08-10,QQQ,87.12129797219123,87.55690446205217,85.29410930688097,85.72272292148841,85.72272292148841,1000000.0
2023-08-11,QQQ,85.72272292148841,86.15133653609584,84.12343184938557,84.54616266269906,84.54616266269906,1000000.0
2023-08-14,QQQ,84.54616266269906,85.52192868531615,84.12343184938557,85.09644645305092,85.09644645305092,1000000.0
2023-08-15,QQQ,85.09644645305092,85.52192868531615,84.33438657355853,84.75817746086285,84.75817746086285,1000000.0
2023-08-16,QQQ,84.75817746086285,85.93351129703937,84.33438657355853,85.50598139008893,85.50598139008893,1000000.0
2023-08-17,QQQ,85.50598139008893,86.15476494786225,85.0784514831385,85.72613427647985,85.72613427647985,1000000.0
2023-08-18,QQQ,85.72613427647985,86.15476494786225,85.15617033040465,85.58409078432628,85.58409078432628,1000000.0
2023-08-21,QQQ,85.58409078432628,87.00576521276665,85.15617033040465,86.57290070922055,86.57290070922055,1000000.0
2023-08-22,QQQ,86.57290070922055,89.39966554498073,86.14003620567445,88.95489108953308,88.95489108953308,1000000.0
2023-08-23,QQQ,88.95489108953308,89.39966554498073,88.28024226194341,88.72386156979238,88.72386156979238,1000000.0
2023-08-24,QQQ,88.72386156979238,90.7815296254568,88.28024226194341,90.32988022433513,90.32988022433513,1000000.0
2023-08-25,QQQ,90.32988022433513,92.01007625933647,89.87823082321346,91.55231468590695,91.55231468590695,1000000.0
2023-08-28,QQQ,91.55231468590695,92.02290488356006,91.09455311247741,91.56507948612942,91.56507948612942,1000000.0
2023-08-29,QQQ,91.56507948612942,92.4521857431574,91.10725408869877,91.99222462005713,91.99222462005713,1000000.0
2023-08-30,QQQ,91.99222462005713,92.4521857431574,90.30695200942608,90.76075578836793,90.76075578836793,1000000.0
2023-08-31,QQQ,90.76075578836793,91.21455956730976,89.47091042143734,89.92051298636919,89.92051298636919,1000000.0
2023-09-01,QQQ,89.92051298636919,90.580508601221,89.47091042143734,90.12985930469752,90.12985930469752,1000000.0
2023-09-04,QQQ,90.12985930469752,90.580508601221,89.50961158832423,89.95940863148164,89.95940863148164,1000000.0
2023-09-05,QQQ,89.95940863148164,91.83438771924477,89.50961158832423,91.37750021815401,91.37750021815401,1000000.0
2023-09-06,QQQ,91.37750021815401,91.83438771924477,89.28313297299839,89.7317919326617,89.7317919326617,1000000.0
2023-09-07,QQQ,89.7317919326617,90.180450892325,88.83018401364778,89.27656684788722,89.27656684788722,1000000.0
2023-09-08,QQQ,89.27656684788722,89.72294968212665,87.98480277784248,88.42693746516832,88.42693746516832,1000000.0
2023-09-11,QQQ,88.42693746516832,88.86907215249416,87.69982109239886,88.14052371095363,88.14052371095363,1000000.0
2023-09-12,QQQ,88.14052371095363,89.81865965422935,87.69982109239886,89.37180065097449,89.37180065097449,1000000.0
2023-09-13,QQQ,89.37180065097449,89.81865965422935,87.43050043213356,87.86984968053623,87.86984968053623,1000000.0
2023-09-14,QQQ,87.86984968053623,89.178844592117,87.43050043213356,88.73516874837513,88.73516874837513,1000000.0
2023-09-15,QQQ,88.73516874837513,89.178844592117,87.50723101056944,87.94696583976828,87.94696583976828,1000000.0
2023-09-18,QQQ,87.94696583976828,88.38670066896711,87.03069785688477,87.46803804712037,87.46803804712037,1000000.0
2023-09-19,QQQ,87.46803804712037,88.9439797082607,87.03069785688477,88.50147234652806,88.50147234652806,1000000.0
2023-09-20,QQQ,88.50147234652806,88.9439797082607,87.62701098692247,88.06734772555022,88.06734772555022,1000000.0
2023-09-21,QQQ,88.06734772555022,89.16966090458327,87.62701098692247,88.72603075082912,88.72603075082912,1000000.0
2023-09-22,QQQ,88.72603075082912,89.19321870832873,88.28240059707498,88.74947135157089,88.74947135157089,1000000.0
2023-09-25,QQQ,88.74947135157089,89.19321870832873,88.00036767313611,88.4425805760162,88.4425805760162,1000000.0
2023-09-26,QQQ,88.4425805760162,88.88479347889627,87.48322772724954,87.92284193693422,87.92284193693422,1000000.0
2023-09-27,QQQ,87.92284193693422,88.36245614661888,85.43294186433836,85.8622531299883,85.8622531299883,1000000.0
2023-09-28,QQQ,85.8622531299883,86.29156439563823,84.50675146974356,84.93140851230508,84.93140851230508,1000000.0
2023-09-29,QQQ,84.93140851230508,85.44034066304906,84.50675146974356,85.01526434134236,85.01526434134236,1000000.0
2023-10-02,QQQ,85.01526434134236,85.5651864698979,84.59018801963565,85.13948902477404,85.13948902477404,1000000.0
2023-10-03,QQQ,85.13948902477404,85.5651864698979,82.9903837118661,83.40742081594583,83.40742081594583,1000000.0
2023-10-04,QQQ,83.40742081594583,84.82708733018927,82.9903837118661,84.40506202008883,84.40506202008883,1000000.0
2023-10-05,QQQ,84.40506202008883,85.36491830654266,83.98303670998838,84.94021722044047,84.94021722044047,1000000.0
2023-10-06,QQQ,84.94021722044047,85.36491830654266,83.0031709207508,83.42027228216162,83.42027228216162,1000000.0
2023-10-09,QQQ,83.42027228216162,83.83737364357242,81.79350478560917,82.20452742272279,82.20452742272279,1000000.0
2023-10-10,QQQ,82.20452742272279,83.07056261502035,81.79350478560917,82.6572762338511,82.6572762338511,1000000.0
2023-10-11,QQQ,82.6572762338511,83.07056261502035,80.29525793503583,80.69875169350335,80.69875169350335,1000000.0
2023-10-12,QQQ,80.69875169350335,81.10224545197086,79.43704693436094,79.8362280747346,79.8362280747346,1000000.0
2023-10-13,QQQ,79.8362280747346,80.23540921510828,79.29665247859022,79.69512811918615,79.69512811918615,1000000.0
2023-10-16,QQQ,79.69512811918615,80.09360375978207,79.08192254649484,79.47931914220587,79.47931914220587,1000000.0
2023-10-17,QQQ,79.47931914220587,79.87671573791688,78.94055918535706,79.33724541241915,79.33724541241915,1000000.0
2023-10-18,QQQ,79.33724541241915,80.05755582696129,78.94055918535706,79.65925952931472,79.65925952931472,1000000.0
2023-10-19,QQQ,79.65925952931472,80.05755582696129,78.3620931982368,78.75587256104201,78.75587256104201,1000000.0
2023-10-20,QQQ,78.75587256104201,79.14965192384722,77.78865411164332,78.17955187099831,78.17955187099831,1000000.0
2023-10-23,QQQ,78.17955187099831,80.61667509904548,77.78865411164332,80.2155971134781,80.2155971134781,1000000.0
2023-10-24,QQQ,80.2155971134781,80.61667509904548,78.29444608669425,78.68788551426557,78.68788551426557,1000000.0
2023-10-25,QQQ,78.68788551426557,79.0813249418369,77.76216424853807,78.1529288930031,78.1529288930031,1000000.0
2023-10-26,QQQ,78.1529288930031,78.58124114800081,77.76216424853807,78.19028969950331,78.19028969950331,1000000.0
2023-10-27,QQQ,78.19028969950331,78.58124114800081,77.0740022188382,77.46130876265146,77.46130876265146,1000000.0
2023-10-30,QQQ,77.46130876265146,79.02136543901048,77.0740022188382,78.62822431742337,78.62822431742337,1000000.0
