timestamp,symbol,open,high,low,close,adjusted_close,volume
2019-01-01,SPY,100.38632852427894,100.88826016690032,99.88439688165754,100.38632852427894,100.38632852427894,1000000.0
2019-01-02,SPY,100.38632852427894,101.76128740066422,99.88439688165754,101.25501233896938,101.25501233896938,1000000.0
2019-01-03,SPY,101.25501233896938,102.13894800398002,100.74873727727453,101.63079403381097,101.63079403381097,1000000.0
2019-01-04,SPY,101.63079403381097,102.13894800398002,99.85333565521694,100.35511121127331,100.35511121127331,1000000.0
2019-01-07,SPY,100.35511121127331,101.81486427711494,99.85333565521694,101.30832266379596,101.30832266379596,1000000.0
2019-01-08,SPY,101.30832266379596,102.31127210999709,100.80178105047698,101.80226080596726,101.80226080596726,1000000.0
2019-01-09,SPY,101.80226080596726,102.31127210999709,100.79111813377236,101.29760616459534,101.29760616459534,1000000.0
2019-01-10,SPY,101.29760616459534,102.43838566567598,100.79111813377236,101.92874195589651,101.92874195589651,1000000.0
2019-01-11,SPY,101.92874195589651,102.85366257862322,101.41909824611703,102.34195281455047,102.34195281455047,1000000.0
2019-01-14,SPY,102.34195281455047,103.19790488172676,101.83024305047772,102.68448246937987,102.68448246937987,1000000.0
2019-01-15,SPY,102.68448246937987,103.26853936332982,102.17106005703297,102.75476553565157,102.75476553565157,1000000.0
2019-01-16,SPY,102.75476553565157,103.87621019353361,102.24099170797331,103.35941312789414,103.35941312789414,1000000.0
2019-01-17,SPY,103.35941312789414,103.87621019353361,102.12885286108057,102.64206317696541,102.64206317696541,1000000.0
2019-01-18,SPY,102.64206317696541,103.15527349285023,102.00340345183784,102.51598336868125,102.51598336868125,1000000.0
2019-01-21,SPY,102.51598336868125,103.02856328552464,101.55342216565106,102.06374087000107,102.06374087000107,1000000.0
2019-01-22,SPY,102.06374087000107,103.23144768280397,101.55342216565106,102.71785839084974,102.71785839084974,1000000.0
2019-01-23,SPY,102.71785839084974,103.31377878216375,102.2042690988955,102.79977988275002,102.79977988275002,1000000.0
2019-01-24,SPY,102.79977988275002,103.31377878216375,102.02787930604082,102.54058221712646,102.54058221712646,1000000.0
2019-01-25,SPY,102.54058221712646,103.05328512821208,101.27372685515192,101.78264005542907,101.78264005542907,1000000.0
2019-01-28,SPY,101.78264005542907,102.2915532557062,101.05400687238662,101.56181595214736,101.56181595214736,1000000.0
2019-01-29,SPY,101.56181595214736,102.11877540512673,101.05400687238662,101.61072179614601,101.61072179614601,1000000.0
2019-01-30,SPY,101.61072179614601,102.11877540512673,100.86474774737087,101.37160577625212,101.37160577625212,1000000.0
2019-01-31,SPY,101.37160577625212,103.24669376357943,100.86474774737087,102.73302862047706,102.73302862047706,1000000.0
2019-02-01,SPY,102.73302862047706,104.33307781601322,102.21936347737467,103.81400777712759,103.81400777712759,1000000.0
2019-02-04,SPY,103.81400777712759,104.33307781601322,100.57228721314684,101.07767559110235,101.07767559110235,1000000.0
2019-02-05,SPY,101.07767559110235,101.58306396905785,98.72977890566484,99.22590844790436,99.22590844790436,1000000.0
2019-02-06,SPY,99.22590844790436,99.72203799014387,98.59680834088499,99.09226968933164,99.09226968933164,1000000.0
2019-02-07,SPY,99.09226968933164,99.5877310377783,98.22069997615564,98.71427133281975,98.71427133281975,1000000.0
2019-02-08,SPY,98.71427133281975,99.45979583110761,98.22069997615564,98.9649709762265,98.9649709762265,1000000.0
2019-02-11,SPY,98.9649709762265,99.71605726536487,98.47014612134537,99.219957477975,99.219957477975,1000000.0
2019-02-12,SPY,99.219957477975,101.89115211598407,98.72385769058512,101.38423096117819,101.38423096117819,1000000.0
2019-02-13,SPY,101.38423096117819,101.89115211598407,99.80165999642637,100.3031758758054,100.3031758758054,1000000.0
2019-02-14,SPY,100.3031758758054,100.80469175518441,99.46529271096637,99.96511830247876,99.96511830247876,1000000.0
2019-02-15,SPY,99.96511830247876,102.57934182697444,99.46529271096637,102.06899684276065,102.06899684276065,1000000.0
2019-02-18,SPY,102.06899684276065,103.28618140742539,101.55865185854685,102.77231980838349,102.77231980838349,1000000.0
2019-02-19,SPY,102.77231980838349,104.01490741873243,102.25845820934157,103.4974203171467,103.4974203171467,1000000.0
2019-02-20,SPY,103.4974203171467,104.01490741873243,102.49295683189337,103.00799681597323,103.00799681597323,1000000.0
2019-02-21,SPY,103.00799681597323,103.52303680005308,100.85797414893102,101.36479813962917,101.36479813962917,1000000.0
2019-02-22,SPY,101.36479813962917,102.0831892182896,100.85797414893102,101.57531265501454,101.57531265501454,1000000.0
2019-02-25,SPY,101.57531265501454,102.23542094671366,101.06743609173947,101.72678701165539,101.72678701165539,1000000.0
2019-02-26,SPY,101.72678701165539,102.23542094671366,100.02344399404701,100.5260743658764,100.5260743658764,1000000.0
2019-02-27,SPY,100.5260743658764,101.02870473770577,99.3821312925276,99.88153898746492,99.88153898746492,1000000.0
2019-02-28,SPY,99.88153898746492,100.38094668240224,99.35029070239094,99.84953839436275,99.84953839436275,1000000.0
2019-03-01,SPY,99.84953839436275,100.34878608633456,98.45547138486295,98.9502224973497,98.9502224973497,1000000.0
2019-03-04,SPY,98.9502224973497,99.44497360983644,98.39811812482412,98.892581029974,98.892581029974,1000000.0
2019-03-05,SPY,98.892581029974,99.52178776806075,98.39811812482412,99.02665449558285,99.02665449558285,1000000.0
2019-03-06,SPY,99.02665449558285,99.59704097943748,98.53152122310493,99.10153331287313,99.10153331287313,1000000.0
2019-03-07,SPY,99.10153331287313,99.59704097943748,98.1473042949794,98.64050682912503,98.64050682912503,1000000.0
2019-03-08,SPY,98.64050682912503,99.7639623334355,98.1473042949794,99.26762421237365,99.26762421237365,1000000.0
2019-03-11,SPY,99.26762421237365,100.69726996539535,98.77128609131178,100.19628852278146,100.19628852278146,1000000.0
2019-03-12,SPY,100.19628852278146,101.06129074321548,99.69530708016755,100.55849825195571,100.55849825195571,1000000.0
2019-03-13,SPY,100.55849825195571,101.06129074321548,99.28006406796648,99.77895886227786,99.77895886227786,1000000.0
2019-03-14,SPY,99.77895886227786,101.05464320714204,99.28006406796648,100.55188378820104,100.55188378820104,1000000.0
2019-03-15,SPY,100.55188378820104,101.05464320714204,99.58852119227657,100.08896602238852,100.08896602238852,1000000.0
2019-03-18,SPY,100.08896602238852,101.51825133170723,99.58852119227657,101.01318540468382,101.01318540468382,1000000.0
2019-03-19,SPY,101.01318540468382,101.51825133170723,99.47642096839155,99.97630248079552,99.97630248079552,1000000.0
2019-03-20,SPY,99.97630248079552,101.43978754087813,99.47642096839155,100.93511198097328,100.93511198097328,1000000.0
2019-03-21,SPY,100.93511198097328,101.46001314623567,100.4304364210684,100.95523696142854,100.95523696142854,1000000.0
2019-03-22,SPY,100.95523696142854,101.46001314623567,99.24357574588899,99.74228718179798,99.74228718179798,1000000.0
2019-03-25,SPY,99.74228718179798,100.24099861770695,98.97212004353477,99.46946738043695,99.46946738043695,1000000.0
2019-03-26,SPY,99.46946738043695,100.06093004339161,98.97212004353477,99.56311447103644,99.56311447103644,1000000.0
2019-03-27,SPY,99.56311447103644,100.37440196738928,99.06529889868126,99.87502683322317,99.87502683322317,1000000.0
2019-03-28,SPY,99.87502683322317,100.37440196738928,98.4437431693435,98.93843534607387,98.93843534607387,1000000.0
2019-03-29,SPY,98.93843534607387,99.43312752280423,97.39856906438911,97.8880091099388,97.8880091099388,1000000.0
2019-04-01,SPY,97.8880091099388,98.61342888005647,97.39856906438911,98.12281480602635,98.12281480602635,1000000.0
2019-04-02,SPY,98.12281480602635,98.61342888005647,97.21644344170711,97.70496828312272,97.70496828312272,1000000.0
2019-04-03,SPY,97.70496828312272,98.46439471163495,97.21644344170711,97.97452210112931,97.97452210112931,1000000.0
2019-04-04,SPY,97.97452210112931,99.25479225097375,97.48464949062367,98.76098731440175,98.76098731440175,1000000.0
2019-04-05,SPY,98.76098731440175,99.25479225097375,96.69892118106105,97.18484540810157,97.18484540810157,1000000.0
2019-04-08,SPY,97.18484540810157,97.95872441862919,96.69892118106105,97.47136758072557,97.47136758072557,1000000.0
2019-04-09,SPY,97.47136758072557,99.20542300871989,96.98401074282194,98.71186369026856,98.71186369026856,1000000.0
2019-04-10,SPY,98.71186369026856,99.20542300871989,97.96569128484094,98.45798119079492,98.45798119079492,1000000.0
2019-04-11,SPY,98.45798119079492,98.95027109674889,97.21346032731995,97.701970178211,97.701970178211,1000000.0
2019-04-12,SPY,97.701970178211,98.97147766384585,97.21346032731995,98.47908225258294,98.47908225258294,1000000.0
2019-04-15,SPY,98.47908225258294,99.26233256015566,97.98668684132002,98.76849010960763,98.76849010960763,1000000.0
2019-04-16,SPY,98.76849010960763,100.19567259953915,98.27464765905958,99.69718666620813,99.69718666620813,1000000.0
2019-04-17,SPY,99.69718666620813,100.19567259953915,98.89639229517951,99.39335909063267,99.39335909063267,1000000.0
2019-04-18,SPY,99.39335909063267,99.89032588608582,97.48071630121771,97.97056914695247,97.97056914695247,1000000.0
2019-04-19,SPY,97.97056914695247,98.46042199268722,97.4124931908365,97.90200320687086,97.90200320687086,1000000.0
2019-04-22,SPY,97.90200320687086,98.3915132229052,97.01796695965207,97.50549443181113,97.50549443181113,1000000.0
2019-04-23,SPY,97.50549443181113,98.79524828286992,97.01796695965207,98.30372963469645,98.30372963469645,1000000.0
2019-04-24,SPY,98.30372963469645,99.02633627911361,97.81221098652297,98.53366793941653,98.53366793941653,1000000.0
2019-04-25,SPY,98.53366793941653,99.02633627911361,96.493655697771,96.97854843997087,96.97854843997087,1000000.0
2019-04-26,SPY,96.97854843997087,97.46344118217071,95.38540995899534,95.86473362713099,95.86473362713099,1000000.0
2019-04-29,SPY,95.86473362713099,97.23819675641077,95.38540995899534,96.75442463324455,96.75442463324455,1000000.0
2019-04-30,SPY,96.75442463324455,97.94060810337417,96.27065251007834,97.45334139639222,97.45334139639222,1000000.0
2019-05-01,SPY,97.45334139639222,97.94060810337417,96.38578557464126,96.87013625592087,96.87013625592087,1000000.0
2019-05-02,SPY,96.87013625592087,97.39241506771036,96.38578557464126,96.90787568926405,96.90787568926405,1000000.0
2019-05-03,SPY,96.90787568926405,97.86647690666359,96.42333631081773,97.37957901160557,97.37957901160557,1000000.0
2019-05-06,SPY,97.37957901160557,98.36530126648854,96.89268111654755,97.87592165819757,97.87592165819757,1000000.0
2019-05-07,SPY,97.87592165819757,99.27070718450236,97.38654204990658,98.77682306915658,98.77682306915658,1000000.0
2019-05-08,SPY,98.77682306915658,99.56546730812536,98.2829389538108,99.07011672450285,99.07011672450285,1000000.0
2019-05-09,SPY,99.07011672450285,99.56546730812536,98.52073404776635,99.01581311333302,99.01581311333302,1000000.0
2019-05-10,SPY,99.01581311333302,99.51089217889968,98.30535908581676,98.79935586514247,98.79935586514247,1000000.0
2019-05-13,SPY,98.79935586514247,100.38733507860962,98.30535908581676,99.8878956006066,99.8878956006066,1000000.0
2019-05-14,SPY,99.8878956006066,100.38733507860962,97.21523409713268,97.70375286143988,97.70375286143988,1000000.0
2019-05-15,SPY,97.70375286143988,98.19227162574707,97.11937338551918,97.60741043770773,97.60741043770773,1000000.0
2019-05-16,SPY,97.60741043770773,98.16708341253528,97.11937338551918,97.67868996272168,97.67868996272168,1000000.0
2019-05-17,SPY,97.67868996272168,98.16708341253528,95.85315517212159,96.33482931871517,96.33482931871517,1000000.0
2019-05-20,SPY,96.33482931871517,97.17812223314395,95.85315517212159,96.69464898820294,96.69464898820294,1000000.0
2019-05-21,SPY,96.69464898820294,97.17812223314395,95.62484897195134,96.10537585120737,96.10537585120737,1000000.0
2019-05-22,SPY,96.10537585120737,97.4614820513333,95.62484897195134,96.97659905605305,96.97659905605305,1000000.0
2019-05-23,SPY,96.97659905605305,97.4614820513333,96.40916212493286,96.89363027631444,96.89363027631444,1000000.0
2019-05-24,SPY,96.89363027631444,98.07111273091506,96.40916212493286,97.58319674717917,97.58319674717917,1000000.0
2019-05-27,SPY,97.58319674717917,99.31347797346005,97.09528076344327,98.81938106811947,98.81938106811947,1000000.0
2019-05-28,SPY,98.81938106811947,99.73439351218971,98.32528416277887,99.23820249969127,99.23820249969127,1000000.0
2019-05-29,SPY,99.23820249969127,99.73439351218971,97.92024225227217,98.41230377112781,98.41230377112781,1000000.0
2019-05-30,SPY,98.41230377112781,98.90436528998345,96.48717581696704,96.9720359969518,96.9720359969518,1000000.0
2019-05-31,SPY,96.9720359969518,99.2204389564315,96.48717581696704,98.72680493177265,98.72680493177265,1000000.0
2019-06-03,SPY,98.72680493177265,99.2204389564315,98.1631632830869,98.6564455106401,98.6564455106401,1000000.0
2019-06-04,SPY,98.6564455106401,99.14972773819329,97.52857150888337,98.01866483304862,98.01866483304862,1000000.0
2019-06-05,SPY,98.01866483304862,98.69043485117182,97.52857150888337,98.19943766285753,98.19943766285753,1000000.0
2019-06-06,SPY,98.19943766285753,98.69043485117182,97.56061076853136,98.05086509400137,98.05086509400137,1000000.0
2019-06-07,SPY,98.05086509400137,99.42417961302323,97.56061076853136,98.92953195325696,98.92953195325696,1000000.0
2019-06-10,SPY,98.92953195325696,99.49770927813773,98.43488429349067,99.00269579914203,99.00269579914203,1000000.0
2019-06-11,SPY,99.00269579914203,99.55120325769235,98.50768232014632,99.05592363949489,99.05592363949489,1000000.0
2019-06-12,SPY,99.05592363949489,99.55120325769235,97.89801140922252,98.38996121529901,98.38996121529901,1000000.0
2019-06-13,SPY,98.38996121529901,99.3870676608412,97.89801140922252,98.89260463765294,98.89260463765294,1000000.0
2019-06-14,SPY,98.89260463765294,99.3870676608412,97.42503891152145,97.91461197137835,97.91461197137835,1000000.0
2019-06-17,SPY,97.91461197137835,99.10126720185642,97.42503891152145,98.60822607149893,98.60822607149893,1000000.0
2019-06-18,SPY,98.60822607149893,100.66333211639729,98.11518494114144,100.16251951880328,100.16251951880328,1000000.0
2019-06-19,SPY,100.16251951880328,100.66333211639729,98.19297349251498,98.68640552011556,98.68640552011556,1000000.0
2019-06-20,SPY,98.68640552011556,99.17983754771612,95.83925562226976,96.32085992187916,96.32085992187916,1000000.0
2019-06-21,SPY,96.32085992187916,97.44043208714277,95.83925562226976,96.95565381805251,96.95565381805251,1000000.0
2019-06-24,SPY,96.95565381805251,99.99500317588083,96.47087554896225,99.49751559789138,99.49751559789138,1000000.0
2019-06-25,SPY,99.49751559789138,99.99500317588083,98.05326826028345,98.54599825154115,98.54599825154115,1000000.0
2019-06-26,SPY,98.54599825154115,99.03872824279884,96.87329883313049,97.36009932977939,97.36009932977939,1000000.0
2019-06-27,SPY,97.36009932977939,98.46426591419495,96.87329883313049,97.9743939444726,97.9743939444726,1000000.0
2019-06-28,SPY,97.9743939444726,98.46426591419495,96.70705917054458,97.19302429200461,97.19302429200461,1000000.0
2019-07-01,SPY,97.19302429200461,97.67898941346462,96.25742814138985,96.74113381044207,96.74113381044207,1000000.0
2019-07-02,SPY,96.74113381044207,97.22483947949426,95.96129863994342,96.44351622104867,96.44351622104867,1000000.0
2019-07-03,SPY,96.44351622104867,97.4817396883114,95.96129863994342,96.99675590876757,96.99675590876757,1000000.0
2019-07-04,SPY,96.99675590876757,97.4817396883114,96.1598555178074,96.64307087216824,96.64307087216824,1000000.0
2019-07-05,SPY,96.64307087216824,97.4355252721771,96.1598555178074,96.9507714151016,96.9507714151016,1000000.0
2019-07-08,SPY,96.9507714151016,97.4355252721771,96.3343992323701,96.81849169082423,96.81849169082423,1000000.0
2019-07-09,SPY,96.81849169082423,97.30258414927835,95.56233461520786,96.0425473519677,96.0425473519677,1000000.0
2019-07-10,SPY,96.0425473519677,96.52276008872752,95.29529990131168,95.77417075508711,95.77417075508711,1000000.0
2019-07-11,SPY,95.77417075508711,96.25304160886253,94.43166902140946,94.90620002151705,94.90620002151705,1000000.0
2019-07-12,SPY,94.90620002151705,95.42510767527877,94.43166902140946,94.95035589579977,94.95035589579977,1000000.0
2019-07-15,SPY,94.95035589579977,95.42510767527877,93.4571442914704,93.92677818238231,93.92677818238231,1000000.0
2019-07-16,SPY,93.92677818238231,94.39641207329421,92.47830141503685,92.94301649752448,92.94301649752448,1000000.0
2019-07-17,SPY,92.94301649752448,94.8165279179883,92.47830141503685,94.34480389849583,94.34480389849583,1000000.0
2019-07-18,SPY,94.34480389849583,94.8165279179883,93.86070426117698,94.33236609163515,94.33236609163515,1000000.0
2019-07-19,SPY,94.33236609163515,94.80402792209331,93.84765662912594,94.31925289359391,94.31925289359391,1000000.0
2019-07-22,SPY,94.31925289359391,95.31509960103895,93.84765662912594,94.8408951254119,94.8408951254119,1000000.0
2019-07-23,SPY,94.8408951254119,95.31509960103895,94.00797203645783,94.48037390598776,94.48037390598776,1000000.0
2019-07-24,SPY,94.48037390598776,94.9527757755177,93.830900734386,94.3024127983779,94.3024127983779,1000000.0
2019-07-25,SPY,94.3024127983779,95.21579144700918,93.830900734386,94.74208104180019,94.74208104180019,1000000.0
2019-07-26,SPY,94.74208104180019,95.52327766873354,94.26837063659119,95.04803748132692,95.04803748132692,1000000.0
2019-07-29,SPY,95.04803748132692,95.52327766873354,93.52014918698852,93.9900996854156,93.9900996854156,1000000.0
2019-07-30,SPY,93.9900996854156,95.28862291177049,93.52014918698852,94.81455016096567,94.81455016096567,1000000.0
2019-07-31,SPY,94.81455016096567,95.28862291177049,93.8226209956549,94.2940914529195,94.2940914529195,1000000.0
2019-08-01,SPY,94.2940914529195,94.76556191018409,92.87413593187398,93.34084013253667,93.34084013253667,1000000.0
2019-08-02,SPY,93.34084013253667,93.80754433319935,92.07840558609331,92.54111114180232,92.54111114180232,1000000.0
2019-08-05,SPY,92.54111114180232,93.00381669751133,91.75619410078497,92.21728050330148,92.21728050330148,1000000.0
2019-08-06,SPY,92.21728050330148,94.23654722921857,91.75619410078497,93.76770868578963,93.76770868578963,1000000.0
2019-08-07,SPY,93.76770868578963,94.23654722921857,92.24542044245966,92.70896526880368,92.70896526880368,1000000.0
2019-08-08,SPY,92.70896526880368,93.3591124372199,92.24542044245966,92.89463924101484,92.89463924101484,1000000.0
2019-08-09,SPY,92.89463924101484,93.3591124372199,90.51134067062101,90.96617152826232,90.96617152826232,1000000.0
2019-08-12,SPY,90.96617152826232,91.456145033636,90.51134067062101,91.00113933695125,91.00113933695125,1000000.0
2019-08-13,SPY,91.00113933695125,92.31948573755854,90.5461336402665,91.86018481349109,91.86018481349109,1000000.0
2019-08-14,SPY,91.86018481349109,92.31948573755854,91.2213085121023,91.679707047339,91.679707047339,1000000.0
2019-08-15,SPY,91.679707047339,92.13810558257568,90.68527236801218,91.1409772542836,91.1409772542836,1000000.0
2019-08-16,SPY,91.1409772542836,91.84571519003273,90.68527236801218,91.38877133336591,91.38877133336591,1000000.0
2019-08-19,SPY,91.38877133336591,92.52803484487914,90.93182747669908,92.06769636306383,92.06769636306383,1000000.0
2019-08-20,SPY,92.06769636306383,93.18141143840685,91.60735788124852,92.717822326773,92.717822326773,1000000.0
2019-08-21,SPY,92.717822326773,95.07565967431394,92.25423321513914,94.60264644210343,94.60264644210343,1000000.0
2019-08-22,SPY,94.60264644210343,95.31285267351522,94.12963320989292,94.83865937663208,94.83865937663208,1000000.0
2019-08-23,SPY,94.83865937663208,95.31285267351522,93.8446243894897,94.31620541657256,94.31620541657256,1000000.0
2019-08-26,SPY,94.31620541657256,94.7877864436554,93.76397221860368,94.23514795839566,94.23514795839566,1000000.0
2019-08-27,SPY,94.23514795839566,94.70632369818763,93.73350524224753,94.2045278816558,94.2045278816558,1000000.0
2019-08-28,SPY,94.2045278816558,94.81647323410061,93.73350524224753,94.34474948666728,94.34474948666728,1000000.0
2019-08-29,SPY,94.34474948666728,94.82592898136532,93.87302573923395,94.35415819041327,94.35415819041327,1000000.0
2019-08-30,SPY,94.35415819041327,95.02904138882238,93.88238739946121,94.55626008838048,94.55626008838048,1000000.0
2019-09-02,SPY,94.55626008838048,95.02904138882238,92.56156213791007,93.02669561599002,93.02669561599002,1000000.0
2019-09-03,SPY,93.02669561599002,94.30840656229601,92.56156213791007,93.83921050974729,93.83921050974729,1000000.0
2019-09-04,SPY,93.83921050974729,94.30840656229601,92.87206088770226,93.3387546610073,93.3387546610073,1000000.0
2019-09-05,SPY,93.3387546610073,93.80544843431232,91.82561320702268,92.28704844926904,92.28704844926904,1000000.0
2019-09-06,SPY,92.28704844926904,93.37922262109271,91.82561320702268,92.91464937422161,92.91464937422161,1000000.0
2019-09-09,SPY,92.91464937422161,94.65532393105853,92.4500761273505,94.18440192145128,94.18440192145128,1000000.0
2019-09-10,SPY,94.18440192145128,95.16121051379014,93.71347991184403,94.68777165551259,94.68777165551259,1000000.0
2019-09-11,SPY,94.68777165551259,95.35282881632268,94.21433279723503,94.87843663315691,94.87843663315691,1000000.0
2019-09-12,SPY,94.87843663315691,95.35282881632268,93.56549879635598,94.03567718226732,94.03567718226732,1000000.0
2019-09-13,SPY,94.03567718226732,97.29790617037581,93.56549879635598,96.81383698544857,96.81383698544857,1000000.0
2019-09-16,SPY,96.81383698544857,98.19743116959872,96.32976780052132,97.70888673591914,97.70888673591914,1000000.0
2019-09-17,SPY,97.70888673591914,98.19743116959872,96.15745708476021,96.64066038669368,96.64066038669368,1000000.0
2019-09-18,SPY,96.64066038669368,97.12386368862714,95.44886381549581,95.92850634723197,95.92850634723197,1000000.0
2019-09-19,SPY,95.92850634723197,96.53064497783055,95.44886381549581,96.05039301276672,96.05039301276672,1000000.0
2019-09-20,SPY,96.05039301276672,96.53064497783055,94.13341907599728,94.60645133266058,94.60645133266058,1000000.0
2019-09-23,SPY,94.60645133266058,95.27805537145204,94.13341907599728,94.80403519547468,94.80403519547468,1000000.0
2019-09-24,SPY,94.80403519547468,95.27805537145204,93.935531918614,94.40756976745126,94.40756976745126,1000000.0
2019-09-25,SPY,94.40756976745126,96.08867909598872,93.935531918614,95.61062596615794,95.61062596615794,1000000.0
2019-09-26,SPY,95.61062596615794,97.05647759389255,95.13257283632716,96.57360954616175,96.57360954616175,1000000.0
2019-09-27,SPY,96.57360954616175,97.05647759389255,93.55786431871542,94.02800434041751,94.02800434041751,1000000.0
2019-09-30,SPY,94.02800434041751,94.57538333863525,93.55786431871542,94.10485904341817,94.10485904341817,1000000.0
2019-10-01,SPY,94.10485904341817,94.57538333863525,92.16887253295542,92.6320326964376,92.6320326964376,1000000.0
2019-10-02,SPY,92.6320326964376,94.17162626051656,92.16887253295542,93.70311070698166,93.70311070698166,1000000.0
2019-10-03,SPY,93.70311070698166,94.36780700283553,93.23459515344675,93.89831542570701,93.89831542570701,1000000.0
2019-10-04,SPY,93.89831542570701,94.9247091388563,93.42882384857847,94.45244690433464,94.45244690433464,1000000.0
2019-10-07,SPY,94.45244690433464,94.9247091388563,93.02169182401306,93.48913751157092,93.48913751157092,1000000.0
2019-10-08,SPY,93.48913751157092,95.72859930148013,93.02169182401306,95.25233761341308,95.25233761341308,1000000.0
2019-10-09,SPY,95.25233761341308,97.72113203136632,94.776075925346,97.23495724514063,97.23495724514063,1000000.0
2019-10-10,SPY,97.23495724514063,97.72113203136632,95.76239170775875,96.24360975654146,96.24360975654146,1000000.0
2019-10-11,SPY,96.24360975654146,97.1249478308645,95.76239170775875,96.64173913518857,96.64173913518857,1000000.0
2019-10-14,SPY,96.64173913518857,97.1249478308645,95.5514803914046,96.03163858432623,96.03163858432623,1000000.0
2019-10-15,SPY,96.03163858432623,96.52765502911991,95.5514803914046,96.04741793942281,96.04741793942281,1000000.0
2019-10-16,SPY,96.04741793942281,96.52765502911991,94.40302288960213,94.87740993929862,94.87740993929862,1000000.0
2019-10-17,SPY,94.87740993929862,97.18774597032878,94.40302288960213,96.7042248460983,96.7042248460983,1000000.0
2019-10-18,SPY,96.7042248460983,97.18774597032878,95.3307815475112,95.80983070101628,95.80983070101628,1000000.0
2019-10-21,SPY,95.80983070101628,96.28887985452135,95.08696716308833,95.56479111868174,95.56479111868174,1000000.0
2019-10-22,SPY,95.56479111868174,96.56407998911898,95.08696716308833,96.08366168071541,96.08366168071541,1000000.0
2019-10-23,SPY,96.08366168071541,96.56407998911898,95.02415659139656,95.50166491597645,95.50166491597645,1000000.0
2019-10-24,SPY,95.50166491597645,95.97917324055632,94.83495025457107,95.31150779353877,95.31150779353877,1000000.0
2019-10-25,SPY,95.31150779353877,95.78806533250645,94.33965458119535,94.81372319718125,94.81372319718125,1000000.0
2019-10-28,SPY,94.81372319718125,95.28779181316715,94.25152521751309,94.72515097237496,94.72515097237496,1000000.0
2019-10-29,SPY,94.72515097237496,95.19877672723683,93.1919721754718,93.66027354318774,93.66027354318774,1000000.0
2019-10-30,SPY,93.66027354318774,94.12857491090367,92.82181631547544,93.28825760349291,93.28825760349291,1000000.0
2019-10-31,SPY,93.28825760349291,93.75469889151036,92.66703246902662,93.13269594877048,93.13269594877048,1000000.0
2019-11-01,SPY,93.13269594877048,93.59835942851431,92.39524464886696,92.85954236067032,92.85954236067032,1000000.0
2019-11-04,SPY,92.85954236067032,93.41411848939178,92.39524464886696,92.94937163123562,92.94937163123562,1000000.0
2019-11-05,SPY,92.94937163123562,93.41411848939178,92.2508401170949,92.71441217798483,92.71441217798483,1000000.0
2019-11-06,SPY,92.71441217798483,93.92002171230953,92.2508401170949,93.45275792269607,93.45275792269607,1000000.0
2019-11-07,SPY,93.45275792269607,93.92002171230953,92.7225355219064,93.1884779114637,93.1884779114637,1000000.0
2019-11-08,SPY,93.1884779114637,93.65442030102102,92.63296285843057,93.09845513410107,93.09845513410107,1000000.0
2019-11-11,SPY,93.09845513410107,93.56394740977157,92.05601360790374,92.51860664110929,92.51860664110929,1000000.0
2019-11-12,SPY,92.51860664110929,92.98119967431482,91.6092351435065,92.0695830588005,92.0695830588005,1000000.0
2019-11-13,SPY,92.0695830588005,92.5299309740945,90.49432658151802,90.94907194122415,90.94907194122415,1000000.0
2019-11-14,SPY,90.94907194122415,91.91599770986588,90.49432658151802,91.45870418892127,91.45870418892127,1000000.0
2019-11-15,SPY,91.45870418892127,91.91599770986588,90.0036142687924,90.4558937374798,90.4558937374798,1000000.0
2019-11-18,SPY,90.4558937374798,90.90817320616719,89.37055487242702,89.81965313811762,89.81965313811762,1000000.0
2019-11-19,SPY,89.81965313811762,90.62986494981739,89.37055487242702,90.1789700993208,90.1789700993208,1000000.0
2019-11-20,SPY,90.1789700993208,91.03185749348637,89.72807524882418,90.57896268008595,90.57896268008595,1000000.0
2019-11-21,SPY,90.57896268008595,91.03185749348637,89.80209429023031,90.25336109570885,90.25336109570885,1000000.0
2019-11-22,SPY,90.25336109570885,90.7046279011874,88.04214661661685,88.48456946393652,88.48456946393652,1000000.0
2019-11-25,SPY,88.48456946393652,89.33745732440191,88.04214661661685,88.89299236258897,88.89299236258897,1000000.0
2019-11-26,SPY,88.89299236258897,89.6054809516402,88.44852740077603,89.15968253894549,89.15968253894549,1000000.0
2019-11-27,SPY,89.15968253894549,89.6054809516402,87.5047076784714,87.94442982760945,87.94442982760945,1000000.0
2019-11-28,SPY,87.94442982760945,89.10325788003765,87.5047076784714,88.65995808958971,88.65995808958971,1000000.0
2019-11-29,SPY,88.65995808958971,89.10325788003765,87.63538167355361,88.07576047593328,88.07576047593328,1000000.0
2019-12-02,SPY,88.07576047593328,88.51613927831293,86.68864753710335,87.1242688815109,87.1242688815109,1000000.0
2019-12-03,SPY,87.1242688815109,87.67881657897588,86.68864753710335,87.24260356117004,87.24260356117004,1000000.0
2019-12-04,SPY,87.24260356117004,87.67881657897588,86.68627254304623,87.12188195281028,87.12188195281028,1000000.0
2019-12-05,SPY,87.12188195281028,87.77018476957518,86.68627254304623,87.33351718365691,87.33351718365691,1000000.0
2019-12-06,SPY,87.33351718365691,87.77018476957518,85.54686015892989,85.9767438783215,85.9767438783215,1000000.0
2019-12-09,SPY,85.9767438783215,88.02199111895496,85.54686015892989,87.58407076512933,87.58407076512933,1000000.0
2019-12-10,SPY,87.58407076512933,88.02199111895496,86.65719196216149,87.09265523835326,87.09265523835326,1000000.0
2019-12-11,SPY,87.09265523835326,87.52811851454501,85.3673252931285,85.79630682726483,85.79630682726483,1000000.0
2019-12-12,SPY,85.79630682726483,86.7952524585902,85.3673252931285,86.36343528217931,86.36343528217931,1000000.0
2019-12-13,SPY,86.36343528217931,86.7952524585902,85.66152717466551,86.09198711021659,86.09198711021659,1000000.0
2019-12-16,SPY,86.09198711021659,86.83870813778482,85.66152717466551,86.406674763965,86.406674763965,1000000.0
2019-12-17,SPY,86.406674763965,86.83870813778482,85.71743960785045,86.14818051040247,86.14818051040247,1000000.0
2019-12-18,SPY,86.14818051040247,86.57892141295447,85.70052034629427,86.13117622743142,86.13117622743142,1000000.0
2019-12-19,SPY,86.13117622743142,86.80955611315495,85.70052034629427,86.37766777428355,86.37766777428355,1000000.0
2019-12-20,SPY,86.37766777428355,86.80955611315495,85.34058194753895,85.76942909300396,85.76942909300396,1000000.0
2019-12-23,SPY,85.76942909300396,86.82004916820365,85.34058194753895,86.38810862507827,86.38810862507827,1000000.0
2019-12-24,SPY,86.38810862507827,86.82004916820365,85.58743558877153,86.01752320479551,86.01752320479551,1000000.0
2019-12-25,SPY,86.01752320479551,86.44761082081948,84.88026534564553,85.30679934235731,85.30679934235731,1000000.0
2019-12-26,SPY,85.30679934235731,85.83372787100217,84.88026534564553,85.40669439900714,85.40669439900714,1000000.0
2019-12-27,SPY,85.40669439900714,86.25106820026562,84.9796609270121,85.8219584082245,85.8219584082245,1000000.0
2019-12-30,SPY,85.8219584082245,86.25106820026562,85.23154092804543,85.65984012868888,85.65984012868888,1000000.0
2019-12-31,SPY,85.65984012868888,86.08813932933232,84.53336987277869,84.9581606761595,84.9581606761595,1000000.0
2020-01-01,SPY,84.9581606761595,85.94815839595108,84.53336987277869,85.52055561786179,85.52055561786179,1000000.0
2020-01-02,SPY,85.52055561786179,85.94815839595108,83.64159413715568,84.06190365543284,84.06190365543284,1000000.0
2020-01-03,SPY,84.06190365543284,84.48221317371,82.81691206483113,83.23307745209159,83.23307745209159,1000000.0
2020-01-06,SPY,83.23307745209159,83.7157895916107,82.81691206483113,83.29929312598081,83.29929312598081,1000000.0
2020-01-07,SPY,83.29929312598081,83.7157895916107,81.79506628681581,82.20609677066916,82.20609677066916,1000000.0
2020-01-08,SPY,82.20609677066916,82.67332126452986,81.79506628681581,82.26201120848744,82.26201120848744,1000000.0
2020-01-09,SPY,82.26201120848744,82.67332126452986,81.83853649018023,82.24978541726657,82.24978541726657,1000000.0
2020-01-10,SPY,82.24978541726657,83.44065996633101,81.83853649018023,83.02553230480699,83.02553230480699,1000000.0
2020-01-13,SPY,83.02553230480699,83.44065996633101,81.89088851117869,82.30240051374743,82.30240051374743,1000000.0
2020-01-14,SPY,82.30240051374743,82.71391251631616,81.41248731360778,81.82159529005807,81.82159529005807,1000000.0
2020-01-15,SPY,81.82159529005807,82.53814649440899,81.41248731360778,82.1275089496607,82.1275089496607,1000000.0
2020-01-16,SPY,82.1275089496607,82.53814649440899,79.76500297012511,80.16583213077901,80.16583213077901,1000000.0
2020-01-17,SPY,80.16583213077901,83.13662637097305,79.76500297012511,82.72301131440105,82.72301131440105,1000000.0
2020-01-20,SPY,82.72301131440105,83.13662637097305,81.76904628112983,82.17994601118576,82.17994601118576,1000000.0
2020-01-21,SPY,82.17994601118576,82.59084574124168,81.20691585315484,81.6149908071908,81.6149908071908,1000000.0
2020-01-22,SPY,81.6149908071908,82.76553846071684,81.20691585315484,82.35376961265358,82.35376961265358,1000000.0
2020-01-23,SPY,82.35376961265358,82.76567763817509,81.9420007645903,82.35390809768667,82.35390809768667,1000000.0
2020-01-24,SPY,82.35390809768667,82.76567763817509,80.52913824070895,80.93380727709442,80.93380727709442,1000000.0
2020-01-27,SPY,80.93380727709442,81.88275784641557,80.52913824070895,81.47538094170704,81.47538094170704,1000000.0
2020-01-28,SPY,81.47538094170704,82.61921000461433,81.0680040369985,82.20816915882024,82.20816915882024,1000000.0
2020-01-29,SPY,82.20816915882024,82.61921000461433,81.46249042013127,81.87184966847364,81.87184966847364,1000000.0
2020-01-30,SPY,81.87184966847364,82.281208916816,81.26591431131334,81.6742857400134,81.6742857400134,1000000.0
2020-01-31,SPY,81.6742857400134,82.5155367443858,81.26591431131334,82.10501168595603,82.10501168595603,1000000.0
2020-02-03,SPY,82.10501168595603,82.5155367443858,80.98781521809042,81.39478916390996,81.39478916390996,1000000.0
2020-02-04,SPY,81.39478916390996,82.19403092384248,80.98781521809042,81.7851053968582,81.7851053968582,1000000.0
2020-02-05,SPY,81.7851053968582,82.3909555403825,81.37617986987391,81.98105028893782,81.98105028893782,1000000.0
2020-02-06,SPY,81.98105028893782,82.3909555403825,81.0548639854251,81.46217485972372,81.46217485972372,1000000.0
2020-02-07,SPY,81.46217485972372,81.86948573402233,79.9662955121291,80.36813619309457,80.36813619309457,1000000.0
2020-02-10,SPY,80.36813619309457,80.76997687406003,79.8180110598791,80.21910659284332,80.21910659284332,1000000.0
2020-02-11,SPY,80.21910659284332,80.62020212580752,79.15397125964,79.55172990918594,79.55172990918594,1000000.0
2020-02-12,SPY,79.55172990918594,80.78644119895947,79.15397125964,80.38451860592983,80.38451860592983,1000000.0
2020-02-13,SPY,80.38451860592983,80.93529418318546,79.98259601290017,80.53263102804524,80.53263102804524,1000000.0
2020-02-14,SPY,80.53263102804524,81.60339311628185,80.12996787290501,81.19740608585259,81.19740608585259,1000000.0
2020-02-17,SPY,81.19740608585259,81.74601502897913,80.79141905542333,81.33931843679517,81.33931843679517,1000000.0
2020-02-18,SPY,81.33931843679517,81.994000006705,80.93262184461119,81.58606965841294,81.58606965841294,1000000.0
2020-02-19,SPY,81.58606965841294,81.994000006705,80.57722178383119,80.9821324460615,80.9821324460615,1000000.0
2020-02-20,SPY,80.9821324460615,81.9653468890899,80.57722178383119,81.5575590936218,81.5575590936218,1000000.0
2020-02-21,SPY,81.5575590936218,83.47469581297806,81.1497712981537,83.05939881888365,83.05939881888365,1000000.0
2020-02-24,SPY,83.05939881888365,83.47469581297806,82.42152123777555,82.83569973645784,82.83569973645784,1000000.0
2020-02-25,SPY,82.83569973645784,83.24987823514012,81.96717298065516,82.37906832226649,82.37906832226649,1000000.0
2020-02-26,SPY,82.37906832226649,82.79096366387782,81.87064245250137,82.28205271608178,82.28205271608178,1000000.0
2020-02-27,SPY,82.28205271608178,82.69346297966217,81.51015940457755,81.91975819555533,81.91975819555533,1000000.0
2020-02-28,SPY,81.91975819555533,82.3293569865331,80.9727659066786,81.3796642278177,81.3796642278177,1000000.0
2020-03-02,SPY,81.3796642278177,81.93243093053337,80.9727659066786,81.52480689605312,81.52480689605312,1000000.0
2020-03-03,SPY,81.52480689605312,81.93243093053337,80.91390076931702,81.32050328574576,81.32050328574576,1000000.0
2020-03-04,SPY,81.32050328574576,82.94472774180382,80.91390076931702,82.53206740477992,82.53206740477992,1000000.0
2020-03-05,SPY,82.53206740477992,82.97807958864668,82.11940706775603,82.56525332203651,82.56525332203651,1000000.0
2020-03-06,SPY,82.56525332203651,83.28059687353756,82.15242705542633,82.86626554580853,82.86626554580853,1000000.0
2020-03-09,SPY,82.86626554580853,84.11087004305485,82.45193421807949,83.69240800303966,83.69240800303966,1000000.0
2020-03-10,SPY,83.69240800303966,84.11087004305485,83.0570871342334,83.47445943139036,83.47445943139036,1000000.0
2020-03-11,SPY,83.47445943139036,85.13988561501819,83.0570871342334,84.71630409454546,84.71630409454546,1000000.0
2020-03-12,SPY,84.71630409454546,85.13988561501819,83.79460210957329,84.21568051213396,84.21568051213396,1000000.0
2020-03-13,SPY,84.21568051213396,84.63675891469462,83.15325195936717,83.57110749685143,83.57110749685143,1000000.0
2020-03-16,SPY,83.57110749685143,83.98896303433567,82.88239242605991,83.29888686036172,83.29888686036172,1000000.0
2020-03-17,SPY,83.29888686036172,83.71538129466352,82.82048799360784,83.23667135035964,83.23667135035964,1000000.0
2020-03-18,SPY,83.23667135035964,83.65285470711143,81.7006770059726,82.11123317183176,82.11123317183176,1000000.0
2020-03-19,SPY,82.11123317183176,82.5258373088787,81.7006770059726,82.11526100385942,82.11526100385942,1000000.0
2020-03-20,SPY,82.11526100385942,82.5258373088787,80.38571405973674,80.78966237159472,80.78966237159472,1000000.0
2020-03-23,SPY,80.78966237159472,82.36478194009167,80.38571405973674,81.95500690556386,81.95500690556386,1000000.0
2020-03-24,SPY,81.95500690556386,82.36478194009167,81.51180766387172,81.92141473755952,81.92141473755952,1000000.0
2020-03-25,SPY,81.92141473755952,82.33102181124731,81.02261488512998,81.42976370364822,81.42976370364822,1000000.0
2020-03-26,SPY,81.42976370364822,81.83691252216646,80.32211041089961,80.72573910643177,80.72573910643177,1000000.0
2020-03-27,SPY,80.72573910643177,81.12936780196392,80.04593247862847,80.44817334535524,80.44817334535524,1000000.0
2020-03-30,SPY,80.44817334535524,80.85041421208201,79.89951887846273,80.30102399845501,80.30102399845501,1000000.0
2020-03-31,SPY,80.30102399845501,80.70252911844727,79.10093708570864,79.49842923186797,79.49842923186797,1000000.0
2020-04-01,SPY,79.49842923186797,79.89592137802731,78.4080633259904,78.8020736944627,78.8020736944627,1000000.0
2020-04-02,SPY,78.8020736944627,79.19608406293501,78.29275113100043,78.68618204120646,78.68618204120646,1000000.0
2020-04-03,SPY,78.68618204120646,79.07961295141249,77.9172357396921,78.30877963788151,78.30877963788151,1000000.0
2020-04-06,SPY,78.30877963788151,79.4747528855509,77.9172357396921,79.07935610502578,79.07935610502578,1000000.0
2020-04-07,SPY,79.07935610502578,80.4163972429678,78.68395932450065,80.0163156646446,80.0163156646446,1000000.0
2020-04-08,SPY,80.0163156646446,80.46146009779326,79.61623408632137,80.06115432616247,80.06115432616247,1000000.0
2020-04-09,SPY,80.06115432616247,80.87577285605737,79.66084855453165,80.47340582692276,80.47340582692276,1000000.0
2020-04-10,SPY,80.47340582692276,80.87577285605737,79.0406551214043,79.4378443431199,79.4378443431199,1000000.0
2020-04-13,SPY,79.4378443431199,80.37768615774905,79.0406551214043,79.97779717188962,79.97779717188962,1000000.0
2020-04-14,SPY,79.97779717188962,80.3852553034405,79.57790818603017,79.98532866013981,79.98532866013981,1000000.0
2020-04-15,SPY,79.98532866013981,80.80811961620897,79.58540201683911,80.40608917035719,80.40608917035719,1000000.0
2020-04-16,SPY,80.40608917035719,82.14459204721484,80.0040587245054,81.7359124847909,81.7359124847909,1000000.0
2020-04-17,SPY,81.7359124847909,82.14459204721484,79.52507265093638,79.92469613159435,79.92469613159435,1000000.0
2020-04-20,SPY,79.92469613159435,80.56641830253882,79.52507265093638,80.16559035078491,80.16559035078491,1000000.0
2020-04-21,SPY,80.16559035078491,80.56641830253882,78.9244165814976,79.32102168994733,79.32102168994733,1000000.0
2020-04-22,SPY,79.32102168994733,80.22319540764445,78.9244165814976,79.82407503248206,79.82407503248206,1000000.0
2020-04-23,SPY,79.82407503248206,80.22319540764445,78.42003748713674,78.81410802727311,78.81410802727311,1000000.0
2020-04-24,SPY,78.81410802727311,79.20817856740946,78.06372491472524,78.45600493942236,78.45600493942236,1000000.0
2020-04-27,SPY,78.45600493942236,79.03990884139584,78.06372491472524,78.64667546407547,78.64667546407547,1000000.0
2020-04-28,SPY,78.64667546407547,79.55813354390446,78.2534420867551,79.1623219342333,79.1623219342333,1000000.0
2020-04-29,SPY,79.1623219342333,79.64951401845629,78.76651032456213,79.2532477795585,79.2532477795585,1000000.0
2020-04-30,SPY,79.2532477795585,79.64951401845629,78.26555081610647,78.65884504131303,78.65884504131303,1000000.0
2020-05-01,SPY,78.65884504131303,79.05213926651959,77.86466222433482,78.25594193400485,78.25594193400485,1000000.0
2020-05-04,SPY,78.25594193400485,79.3776888742114,77.86466222433482,78.98277499921534,78.98277499921534,1000000.0
2020-05-05,SPY,78.98277499921534,79.40507920654544,78.58786112421926,79.01002906123925,79.01002906123925,1000000.0
2020-05-06,SPY,79.01002906123925,79.40507920654544,77.3332579922708,77.72186732891538,77.72186732891538,1000000.0
2020-05-07,SPY,77.72186732891538,78.80376848839583,77.3332579922708,78.41170993870233,78.41170993870233,1000000.0
2020-05-08,SPY,78.41170993870233,79.16413093305214,78.01965138900881,78.77027953537527,78.77027953537527,1000000.0
2020-05-11,SPY,78.77027953537527,79.89054093165525,78.37642813769838,79.49307555388583,79.49307555388583,1000000.0
2020-05-12,SPY,79.49307555388583,79.89054093165525,78.86133850047923,79.25762663364748,79.25762663364748,1000000.0
2020-05-13,SPY,79.25762663364748,80.3484458663484,78.86133850047923,79.94870235457553,79.94870235457553,1000000.0
2020-05-14,SPY,79.94870235457553,80.3484458663484,78.74084503411129,79.13652767247366,79.13652767247366,1000000.0
2020-05-15,SPY,79.13652767247366,80.01883935247237,78.74084503411129,79.62073567410187,79.62073567410187,1000000.0
2020-05-18,SPY,79.62073567410187,80.01883935247237,78.86663114109626,79.2629458704485,79.2629458704485,1000000.0
2020-05-19,SPY,79.2629458704485,80.23034523390481,78.86663114109626,79.83118928746748,79.83118928746748,1000000.0
2020-05-20,SPY,79.83118928746748,81.07367052518346,79.43203334103015,80.67031893053081,80.67031893053081,1000000.0
2020-05-21,SPY,80.67031893053081,81.07367052518346,79.71025672069696,80.11081077456981,80.11081077456981,1000000.0
2020-05-22,SPY,80.11081077456981,80.51136482844265,79.7013061763193,80.10181525258221,80.10181525258221,1000000.0
2020-05-25,SPY,80.10181525258221,80.56590973681486,79.7013061763193,80.16508431523867,80.16508431523867,1000000.0
2020-05-26,SPY,80.16508431523867,81.56271651478554,79.76425889366247,81.156931855508,81.156931855508,1000000.0
2020-05-27,SPY,81.156931855508,82.17719520825058,80.75114719623046,81.76835344104536,81.76835344104536,1000000.0
2020-05-28,SPY,81.76835344104536,82.17719520825058,80.40569236512277,80.80974107047516,80.80974107047516,1000000.0
2020-05-29,SPY,80.80974107047516,81.61892345594343,80.40569236512277,81.21285916014273,81.21285916014273,1000000.0
2020-06-01,SPY,81.21285916014273,82.26222676499494,80.80679486434201,81.85296195521884,81.85296195521884,1000000.0
2020-06-02,SPY,81.85296195521884,84.06161915053787,81.44369714544275,83.64340213983868,83.64340213983868,1000000.0
2020-06-03,SPY,83.64340213983868,84.06161915053787,81.87211993190684,82.28353762000687,82.28353762000687,1000000.0
2020-06-04,SPY,82.28353762000687,82.6949553081069,81.46675263879901,81.87613330532564,81.87613330532564,1000000.0
2020-06-05,SPY,81.87613330532564,83.4233952947805,81.46675263879901,83.00835352714479,83.00835352714479,1000000.0
2020-06-08,SPY,83.00835352714479,83.4233952947805,81.51426232815845,81.92388173684266,81.92388173684266,1000000.0
2020-06-09,SPY,81.92388173684266,82.33350114552687,80.5745946513388,80.9794921118983,80.9794921118983,1000000.0
2020-06-10,SPY,80.9794921118983,81.8390327087829,80.5745946513388,81.43187334207254,81.43187334207254,1000000.0
2020-06-11,SPY,81.43187334207254,82.70982425649811,81.02471397536218,82.29833259353046,82.29833259353046,1000000.0
2020-06-12,SPY,82.29833259353046,82.70982425649811,81.37364919832358,81.7825620083654,81.7825620083654,1000000.0
2020-06-15,SPY,81.7825620083654,82.66967564245209,81.37364919832358,82.25838372383294,82.25838372383294,1000000.0
2020-06-16,SPY,82.25838372383294,82.79953193608297,81.84709180521376,82.38759396625173,82.38759396625173,1000000.0
2020-06-17,SPY,82.38759396625173,84.10028020406156,81.97565599642047,83.68187084981251,83.68187084981251,1000000.0
2020-06-18,SPY,83.68187084981251,84.13264953180516,83.26346149556345,83.71407913612454,83.71407913612454,1000000.0
2020-06-19,SPY,83.71407913612454,85.00390422481841,83.29550874044392,84.58099922867504,84.58099922867504,1000000.0
2020-06-22,SPY,84.58099922867504,85.00390422481841,83.43483646468734,83.85410699968577,83.85410699968577,1000000.0
2020-06-23,SPY,83.85410699968577,84.27337753468419,83.31404455565921,83.7327080961399,83.7327080961399,1000000.0
2020-06-24,SPY,83.7327080961399,84.1513716366206,83.2668151736341,83.68524138053678,83.68524138053678,1000000.0
2020-06-25,SPY,83.68524138053678,85.10121011037558,83.2668151736341,84.67782100534885,84.67782100534885,1000000.0
2020-06-26,SPY,84.67782100534885,85.63014528843584,84.2544319003221,85.2041246651103,85.2041246651103,1000000.0
2020-06-29,SPY,85.2041246651103,85.63014528843584,84.1768355436132,84.59983471719919,84.59983471719919,1000000.0
2020-06-30,SPY,84.59983471719919,85.63889253973115,84.1768355436132,85.21282839774244,85.21282839774244,1000000.0
2020-07-01,SPY,85.21282839774244,86.33592957054606,84.78676425575372,85.9063975826329,85.9063975826329,1000000.0
2020-07-02,SPY,85.9063975826329,86.33592957054606,85.41564700981573,85.84487136664897,85.84487136664897,1000000.0
2020-07-03,SPY,85.84487136664897,86.2740957234822,85.22993152476869,85.65822263795847,85.65822263795847,1000000.0
2020-07-06,SPY,85.65822263795847,86.08651375114826,85.09894587991958,85.52657877378853,85.52657877378853,1000000.0
2020-07-07,SPY,85.52657877378853,85.95421166765746,83.70215506062708,84.12276890515284,84.12276890515284,1000000.0
2020-07-08,SPY,84.12276890515284,84.73699117499986,83.70215506062708,84.31541410447748,84.31541410447748,1000000.0
2020-07-09,SPY,84.31541410447748,84.96997997218389,83.8938370339551,84.54724375341682,84.54724375341682,1000000.0
2020-07-10,SPY,84.54724375341682,84.96997997218389,83.4328943891411,83.85215516496592,83.85215516496592,1000000.0
2020-07-13,SPY,83.85215516496592,84.93338085712475,83.4328943891411,84.51082672350722,84.51082672350722,1000000.0
2020-07-14,SPY,84.51082672350722,84.93338085712475,82.9748410427185,83.39180004293316,83.39180004293316,1000000.0
2020-07-15,SPY,83.39180004293316,83.80875904314782,82.55125008880931,82.96608049126564,82.96608049126564,1000000.0
2020-07-16,SPY,82.96608049126564,83.38091089372196,82.19275199863314,82.60578090314888,82.60578090314888,1000000.0
2020-07-17,SPY,82.60578090314888,84.71920391842413,82.19275199863314,84.29771534171556,84.29771534171556,1000000.0
2020-07-20,SPY,84.29771534171556,84.71920391842413,82.5785846078363,82.99355236968474,82.99355236968474,1000000.0
2020-07-21,SPY,82.99355236968474,83.91268270158022,82.5785846078363,83.49520666823904,83.49520666823904,1000000.0
2020-07-22,SPY,83.49520666823904,84.74086893915975,83.07773063489783,84.31927257627837,84.31927257627837,1000000.0
2020-07-23,SPY,84.31927257627837,85.09559358385677,83.89767621339698,84.67223242174803,84.67223242174803,1000000.0
2020-07-24,SPY,84.67223242174803,86.14167585132444,84.24887125963929,85.71311029982532,85.71311029982532,1000000.0
2020-07-27,SPY,85.71311029982532,86.14167585132444,84.46741799968754,84.89187738662065,84.89187738662065,1000000.0
2020-07-28,SPY,84.89187738662065,85.31633677355374,82.59616808104413,83.0112242020544,83.0112242020544,1000000.0
2020-07-29,SPY,83.0112242020544,84.10210113233582,82.59616808104413,83.68368271874212,83.68368271874212,1000000.0
2020-07-30,SPY,83.68368271874212,84.10210113233582,82.30840142680549,82.72201148422663,82.72201148422663,1000000.0
2020-07-31,SPY,82.72201148422663,83.13562154164775,82.07300751157481,82.48543468499982,82.48543468499982,1000000.0
2020-08-03,SPY,82.48543468499982,82.8978618584248,81.14362451591526,81.55138142303042,81.55138142303042,1000000.0
2020-08-04,SPY,81.55138142303042,82.85931988279702,81.14362451591526,82.44708446049457,82.44708446049457,1000000.0
2020-08-05,SPY,82.44708446049457,83.6127257951657,82.03484903819209,83.196742084742,83.196742084742,1000000.0
2020-08-06,SPY,83.196742084742,83.6127257951657,82.21970643506843,82.6328707890135,82.6328707890135,1000000.0
2020-08-07,SPY,82.6328707890135,83.83327564692826,82.21970643506843,83.41619467356047,83.41619467356047,1000000.0
2020-08-10,SPY,83.41619467356047,83.96858874158534,82.99911370019267,83.55083456874164,83.55083456874164,1000000.0
2020-08-11,SPY,83.55083456874164,83.96858874158534,83.05049644589334,83.46783562401342,83.46783562401342,1000000.0
2020-08-12,SPY,83.46783562401342,83.96693275584316,83.05049644589334,83.5491868217345,83.5491868217345,1000000.0
2020-08-13,SPY,83.5491868217345,83.96693275584316,82.99625503664001,83.41332164486433,83.41332164486433,1000000.0
2020-08-14,SPY,83.41332164486433,84.3812839370866,82.99625503664001,83.96147655431503,83.96147655431503,1000000.0
2020-08-17,SPY,83.96147655431503,84.67743018294087,83.54166917154345,84.25614943576207,84.25614943576207,1000000.0
2020-08-18,SPY,84.25614943576207,84.67743018294087,83.5758283418563,83.99580737875004,83.99580737875004,1000000.0
2020-08-19,SPY,83.99580737875004,85.30362787859572,83.5758283418563,84.87923171999574,84.87923171999574,1000000.0
2020-08-20,SPY,84.87923171999574,85.30362787859572,83.97357322888246,84.39555098380147,84.39555098380147,1000000.0
2020-08-21,SPY,84.39555098380147,85.09527955842618,83.97357322888246,84.67191995863303,84.67191995863303,1000000.0
2020-08-24,SPY,84.67191995863303,85.48946212994709,84.24856035883987,85.06414142283293,85.06414142283293,1000000.0
2020-08-25,SPY,85.06414142283293,86.7977924729006,84.63882071571877,86.36596265960259,86.36596265960259,1000000.0
2020-08-26,SPY,86.36596265960259,86.7977924729006,85.53508922423215,85.96491379319815,85.96491379319815,1000000.0
2020-08-27,SPY,85.96491379319815,87.94904386988463,85.53508922423215,87.51148643769616,87.51148643769616,1000000.0
2020-08-28,SPY,87.51148643769616,88.13936450716538,87.07392900550768,87.70086020613472,87.70086020613472,1000000.0
2020-08-31,SPY,87.70086020613472,88.13936450716538,87.12809541692108,87.56592504213174,87.56592504213174,1000000.0
2020-09-01,SPY,87.56592504213174,88.00375466734239,86.57877294364975,87.01384215442187,87.01384215442187,1000000.0
2020-09-02,SPY,87.01384215442187,87.99831679128498,86.57877294364975,87.56051422018406,87.56051422018406,1000000.0
2020-09-03,SPY,87.56051422018406,88.0766131207838,87.12271164908314,87.63842101570529,87.63842101570529,1000000.0
2020-09-04,SPY,87.63842101570529,88.0766131207838,86.27767408243866,86.7112302336067,86.7112302336067,1000000.0
2020-09-07,SPY,86.7112302336067,87.14478638477472,85.34415734135791,85.77302245362604,85.77302245362604,1000000.0
2020-09-08,SPY,85.77302245362604,86.20188756589417,84.90532392467384,85.3319838438933,85.3319838438933,1000000.0
2020-09-09,SPY,85.3319838438933,85.75864376311276,84.3670345577514,84.79098950527778,84.79098950527778,1000000.0
2020-09-10,SPY,84.79098950527778,86.18359503567135,84.3670345577514,85.75482093101627,85.75482093101627,1000000.0
2020-09-11,SPY,85.75482093101627,87.41223222937943,85.32604682636119,86.97734550187009,86.97734550187009,1000000.0
2020-09-14,SPY,86.97734550187009,88.21004328415749,86.54245877436074,87.7711873474204,87.7711873474204,1000000.0
2020-09-15,SPY,87.7711873474204,88.56170271210316,87.3323314106833,88.1210972259733,88.1210972259733,1000000.0
2020-09-16,SPY,88.1210972259733,88.56170271210316,87.34074251498436,87.77964071857724,87.77964071857724,1000000.0
2020-09-17,SPY,87.77964071857724,88.30193001946023,87.34074251498436,87.8626169347863,87.8626169347863,1000000.0
2020-09-18,SPY,87.8626169347863,89.12225109067028,87.42330385011238,88.6788568066371,88.6788568066371,1000000.0
2020-09-21,SPY,88.6788568066371,91.07822542349852,88.23546252260391,90.62509992387913,90.62509992387913,1000000.0
2020-09-22,SPY,90.62509992387913,91.9502573037029,90.17197442425974,91.49279333701782,91.49279333701782,1000000.0
2020-09-23,SPY,91.49279333701782,91.9502573037029,90.81673225522094,91.27309774394064,91.27309774394064,1000000.0
2020-09-24,SPY,91.27309774394064,91.80106314516237,90.81673225522094,91.34434143797252,91.34434143797252,1000000.0
2020-09-25,SPY,91.34434143797252,91.80106314516237,90.48628989124677,90.94099486557464,90.94099486557464,1000000.0
2020-09-28,SPY,90.94099486557464,91.3956998399025,89.81700840575614,90.26835015653883,90.26835015653883,1000000.0
2020-09-29,SPY,90.26835015653883,90.71969190732152,89.68754794512564,90.1382391408298,90.1382391408298,1000000.0
2020-09-30,SPY,90.1382391408298,90.80262281249483,89.68754794512564,90.35086847014412,90.35086847014412,1000000.0
2020-10-01,SPY,90.35086847014412,92.52206777976598,89.8991141277934,92.06175898484177,92.06175898484177,1000000.0
2020-10-02,SPY,92.06175898484177,92.60725731900125,91.60145018991757,92.14652469552364,92.14652469552364,1000000.0
2020-10-05,SPY,92.14652469552364,93.91039585868552,91.68579207204601,93.44317995889108,93.44317995889108,1000000.0
2020-10-06,SPY,93.44317995889108,95.62324919597822,92.97596405909663,95.14751163778928,95.14751163778928,1000000.0
2020-10-07,SPY,95.14751163778928,95.73692465614634,94.67177407960033,95.26062154840433,95.26062154840433,1000000.0
2020-10-08,SPY,95.26062154840433,97.32754576328666,94.7843184406623,96.84332911769819,96.84332911769819,1000000.0
2020-10-09,SPY,96.84332911769819,98.0650863392486,96.3591124721097,97.5772003375608,97.5772003375608,1000000.0
2020-10-12,SPY,97.5772003375608,98.0650863392486,96.72345895776469,97.20950649021577,97.20950649021577,1000000.0
2020-10-13,SPY,97.20950649021577,97.99415674488776,96.72345895776469,97.506623626754,97.506623626754,1000000.0
2020-10-14,SPY,97.506623626754,98.05579270810418,97.01909050862024,97.56795294338725,97.56795294338725,1000000.0
2020-10-15,SPY,97.56795294338725,98.05579270810418,96.89356968619363,97.38047204642577,97.38047204642577,1000000.0
2020-10-16,SPY,97.38047204642577,97.86737440665789,96.7398429584473,97.2259728225601,97.2259728225601,1000000.0
2020-10-19,SPY,97.2259728225601,97.8922633558527,96.7398429584473,97.4052371700027,97.4052371700027,1000000.0
2020-10-20,SPY,97.4052371700027,98.35755229104095,96.9182109841527,97.86821123486662,97.86821123486662,1000000.0
2020-10-21,SPY,97.86821123486662,98.35755229104095,96.55959956225378,97.04482368065706,97.04482368065706,1000000.0
2020-10-22,SPY,97.04482368065706,97.5599085972589,96.55959956225378,97.07453591767056,97.07453591767056,1000000.0
2020-10-23,SPY,97.07453591767056,97.5599085972589,95.16792882084283,95.64615961893752,95.64615961893752,1000000.0
2020-10-26,SPY,95.64615961893752,96.41396355025998,95.16792882084283,95.93429208981094,95.93429208981094,1000000.0
2020-10-27,SPY,95.93429208981094,97.05589367373604,95.45462062936188,96.57302853108064,96.57302853108064,1000000.0
2020-10-28,SPY,96.57302853108064,97.25404586660055,96.09016338842524,96.77019489213986,96.77019489213986,1000000.0
2020-10-29,SPY,96.77019489213986,97.57146812477546,96.28634391767916,97.08603793509998,97.08603793509998,1000000.0
2020-10-30,SPY,97.08603793509998,98.18805288687822,96.60060774542448,97.69955511132163,97.69955511132163,1000000.0
2020-11-02,SPY,97.69955511132163,98.18805288687822,96.60528551063194,97.09073920666528,97.09073920666528,1000000.0
2020-11-03,SPY,97.09073920666528,97.5761929026986,96.41318504209734,96.89767340914305,96.89767340914305,1000000.0
2020-11-04,SPY,96.89767340914305,97.9201421376505,96.41318504209734,97.43297725139354,97.43297725139354,1000000.0
2020-11-05,SPY,97.43297725139354,98.94569137847864,96.94581236513658,98.4534242571927,98.4534242571927,1000000.0
2020-11-06,SPY,98.4534242571927,99.37696453580449,97.96115713590673,98.8825517769199,98.8825517769199,1000000.0
2020-11-09,SPY,98.8825517769199,101.9873652910707,98.3881390180353,101.47996546375195,101.47996546375195,1000000.0
2020-11-10,SPY,101.47996546375195,101.9873652910707,100.92071886451166,101.42785815528809,101.42785815528809,1000000.0
2020-11-11,SPY,101.42785815528809,103.00030346506898,100.92071886451166,102.48786414434726,102.48786414434726,1000000.0
2020-11-12,SPY,102.48786414434726,104.35506921106482,101.97542482362552,103.83588976225356,103.83588976225356,1000000.0
2020-11-13,SPY,103.83588976225356,104.35506921106482,103.21987580081822,103.73856864403841,103.73856864403841,1000000.0
2020-11-16,SPY,103.73856864403841,104.25726148725859,102.41736728842564,102.9320274255534,102.9320274255534,1000000.0
2020-11-17,SPY,102.9320274255534,103.44668756268116,101.25380356704191,101.76261665029338,101.76261665029338,1000000.0
2020-11-18,SPY,101.76261665029338,102.47851068124871,101.25380356704191,101.96866734452608,101.96866734452608,1000000.0
2020-11-19,SPY,101.96866734452608,103.66411864828065,101.45882400780346,103.14837676445836,103.14837676445836,1000000.0
2020-11-20,SPY,103.14837676445836,103.98771095259583,102.63263488063608,103.47035915681178,103.47035915681178,1000000.0
2020-11-23,SPY,103.47035915681178,104.20929085247505,102.95300736102772,103.69083666912941,103.69083666912941,1000000.0
2020-11-24,SPY,103.69083666912941,104.20929085247505,102.82300035232457,103.33969884655735,103.33969884655735,1000000.0
2020-11-25,SPY,103.33969884655735,104.48248476930213,102.82300035232457,103.96267141224094,103.96267141224094,1000000.0
2020-11-26,SPY,103.96267141224094,104.48248476930213,101.29743130667174,101.80646362479573,101.80646362479573,1000000.0
2020-11-27,SPY,101.80646362479573,102.59455585563614,101.29743130667174,102.08413517973747,102.08413517973747,1000000.0
2020-11-30,SPY,102.08413517973747,102.6644735538124,101.57371450383879,102.15370502866907,102.15370502866907,1000000.0
2020-12-01,SPY,102.15370502866907,102.6644735538124,100.29969426804949,100.80371283221055,100.80371283221055,1000000.0
2020-12-02,SPY,100.80371283221055,103.57735339582611,100.29969426804949,103.06204317992649,103.06204317992649,1000000.0
2020-12-03,SPY,103.06204317992649,103.57735339582611,101.17427184131193,101.68268526765019,101.68268526765019,1000000.0
2020-12-04,SPY,101.68268526765019,102.19109869398842,100.12999469571041,100.63316049820142,100.63316049820142,1000000.0
2020-12-07,SPY,100.63316049820142,101.13632630069242,98.97434327117966,99.47170178008007,99.47170178008007,1000000.0
2020-12-08,SPY,99.47170178008007,101.1257122909743,98.97434327117966,100.62259929450181,100.62259929450181,1000000.0
2020-12-09,SPY,100.62259929450181,101.1257122909743,99.27397847134627,99.77284268477013,99.77284268477013,1000000.0
2020-12-10,SPY,99.77284268477013,100.98481252960241,99.27397847134627,100.48240052696758,100.48240052696758,1000000.0
2020-12-11,SPY,100.48240052696758,101.62049488044289,99.97998852433274,101.11492027904767,101.11492027904767,1000000.0
2020-12-14,SPY,101.11492027904767,101.92547817927779,100.60934567765243,101.4183862480376,101.4183862480376,1000000.0
2020-12-15,SPY,101.4183862480376,101.92547817927779,99.64023688251787,100.14094159047022,100.14094159047022,1000000.0
2020-12-16,SPY,100.14094159047022,100.64164629842256,99.07181626795908,99.56966459091365,99.56966459091365,1000000.0
2020-12-17,SPY,99.56966459091365,101.7965523889787,99.07181626795908,101.2901018795808,101.2901018795808,1000000.0
2020-12-18,SPY,101.2901018795808,101.7965523889787,99.53094588223388,100.03110138917978,100.03110138917978,1000000.0
2020-12-21,SPY,100.03110138917978,100.53125689612567,98.74611488769548,99.24232652029697,99.24232652029697,1000000.0
2020-12-22,SPY,99.24232652029697,99.73853815289844,98.62547494995296,99.12108035171151,99.12108035171151,1000000.0
2020-12-23,SPY,99.12108035171151,100.46602181346324,98.62547494995296,99.96619085916741,99.96619085916741,1000000.0
2020-12-24,SPY,99.96619085916741,100.75944777088257,99.46635990487158,100.25815698595282,100.25815698595282,1000000.0
2020-12-25,SPY,100.25815698595282,101.55052038391239,99.75686620102306,101.04529391434069,101.04529391434069,1000000.0
2020-12-28,SPY,101.04529391434069,101.55052038391239,99.51251217485968,100.01257505011023,100.01257505011023,1000000.0
2020-12-29,SPY,100.01257505011023,101.50735267779113,99.51251217485968,101.0023409729265,101.0023409729265,1000000.0
2020-12-30,SPY,101.0023409729265,102.12744806966505,100.49732926806188,101.61935131309956,101.61935131309956,1000000.0
2020-12-31,SPY,101.61935131309956,102.12744806966505,99.55156939853161,100.0518285412378,100.0518285412378,1000000.0
2021-01-01,SPY,100.0518285412378,102.15334234787153,99.55156939853161,101.64511676405128,101.64511676405128,1000000.0
2021-01-04,SPY,101.64511676405128,104.5639681286407,101.13689118023102,104.04374938173204,104.04374938173204,1000000.0
2021-01-05,SPY,104.04374938173204,104.5639681286407,102.77202261426058,103.28846493895536,103.28846493895536,1000000.0
2021-01-06,SPY,103.28846493895536,103.90424708432819,102.77202261426058,103.38731053166985,103.38731053166985,1000000.0
2021-01-07,SPY,103.38731053166985,105.40857607731664,102.8703739790115,104.88415530081258,104.88415530081258,1000000.0
2021-01-08,SPY,104.88415530081258,105.40857607731664,102.86644682692815,103.38336364515392,103.38336364515392,1000000.0
2021-01-11,SPY,103.38336364515392,103.90028046337967,100.88012300087968,101.38705829234138,101.38705829234138,1000000.0
2021-01-12,SPY,101.38705829234138,101.89399358380308,99.62005200842022,100.12065528484445,100.12065528484445,1000000.0
2021-01-13,SPY,100.12065528484445,100.62125856126866,99.09636909341137,99.59434079739836,99.59434079739836,1000000.0
2021-01-14,SPY,99.59434079739836,100.09231250138534,98.56422633793619,99.05952395772482,99.05952395772482,1000000.0
2021-01-15,SPY,99.05952395772482,100.20137737388687,98.56422633793619,99.7028630585939,99.7028630585939,1000000.0
2021-01-18,SPY,99.7028630585939,100.51101249114168,99.20434874330094,100.01095770262856,100.01095770262856,1000000.0
2021-01-19,SPY,100.01095770262856,100.51101249114168,98.31793306821439,98.8119930333813,98.8119930333813,1000000.0
2021-01-20,SPY,98.8119930333813,99.91105353967613,98.31793306821439,99.4139836215683,99.4139836215683,1000000.0
2021-01-21,SPY,99.4139836215683,101.84185195118292,98.91691370346047,101.33517607082878,101.33517607082878,1000000.0
2021-01-22,SPY,101.33517607082878,103.10951561656346,100.82850019047464,102.59653295180445,102.59653295180445,1000000.0
2021-01-25,SPY,102.59653295180445,104.17818561106434,102.08355028704543,103.65988618016353,103.65988618016353,1000000.0
2021-01-26,SPY,103.65988618016353,104.24089675237663,103.1415867492627,103.7222853257479,103.7222853257479,1000000.0
2021-01-27,SPY,103.7222853257479,105.31341927111866,103.20367389911917,104.78947191156087,104.78947191156087,1000000.0
2021-01-28,SPY,104.78947191156087,105.31341927111866,103.30434507869079,103.82346239064401,103.82346239064401,1000000.0
2021-01-29,SPY,103.82346239064401,105.1712177842469,103.30434507869079,104.64797789477305,104.64797789477305,1000000.0
2021-02-01,SPY,104.64797789477305,105.1712177842469,104.07555233294421,104.59854505823539,104.59854505823539,1000000.0
2021-02-02,SPY,104.59854505823539,106.359646254886,104.07555233294421,105.83049378595624,105.83049378595624,1000000.0
2021-02-03,SPY,105.83049378595624,106.89920123852978,105.30134131702646,106.36736441644756,106.36736441644756,1000000.0
2021-02-04,SPY,106.36736441644756,106.89920123852978,104.73019427251154,105.2564766557905,105.2564766557905,1000000.0
2021-02-05,SPY,105.2564766557905,105.96061597197375,104.73019427251154,105.43344872833211,105.43344872833211,1000000.0
2021-02-08,SPY,105.43344872833211,107.30225790530226,104.90628148469045,106.7684158261714,106.7684158261714,1000000.0
2021-02-09,SPY,106.7684158261714,107.30225790530226,105.08370994983291,105.61176879380191,105.61176879380191,1000000.0
2021-02-10,SPY,105.61176879380191,106.1398276377709,104.53959209441896,105.064916677808,105.064916677808,1000000.0
2021-02-11,SPY,105.064916677808,105.59024126119702,103.78060891480445,104.30211951236627,104.30211951236627,1000000.0
2021-02-12,SPY,104.30211951236627,104.82363010992809,102.28087260111421,102.79484683529067,102.79484683529067,1000000.0
2021-02-15,SPY,102.79484683529067,104.34841539923822,102.28087260111421,103.82926905396839,103.82926905396839,1000000.0
2021-02-16,SPY,103.82926905396839,105.7677255100831,103.31012270869854,105.2415179204807,105.2415179204807,1000000.0
2021-02-17,SPY,105.2415179204807,106.65996244448166,104.7153103308783,106.1293158651559,106.1293158651559,1000000.0
2021-02-18,SPY,106.1293158651559,106.96177805664699,105.59866928583013,106.42962990711145,106.42962990711145,1000000.0
2021-02-19,SPY,106.42962990711145,106.96177805664699,105.88474159099087,106.41682571958881,106.41682571958881,1000000.0
2021-02-22,SPY,106.41682571958881,107.24812180894527,105.88474159099087,106.71454906362715,106.71454906362715,1000000.0
2021-02-23,SPY,106.71454906362715,107.24812180894527,105.44920870127613,105.97910422238807,105.97910422238807,1000000.0
2021-02-24,SPY,105.97910422238807,107.5082879943258,105.44920870127613,106.97342088987642,106.97342088987642,1000000.0
2021-02-25,SPY,106.97342088987642,108.68163900454046,106.43855378542705,108.14093433287609,108.14093433287609,1000000.0
2021-02-26,SPY,108.14093433287609,109.74377173721045,107.6002296612117,109.19778282309498,109.19778282309498,1000000.0
2021-03-01,SPY,109.19778282309498,109.74377173721045,108.1196771409594,108.66299210146673,108.66299210146673,1000000.0
2021-03-02,SPY,108.66299210146673,109.33568865281015,108.1196771409594,108.79173000279619,108.79173000279619,1000000.0
2021-03-03,SPY,108.79173000279619,109.33568865281015,108.11170201195283,108.654976896435,108.654976896435,1000000.0
2021-03-04,SPY,108.654976896435,111.21339150067612,108.11170201195283,110.6600910454489,110.6600910454489,1000000.0
2021-03-05,SPY,110.6600910454489,111.4579916881101,110.10679059022165,110.90347431652748,110.90347431652748,1000000.0
2021-03-08,SPY,110.90347431652748,111.4579916881101,108.33485844056095,108.8792547141316,108.8792547141316,1000000.0
2021-03-09,SPY,108.8792547141316,109.90453345847044,108.33485844056095,109.35774473479647,109.35774473479647,1000000.0
2021-03-10,SPY,109.35774473479647,112.0376274007739,108.81095601112249,111.48022626942678,111.48022626942678,1000000.0
2021-03-11,SPY,111.48022626942678,112.85305011803148,110.92282513807965,112.29159215724526,112.29159215724526,1000000.0
2021-03-12,SPY,112.29159215724526,113.89549621179987,111.73013419645903,113.32885195203968,113.32885195203968,1000000.0
2021-03-15,SPY,113.32885195203968,113.98215952353068,112.76220769227949,113.41508410301562,113.41508410301562,1000000.0
2021-03-16,SPY,113.41508410301562,113.98215952353068,110.68938690597281,111.24561498087719,111.24561498087719,1000000.0
2021-03-17,SPY,111.24561498087719,111.80184305578156,108.74714154756137,109.29360959553907,109.29360959553907,1000000.0
2021-03-18,SPY,109.29360959553907,109.84007764351675,107.44358372535952,107.9835012315171,107.9835012315171,1000000.0
2021-03-19,SPY,107.9835012315171,108.52341873767467,107.35032876639193,107.88977765466525,107.88977765466525,1000000.0
2021-03-22,SPY,107.88977765466525,108.80939210438838,107.35032876639193,108.26805184516257,108.26805184516257,1000000.0
2021-03-23,SPY,108.26805184516257,109.60596483459982,107.72671158593676,109.060661526965,109.060661526965,1000000.0
2021-03-24,SPY,109.060661526965,109.60596483459982,108.18980441912485,108.73347177801493,108.73347177801493,1000000.0
2021-03-25,SPY,108.73347177801493,110.37200335266338,108.18980441912485,109.82288890812278,109.82288890812278,1000000.0
2021-03-26,SPY,109.82288890812278,110.37200335266338,109.01210574516107,109.55990527151866,109.55990527151866,1000000.0
2021-03-29,SPY,109.55990527151866,110.10770479787624,108.29013310480921,108.83430462794897,108.83430462794897,1000000.0
2021-03-30,SPY,108.83430462794897,110.35810115455196,108.29013310480921,109.80905587517609,109.80905587517609,1000000.0
2021-03-31,SPY,109.80905587517609,110.35810115455196,108.30875707046154,108.85302218136839,108.85302218136839,1000000.0
2021-04-01,SPY,108.85302218136839,109.39728729227522,105.43505393109054,105.96487832270405,105.96487832270405,1000000.0
2021-04-02,SPY,105.96487832270405,106.49470271431755,104.36512764043702,104.88957551802716,104.88957551802716,1000000.0
2021-04-05,SPY,104.88957551802716,105.55554127894946,104.36512764043702,105.03038933228804,105.03038933228804,1000000.0
2021-04-06,SPY,105.03038933228804,105.55554127894946,101.37590210421584,101.88532874795561,101.88532874795561,1000000.0
2021-04-07,SPY,101.88532874795561,102.39475539169538,101.05490981236375,101.56272342951131,101.56272342951131,1000000.0
2021-04-08,SPY,101.56272342951131,102.07053704665886,100.76016882829695,101.26650133497182,101.26650133497182,1000000.0
2021-04-09,SPY,101.26650133497182,101.77283384164667,99.3728132143427,99.87217408476653,99.87217408476653,1000000.0
2021-04-12,SPY,99.87217408476653,100.37153495519036,97.94964623517077,98.44185551273445,98.44185551273445,1000000.0
2021-04-13,SPY,98.44185551273445,98.93406479029811,97.53671909568799,98.02685336250049,98.02685336250049,1000000.0
2021-04-14,SPY,98.02685336250049,98.51698762931298,97.04336219177053,97.53101727816133,97.53101727816133,1000000.0
2021-04-15,SPY,97.53101727816133,99.3011527700804,97.04336219177053,98.80711718415962,98.80711718415962,1000000.0
2021-04-16,SPY,98.80711718415962,99.71397228202257,98.31308159823882,99.21788286768415,99.21788286768415,1000000.0
2021-04-19,SPY,99.21788286768415,99.71397228202257,97.21229280032397,97.70079678424518,97.70079678424518,1000000.0
2021-04-20,SPY,97.70079678424518,98.1893007681664,96.42356846736531,96.90810901242745,96.90810901242745,1000000.0
2021-04-21,SPY,96.90810901242745,98.12107315668437,96.42356846736531,97.63290861361631,97.63290861361631,1000000.0
2021-04-22,SPY,97.63290861361631,100.03918149573411,97.14474407054823,99.54147412510858,99.54147412510858,1000000.0
2021-04-23,SPY,99.54147412510858,100.4667592587136,99.04376675448303,99.96692463553593,99.96692463553593,1000000.0
2021-04-26,SPY,99.96692463553593,100.81972737659062,99.46709001235826,100.31813669312501,100.31813669312501,1000000.0
2021-04-27,SPY,100.31813669312501,102.75438914788579,99.81654600965939,102.2431732814784,102.2431732814784,1000000.0
2021-04-28,SPY,102.2431732814784,102.77219654256982,101.73195741507101,102.26089208215903,102.26089208215903,1000000.0
2021-04-29,SPY,102.26089208215903,102.77219654256982,101.47614658758916,101.98607697245141,101.98607697245141,1000000.0
2021-04-30,SPY,101.98607697245141,102.49600735731366,100.09215123945069,100.59512687381978,100.59512687381978,1000000.0
2021-05-03,SPY,100.59512687381978,101.09810250818887,99.61981725557615,100.12041935233785,100.12041935233785,1000000.0
2021-05-04,SPY,100.12041935233785,102.87846334432474,99.61981725557615,102.36663019335796,102.36663019335796,1000000.0
2021-05-05,SPY,102.36663019335796,102.87846334432474,100.45710562912691,100.96191520515268,100.96191520515268,1000000.0
2021-05-06,SPY,100.96191520515268,101.51868062684889,100.45710562912691,101.01361256402876,101.01361256402876,1000000.0
2021-05-07,SPY,101.01361256402876,101.51868062684889,99.14262495716564,99.64082910267904,99.64082910267904,1000000.0
2021-05-10,SPY,99.64082910267904,100.30788543109897,99.14262495716564,99.8088412249741,99.8088412249741,1000000.0
2021-05-11,SPY,99.8088412249741,101.24271799546523,99.30979701884924,100.73902288105994,100.73902288105994,1000000.0
2021-05-12,SPY,100.73902288105994,101.24271799546523,100.03140691563519,100.53407730214592,100.53407730214592,1000000.0
2021-05-13,SPY,100.53407730214592,101.81808716619685,100.03140691563519,101.31152951860383,101.31152951860383,1000000.0
2021-05-14,SPY,101.31152951860383,102.59571832366483,100.80497187101082,102.08529186434312,102.08529186434312,1000000.0
2021-05-17,SPY,102.08529186434312,103.096603660054,101.5748654050214,102.5836852338846,102.5836852338846,1000000.0
2021-05-18,SPY,102.5836852338846,104.9232287826657,102.07076680771517,104.40122266931913,104.40122266931913,1000000.0
2021-05-19,SPY,104.40122266931913,105.78590672812797,103.87921655597253,105.25960868470446,105.25960868470446,1000000.0
2021-05-20,SPY,105.25960868470446,105.78590672812797,104.45617702395413,104.9810824361348,104.9810824361348,1000000.0
2021-05-21,SPY,104.9810824361348,105.50598784831546,103.78893744129,104.31048989074372,104.31048989074372,1000000.0
2021-05-24,SPY,104.31048989074372,104.83204234019743,102.95647497549488,103.47384419647727,103.47384419647727,1000000.0
2021-05-25,SPY,103.47384419647727,104.5290563109061,102.95647497549488,104.00901125463295,104.00901125463295,1000000.0
2021-05-26,SPY,104.00901125463295,104.5290563109061,103.19576156535186,103.7143332315094,103.7143332315094,1000000.0
2021-05-27,SPY,103.7143332315094,107.15962399219735,103.19576156535186,106.62649153452475,106.62649153452475,1000000.0
2021-05-28,SPY,106.62649153452475,109.19595405889518,106.09335907685212,108.65269060586587,108.65269060586587,1000000.0
2021-05-31,SPY,108.65269060586587,109.19595405889518,107.92091480421978,108.46323095901485,108.46323095901485,1000000.0
2021-06-01,SPY,108.46323095901485,109.00554711380991,107.60933236790605,108.15008278181513,108.15008278181513,1000000.0
2021-06-02,SPY,108.15008278181513,110.58773909802615,107.60933236790605,110.03755134131956,110.03755134131956,1000000.0
2021-06-03,SPY,110.03755134131956,110.58773909802615,107.48760555207966,108.02774427344688,108.02774427344688,1000000.0
2021-06-04,SPY,108.02774427344688,108.56788299481411,107.04614820709399,107.58406854984321,107.58406854984321,1000000.0
2021-06-07,SPY,107.58406854984321,109.1985392054669,107.04614820709399,108.65526289101186,108.65526289101186,1000000.0
2021-06-08,SPY,108.65526289101186,109.1985392054669,107.1732438935164,107.71180290805668,107.71180290805668,1000000.0
2021-06-09,SPY,107.71180290805668,108.25036192259695,106.70610009595346,107.24231165422458,107.24231165422458,1000000.0
2021-06-10,SPY,107.24231165422458,107.77852321249568,106.37460946116083,106.90915523734756,106.90915523734756,1000000.0
2021-06-11,SPY,106.90915523734756,108.19932022845389,106.37460946116083,107.66101515269044,107.66101515269044,1000000.0
2021-06-14,SPY,107.66101515269044,108.39157371137301,107.12271007692699,107.85231215061992,107.85231215061992,1000000.0
2021-06-15,SPY,107.85231215061992,108.87181998455426,107.31305058986682,108.33016913885997,108.33016913885997,1000000.0
2021-06-16,SPY,108.33016913885997,109.56566655183552,107.78851829316567,109.02056373316968,109.02056373316968,1000000.0
2021-06-17,SPY,109.02056373316968,109.64232164019307,108.47546091450383,109.09683745292844,109.09683745292844,1000000.0
2021-06-18,SPY,109.09683745292844,110.91111428471322,108.55135326566379,110.35931769623207,110.35931769623207,1000000.0
2021-06-21,SPY,110.35931769623207,110.91111428471322,109.0535925609296,109.60160056374835,109.60160056374835,1000000.0
2021-06-22,SPY,109.60160056374835,110.14960856656708,107.54165074411738,108.0820610493642,108.0820610493642,1000000.0
2021-06-23,SPY,108.0820610493642,108.62247135461101,105.6899177987812,106.22102291334794,106.22102291334794,1000000.0
2021-06-24,SPY,106.22102291334794,106.75212802791467,104.03208960821642,104.5548639278557,104.5548639278557,1000000.0
2021-06-25,SPY,104.5548639278557,105.07763824749497,103.50234279793521,104.02245507330173,104.02245507330173,1000000.0
2021-06-28,SPY,104.02245507330173,105.66722831143608,103.50234279793521,105.1415207078966,105.1415207078966,1000000.0
2021-06-29,SPY,105.1415207078966,105.89377489505904,104.61581310435712,105.36694019408861,105.36694019408861,1000000.0
2021-06-30,SPY,105.36694019408861,105.89377489505904,104.25615696893507,104.78005725521113,104.78005725521113,1000000.0
2021-07-01,SPY,104.78005725521113,105.30395754148718,103.18797889208108,103.70651144932772,103.70651144932772,1000000.0
2021-07-02,SPY,103.70651144932772,104.22504400657435,102.68473880599059,103.20074251858351,103.20074251858351,1000000.0
2021-07-05,SPY,103.20074251858351,103.71674623117642,102.31198712511662,102.82611771368504,102.82611771368504,1000000.0
2021-07-06,SPY,102.82611771368504,103.34024830225346,101.77615555925368,102.28759352688812,102.28759352688812,1000000.0
2021-07-07,SPY,102.28759352688812,102.79903149452255,100.36869995088452,100.87306527727087,100.87306527727087,1000000.0
2021-07-08,SPY,100.87306527727087,101.37743060365722,99.93223706703766,100.43440911260066,100.43440911260066,1000000.0
2021-07-09,SPY,100.43440911260066,102.00927817345793,99.93223706703766,101.50176932682382,101.50176932682382,1000000.0
2021-07-12,SPY,101.50176932682382,102.00927817345793,98.8612744127674,99.35806473644965,99.35806473644965,1000000.0
2021-07-13,SPY,99.35806473644965,99.85485506013188,98.66314891751367,99.15894363569213,99.15894363569213,1000000.0
2021-07-14,SPY,99.15894363569213,99.65473835387057,96.63084808636636,97.11643023755413,97.11643023755413,1000000.0
2021-07-15,SPY,97.11643023755413,97.81995431202158,96.63084808636636,97.3332878726583,97.3332878726583,1000000.0
2021-07-16,SPY,97.3332878726583,97.81995431202158,96.16385994167716,96.64709541877102,96.64709541877102,1000000.0
2021-07-19,SPY,96.64709541877102,97.13033089586486,94.216632717731,94.69008313339799,94.69008313339799,1000000.0
2021-07-20,SPY,94.69008313339799,95.29752496711095,94.216632717731,94.82340792747358,94.82340792747358,1000000.0
2021-07-21,SPY,94.82340792747358,97.08412715616369,94.34929088783622,96.60112154842159,96.60112154842159,1000000.0
2021-07-22,SPY,96.60112154842159,97.2287848665457,96.11811594067947,96.74505956870219,96.74505956870219,1000000.0
2021-07-23,SPY,96.74505956870219,98.40432172522627,96.26133427085868,97.91474798529978,97.91474798529978,1000000.0
2021-07-26,SPY,97.91474798529978,98.40432172522627,97.3944858610151,97.88390538795487,97.88390538795487,1000000.0
2021-07-27,SPY,97.88390538795487,98.37332491489464,95.35375260944384,95.83291719542095,95.83291719542095,1000000.0
2021-07-28,SPY,95.83291719542095,96.82435904653957,95.35375260944384,96.34264581745232,96.34264581745232,1000000.0
2021-07-29,SPY,96.34264581745232,96.82435904653957,95.4989955151873,95.97888996501237,95.97888996501237,1000000.0
2021-07-30,SPY,95.97888996501237,96.45878441483742,94.15052958449692,94.623647823615,94.623647823615,1000000.0
2021-08-02,SPY,94.623647823615,95.8844029583151,94.15052958449692,95.40736612767674,95.40736612767674,1000000.0
2021-08-03,SPY,95.40736612767674,96.19832113665124,94.93032929703836,95.7197225240311,95.7197225240311,1000000.0
2021-08-04,SPY,95.7197225240311,96.19832113665124,94.7799345483863,95.2562156265189,95.2562156265189,1000000.0
2021-08-05,SPY,95.2562156265189,96.60577321511118,94.7799345483863,96.12514747772258,96.12514747772258,1000000.0
2021-08-06,SPY,96.12514747772258,96.60577321511118,94.85199226651534,95.32863544373402,95.32863544373402,1000000.0
2021-08-09,SPY,95.32863544373402,96.46228541844306,94.85199226651534,95.98237355068962,95.98237355068962,1000000.0
2021-08-10,SPY,95.98237355068962,96.46228541844306,94.64635998161884,95.12196983077271,95.12196983077271,1000000.0
2021-08-11,SPY,95.12196983077271,96.14784416459558,94.64635998161884,95.66949668118964,95.66949668118964,1000000.0
2021-08-12,SPY,95.66949668118964,96.14784416459558,94.18674754204086,94.66004778094559,94.66004778094559,1000000.0
2021-08-13,SPY,94.66004778094559,96.59929593970587,94.18674754204086,96.11870242756804,96.11870242756804,1000000.0
2021-08-16,SPY,96.11870242756804,96.8840136799393,95.6381089154302,96.40200366163116,96.40200366163116,1000000.0
2021-08-17,SPY,96.40200366163116,98.32155481384027,95.919993643323,97.83239284959231,97.83239284959231,1000000.0
2021-08-18,SPY,97.83239284959231,98.32155481384027,96.58454471629719,97.06989418723336,97.06989418723336,1000000.0
2021-08-19,SPY,97.06989418723336,97.55524365816952,96.1642543391321,96.64749179812272,96.64749179812272,1000000.0
2021-08-20,SPY,96.64749179812272,97.9889231718283,96.1642543391321,97.50141609137145,97.50141609137145,1000000.0
2021-08-23,SPY,97.50141609137145,97.9889231718283,94.42606889773332,94.9005717565159,94.9005717565159,1000000.0
2021-08-24,SPY,94.9005717565159,95.37507461529847,93.4614713324549,93.93112696729136,93.93112696729136,1000000.0
2021-08-25,SPY,93.93112696729136,95.41932565289973,93.4614713324549,94.94460263970123,94.94460263970123,1000000.0
2021-08-26,SPY,94.94460263970123,95.90251685815848,94.46987962650272,95.42538990861541,95.42538990861541,1000000.0
2021-08-27,SPY,95.42538990861541,96.884536060241,94.94826295907234,96.40252344302588,96.40252344302588,1000000.0
2021-08-30,SPY,96.40252344302588,96.884536060241,95.6621035025591,96.14281759051167,96.14281759051167,1000000.0
2021-08-31,SPY,96.14281759051167,97.20890325302754,95.6621035025591,96.72527686868413,96.72527686868413,1000000.0
2021-09-01,SPY,96.72527686868413,97.20890325302754,95.57906191923125,96.05935871279523,96.05935871279523,1000000.0
2021-09-02,SPY,96.05935871279523,96.5396555063592,94.31442760535325,94.78836945261632,94.78836945261632,1000000.0
2021-09-03,SPY,94.78836945261632,95.2623112998794,92.76655954081285,93.23272315659582,93.23272315659582,1000000.0
2021-09-06,SPY,93.23272315659582,93.6988867723788,92.293076638756,92.75686094347337,92.75686094347337,1000000.0
2021-09-07,SPY,92.75686094347337,93.22064524819072,91.82455221047114,92.28598212107653,92.28598212107653,1000000.0
2021-09-08,SPY,92.28598212107653,92.7474120316819,91.28495076078015,91.74366910631171,91.74366910631171,1000000.0
2021-09-09,SPY,91.74366910631171,92.20238745184326,88.1374820560172,88.5803839758967,88.5803839758967,1000000.0
2021-09-10,SPY,88.5803839758967,89.02328589577617,86.42801366172382,86.86232528816464,86.86232528816464,1000000.0
2021-09-13,SPY,86.86232528816464,87.29663691460546,86.00328821339583,86.43546554110134,86.43546554110134,1000000.0
2021-09-14,SPY,86.43546554110134,87.15217949245614,86.00328821339583,86.71858655965787,86.71858655965787,1000000.0
2021-09-15,SPY,86.71858655965787,87.15217949245614,85.82134661425997,86.25260966257284,86.25260966257284,1000000.0
2021-09-16,SPY,86.25260966257284,86.6838727108857,85.10610725083666,85.53377613149412,85.53377613149412,1000000.0
2021-09-17,SPY,85.53377613149412,85.96144501215159,83.19723093587201,83.6153074732382,83.6153074732382,1000000.0
2021-09-20,SPY,83.6153074732382,85.78371091347123,83.19723093587201,85.35692628206093,85.35692628206093,1000000.0
2021-09-21,SPY,85.35692628206093,85.78371091347123,84.03370285575949,84.45598276960753,84.45598276960753,1000000.0
2021-09-22,SPY,84.45598276960753,86.35372936143949,84.03370285575949,85.92410881735273,85.92410881735273,1000000.0
2021-09-23,SPY,85.92410881735273,87.74710336618236,85.49448827326597,87.31055061311679,87.31055061311679,1000000.0
2021-09-24,SPY,87.31055061311679,88.02299986119645,86.8739978600512,87.5850744887527,87.5850744887527,1000000.0
2021-09-27,SPY,87.5850744887527,88.02299986119645,86.68422907602232,87.11982821710787,87.11982821710787,1000000.0
2021-09-28,SPY,87.11982821710787,87.70634131383376,86.68422907602232,87.26999135704853,87.26999135704853,1000000.0
2021-09-29,SPY,87.26999135704853,87.70634131383376,85.87250537021974,86.30402549770828,86.30402549770828,1000000.0
2021-09-30,SPY,86.30402549770828,86.99677814701539,85.87250537021974,86.56395835523921,86.56395835523921,1000000.0
2021-10-01,SPY,86.56395835523921,87.03415315789985,86.13113856346301,86.60114742079588,86.60114742079588,1000000.0
2021-10-04,SPY,86.60114742079588,87.53338726555312,86.1681416836919,87.09789777666978,87.09789777666978,1000000.0
2021-10-05,SPY,87.09789777666978,88.40465775752756,86.66240828778643,87.96483358957967,87.96483358957967,1000000.0
2021-10-06,SPY,87.96483358957967,89.98590461667065,87.52500942163176,89.53821354892604,89.53821354892604,1000000.0
2021-10-07,SPY,89.53821354892604,89.98590461667065,88.78074589796549,89.2268802994628,89.2268802994628,1000000.0
2021-10-08,SPY,89.2268802994628,90.64980340991848,88.78074589796549,90.19880936310297,90.19880936310297,1000000.0
2021-10-11,SPY,90.19880936310297,90.64980340991848,89.07573735647111,89.52335412710664,89.52335412710664,1000000.0
2021-10-12,SPY,89.52335412710664,89.97097089774216,88.31777060011872,88.76157849258163,88.76157849258163,1000000.0
2021-10-13,SPY,88.76157849258163,89.20538638504453,87.80871677034408,88.24996660336087,88.24996660336087,1000000.0
2021-10-14,SPY,88.24996660336087,88.69121643637767,86.98547224312601,87.42258516897087,87.42258516897087,1000000.0
2021-10-15,SPY,87.42258516897087,88.7606876666151,86.98547224312601,88.31909220558717,88.31909220558717,1000000.0
2021-10-18,SPY,88.31909220558717,89.61979813514503,87.87749674455924,89.17392849268164,89.17392849268164,1000000.0
2021-10-19,SPY,89.17392849268164,90.80364013286348,88.72805885021823,90.3518807292174,90.3518807292174,1000000.0
2021-10-20,SPY,90.3518807292174,90.81698895007125,89.9001213255713,90.36516313439927,90.36516313439927,1000000.0
2021-10-21,SPY,90.36516313439927,91.10295011856714,89.91333731872727,90.64970161051457,90.64970161051457,1000000.0
2021-10-22,SPY,90.64970161051457,91.10295011856714,89.71211611781499,90.16293077167336,90.16293077167336,1000000.0
2021-10-25,SPY,90.16293077167336,90.61374542553172,88.7209651191269,89.16679911470041,89.16679911470041,1000000.0
2021-10-26,SPY,89.16679911470041,90.05012737219032,88.7209651191269,89.60211678824908,89.60211678824908,1000000.0
2021-10-27,SPY,89.60211678824908,90.32824635339489,89.15410620430784,89.87885209293025,89.87885209293025,1000000.0
2021-10-28,SPY,89.87885209293025,90.32824635339489,88.48030644532074,88.92493110082486,88.92493110082486,1000000.0
2021-10-29,SPY,88.92493110082486,89.93016360838973,88.48030644532074,89.48274985909427,89.48274985909427,1000000.0
2021-11-01,SPY,89.48274985909427,89.93016360838973,87.5330163975554,87.97288080156322,87.97288080156322,1000000.0
2021-11-02,SPY,87.97288080156322,88.41274520557103,87.41143135191528,87.85068477579425,87.85068477579425,1000000.0
2021-11-03,SPY,87.85068477579425,88.28993819967322,86.89694959992302,87.33361768836484,87.33361768836484,1000000.0
2021-11-04,SPY,87.33361768836484,87.77028577680666,86.47282191695042,86.90735871050293,86.90735871050293,1000000.0
2021-11-05,SPY,86.90735871050293,87.34189550405544,85.57520581728384,86.0052319771697,86.0052319771697,1000000.0
2021-11-08,SPY,86.0052319771697,87.29739421481317,85.57520581728384,86.86307882070963,86.86307882070963,1000000.0
2021-11-09,SPY,86.86307882070963,87.82797711957134,86.42876342660608,87.39102200952374,87.39102200952374,1000000.0
2021-11-10,SPY,87.39102200952374,88.90908213595692,86.95406689947612,88.46674839398699,88.46674839398699,1000000.0
2021-11-11,SPY,88.46674839398699,89.06079906362042,88.02441465201706,88.61771051106511,88.61771051106511,1000000.0
2021-11-12,SPY,88.61771051106511,89.06079906362042,87.07228642992622,87.50983560796605,87.50983560796605,1000000.0
2021-11-15,SPY,87.50983560796605,87.94738478600587,86.77760981851927,87.2136782095671,87.2136782095671,1000000.0
2021-11-16,SPY,87.2136782095671,87.64974660061493,85.78408149655372,86.21515728296856,86.21515728296856,1000000.0
2021-11-17,SPY,86.21515728296856,87.06905103635454,85.78408149655372,86.63587167796473,86.63587167796473,1000000.0
2021-11-18,SPY,86.63587167796473,88.15428810540696,86.20269231957491,87.71570955761888,87.71570955761888,1000000.0
2021-11-19,SPY,87.71570955761888,88.46875661890698,87.27713100983078,88.02861355115124,88.02861355115124,1000000.0
2021-11-22,SPY,88.02861355115124,88.46875661890698,87.08844092447922,87.52607128088363,87.52607128088363,1000000.0
2021-11-23,SPY,87.52607128088363,87.96370163728804,86.7899553703656,87.22608579936242,87.22608579936242,1000000.0
2021-11-24,SPY,87.22608579936242,87.86446676166682,86.7899553703656,87.42733011111127,87.42733011111127,1000000.0
2021-11-25,SPY,87.42733011111127,87.86446676166682,85.7633551854301,86.19432681952775,86.19432681952775,1000000.0
2021-11-26,SPY,86.19432681952775,86.77668020075947,85.7633551854301,86.34495542364128,86.34495542364128,1000000.0
2021-11-29,SPY,86.34495542364128,86.9708411311519,85.91323064652308,86.53815037925563,86.53815037925563,1000000.0
2021-11-30,SPY,86.53815037925563,86.9708411311519,85.65866532358427,86.08911087797415,86.08911087797415,1000000.0
2021-12-01,SPY,86.08911087797415,86.51955643236401,85.32180408482267,85.75055686916852,85.75055686916852,1000000.0
2021-12-02,SPY,85.75055686916852,86.34652564598665,85.32180408482267,85.91694094128026,85.91694094128026,1000000.0
2021-12-03,SPY,85.91694094128026,86.34652564598665,84.80763687751573,85.23380590705099,85.23380590705099,1000000.0
2021-12-06,SPY,85.23380590705099,85.65997493658624,84.13149304800801,84.5542643698573,84.5542643698573,1000000.0
2021-12-07,SPY,84.5542643698573,85.65955355086038,84.13149304800801,85.23338661777153,85.23338661777153,1000000.0
2021-12-08,SPY,85.23338661777153,85.86827770640838,84.80721968468266,85.44107234468497,85.44107234468497,1000000.0
2021-12-09,SPY,85.44107234468497,87.33934979504008,85.01386698296155,86.90482566670656,86.90482566670656,1000000.0
2021-12-10,SPY,86.90482566670656,87.33934979504008,85.6373260575807,86.06766437947809,86.06766437947809,1000000.0
2021-12-13,SPY,86.06766437947809,86.49800270137547,84.14248246365406,84.56530900869755,84.56530900869755,1000000.0
2021-12-14,SPY,84.56530900869755,85.80690266241753,84.14248246365406,85.38000264917167,85.38000264917167,1000000.0
2021-12-15,SPY,85.38000264917167,86.64687042273351,84.95310263592582,86.2157914654065,86.2157914654065,1000000.0
2021-12-16,SPY,86.2157914654065,86.64687042273351,85.16742128805593,85.5953982794532,85.5953982794532,1000000.0
2021-12-17,SPY,85.5953982794532,86.02337527085047,83.9390056045612,84.36080965282532,84.36080965282532,1000000.0
2021-12-20,SPY,84.36080965282532,84.78261370108945,83.9119894909682,84.33365777986754,84.33365777986754,1000000.0
2021-12-21,SPY,84.33365777986754,84.75532606876686,82.46627744456173,82.88068084880575,82.88068084880575,1000000.0
2021-12-22,SPY,82.88068084880575,83.29508425304978,82.19543827316186,82.60848067654457,82.60848067654457,1000000.0
2021-12-23,SPY,82.60848067654457,83.02152307992729,80.43027685226242,80.83444909775118,80.83444909775118,1000000.0
2021-12-24,SPY,80.83444909775118,81.23862134323993,80.24714823980194,80.65040024100698,80.65040024100698,1000000.0
2021-12-27,SPY,80.65040024100698,81.05365224221201,78.57061092626967,78.96543811685393,78.96543811685393,1000000.0
2021-12-28,SPY,78.96543811685393,79.3602653074382,78.39101582411178,78.7849405267455,78.7849405267455,1000000.0
2021-12-29,SPY,78.7849405267455,80.39520399879814,78.39101582411178,79.99522785950064,79.99522785950064,1000000.0
2021-12-30,SPY,79.99522785950064,80.39520399879814,79.38802093677681,79.78695571535359,79.78695571535359,1000000.0
2021-12-31,SPY,79.78695571535359,80.80993825836147,79.38802093677681,80.40789876453879,80.40789876453879,1000000.0
2022-01-03,SPY,80.40789876453879,80.80993825836147,79.49778069053188,79.89726702566018,79.89726702566018,1000000.0
2022-01-04,SPY,79.89726702566018,80.29675336078847,78.7945849061311,79.19053759410161,79.19053759410161,1000000.0
2022-01-05,SPY,79.19053759410161,79.58649028207212,77.62530670033726,78.01538361842941,78.01538361842941,1000000.0
2022-01-06,SPY,78.01538361842941,79.22696113480947,77.62530670033726,78.83279714906416,78.83279714906416,1000000.0
2022-01-07,SPY,78.83279714906416,79.22696113480947,78.39395177234793,78.78789122849038,78.78789122849038,1000000.0
2022-01-10,SPY,78.78789122849038,80.47688856496576,78.39395177234793,80.0765060347918,80.0765060347918,1000000.0
2022-01-11,SPY,80.0765060347918,80.47688856496576,78.74161345265668,79.13729995241877,79.13729995241877,1000000.0
2022-01-12,SPY,79.13729995241877,79.53298645218085,78.56457139328872,78.95936823446102,78.95936823446102,1000000.0
2022-01-13,SPY,78.95936823446102,79.41464550131344,78.56457139328872,79.01954776250095,79.01954776250095,1000000.0
2022-01-14,SPY,79.01954776250095,80.5408509067106,78.62445002368844,80.14015015593095,80.14015015593095,1000000.0
2022-01-17,SPY,80.14015015593095,82.01760069879971,79.7394494051513,81.60955293412907,81.60955293412907,1000000.0
2022-01-18,SPY,81.60955293412907,82.01760069879971,80.67170143223079,81.0770868665636,81.0770868665636,1000000.0
2022-01-19,SPY,81.0770868665636,81.48247230089642,79.75703977991714,80.15782892453984,80.15782892453984,1000000.0
2022-01-20,SPY,80.15782892453984,80.55861806916253,78.37825710824946,78.77211769673312,78.77211769673312,1000000.0
2022-01-21,SPY,78.77211769673312,80.2248944332335,78.37825710824946,79.82576560520748,79.82576560520748,1000000.0
2022-01-24,SPY,79.82576560520748,80.2248944332335,79.35042837177635,79.7491742429913,79.7491742429913,1000000.0
2022-01-25,SPY,79.7491742429913,80.14792011420624,78.83042893538465,79.22656174410517,79.22656174410517,1000000.0
2022-01-26,SPY,79.22656174410517,79.62269455282569,78.78201039031757,79.1778998897664,79.1778998897664,1000000.0
2022-01-27,SPY,79.1778998897664,79.57378938921522,76.78394674413867,77.16979572275244,77.16979572275244,1000000.0
2022-01-28,SPY,77.16979572275244,77.55564470136619,75.46200324377517,75.8412092902263,75.8412092902263,1000000.0
2022-01-31,SPY,75.8412092902263,76.92780368070531,75.46200324377517,76.54507828925902,76.54507828925902,1000000.0
2022-02-01,SPY,76.54507828925902,77.22379948614679,76.16235289781272,76.83960147875302,76.83960147875302,1000000.0
2022-02-02,SPY,76.83960147875302,77.33050336816017,76.45540347135926,76.94577449568176,76.94577449568176,1000000.0
2022-02-03,SPY,76.94577449568176,77.33050336816017,75.78887662534498,76.169725251603,76.169725251603,1000000.0
2022-02-04,SPY,76.169725251603,76.99227324383287,75.78887662534498,76.60922710829142,76.60922710829142,1000000.0
2022-02-07,SPY,76.60922710829142,78.36395959282083,76.22618097274996,77.97408914708541,77.97408914708541,1000000.0
2022-02-08,SPY,77.97408914708541,78.36395959282083,76.63020781429763,77.01528423547501,77.01528423547501,1000000.0
2022-02-09,SPY,77.01528423547501,77.40178241478496,76.63020781429763,77.01669892018406,77.01669892018406,1000000.0
2022-02-10,SPY,77.01669892018406,77.40178241478496,76.28893349041716,76.67229496524338,76.67229496524338,1000000.0
2022-02-11,SPY,76.67229496524338,77.32397710824347,76.28893349041716,76.93928070471988,76.93928070471988,1000000.0
2022-02-14,SPY,76.93928070471988,77.32442155730648,76.55458430119627,76.93972294259352,76.93972294259352,1000000.0
2022-02-15,SPY,76.93972294259352,77.32442155730648,76.43216038056201,76.81624158850454,76.81624158850454,1000000.0
2022-02-16,SPY,76.81624158850454,77.20032279644705,75.75052700454295,76.13118291913864,76.13118291913864,1000000.0
2022-02-17,SPY,76.13118291913864,76.51183883373432,75.72811933342724,76.10866264666055,76.10866264666055,1000000.0
2022-02-18,SPY,76.10866264666055,76.48920595989384,75.25381781195097,75.63197770045323,75.63197770045323,1000000.0
2022-02-21,SPY,75.63197770045323,76.01013758895549,75.13321001378593,75.51076383295069,75.51076383295069,1000000.0
2022-02-22,SPY,75.51076383295069,75.88831765211543,75.07499399030006,75.45225526663323,75.45225526663323,1000000.0
2022-02-23,SPY,75.45225526663323,76.31660728592855,75.07499399030006,75.93692267256573,75.93692267256573,1000000.0
2022-02-24,SPY,75.93692267256573,76.31660728592855,75.10801787348781,75.48544509898272,75.48544509898272,1000000.0
2022-02-25,SPY,75.48544509898272,75.86287232447764,74.85501532767486,75.23117118359282,75.23117118359282,1000000.0
2022-02-28,SPY,75.23117118359282,76.41147383776139,74.85501532767486,76.03131725150388,76.03131725150388,1000000.0
2022-03-01,SPY,76.03131725150388,76.41147383776139,75.47560645427079,75.8548808585636,75.8548808585636,1000000.0
2022-03-02,SPY,75.8548808585636,76.23415526285642,75.26760791802279,75.64583710354049,75.64583710354049,1000000.0
2022-03-03,SPY,75.64583710354049,76.67323215032265,75.26760791802279,76.29177328390314,76.29177328390314,1000000.0
2022-03-04,SPY,76.29177328390314,76.87170897898868,75.91031441748362,76.48926266566039,76.48926266566039,1000000.0
2022-03-07,SPY,76.48926266566039,76.93110964238825,76.10681635233209,76.5483678033714,76.5483678033714,1000000.0
2022-03-08,SPY,76.5483678033714,77.08990177200033,76.16562596435455,76.7063699223884,76.7063699223884,1000000.0
2022-03-09,SPY,76.7063699223884,77.08990177200033,75.37246403802682,75.75122013872043,75.75122013872043,1000000.0
2022-03-10,SPY,75.75122013872043,76.471959388874,75.37246403802682,76.09150187947662,76.09150187947662,1000000.0
2022-03-11,SPY,76.09150187947662,77.48327521357989,75.71104437007924,77.09778628216905,77.09778628216905,1000000.0
2022-03-14,SPY,77.09778628216905,77.92612588141223,76.7122973507582,77.538433712848,77.538433712848,1000000.0
2022-03-15,SPY,77.538433712848,77.92612588141223,75.95183731606944,76.33350484027079,76.33350484027079,1000000.0
2022-03-16,SPY,76.33350484027079,76.92662967176543,75.95183731606944,76.54391012115964,76.54391012115964,1000000.0
2022-03-17,SPY,76.54391012115964,76.92662967176543,75.46921114424286,75.84845341129936,75.84845341129936,1000000.0
2022-03-18,SPY,75.84845341129936,76.22769567835584,75.29331686502928,75.67167524123546,75.67167524123546,1000000.0
2022-03-21,SPY,75.67167524123546,76.14432540750838,75.29331686502928,75.7654979179188,75.7654979179188,1000000.0
2022-03-22,SPY,75.7654979179188,76.14432540750838,74.48964849742407,74.86396833911967,74.86396833911967,1000000.0
2022-03-23,SPY,74.86396833911967,76.2472467870299,74.48964849742407,75.86790725077603,75.86790725077603,1000000.0
2022-03-24,SPY,75.86790725077603,76.2472467870299,75.43449073336167,75.81355852599162,75.81355852599162,1000000.0
2022-03-25,SPY,75.81355852599162,76.79724402645755,75.43449073336167,76.41516818552991,76.41516818552991,1000000.0
2022-03-28,SPY,76.41516818552991,77.28528328248076,76.03309234460225,76.90077938555301,76.90077938555301,1000000.0
2022-03-29,SPY,76.90077938555301,78.330505101505,76.51627548862524,77.94080109602488,77.94080109602488,1000000.0
2022-03-30,SPY,77.94080109602488,79.26960814009298,77.55109709054476,78.87523198019203,78.87523198019203,1000000.0
2022-03-31,SPY,78.87523198019203,79.26960814009298,77.33318139237079,77.72179034409125,77.72179034409125,1000000.0
2022-04-01,SPY,77.72179034409125,78.14540911456743,77.33318139237079,77.75662598464422,77.75662598464422,1000000.0
2022-04-04,SPY,77.75662598464422,78.14540911456743,75.73551251007292,76.11609297494766,76.11609297494766,1000000.0
2022-04-05,SPY,76.11609297494766,76.49667343982239,75.40016039672614,75.77905567510165,75.77905567510165,1000000.0
2022-04-06,SPY,75.77905567510165,76.70705703998495,75.40016039672614,76.32542989053229,76.32542989053229,1000000.0
2022-04-07,SPY,76.32542989053229,77.4146995331429,75.94380274107962,77.02955177427154,77.02955177427154,1000000.0
2022-04-08,SPY,77.02955177427154,78.42281860117147,76.64440401540018,78.03265532454874,78.03265532454874,1000000.0
2022-04-11,SPY,78.03265532454874,78.42281860117147,77.35437053342272,77.74308596323893,77.74308596323893,1000000.0
2022-04-12,SPY,77.74308596323893,78.38689853818664,77.35437053342272,77.99691396834493,77.99691396834493,1000000.0
2022-04-13,SPY,77.99691396834493,78.46820722254769,77.6069293985032,78.07781813188825,78.07781813188825,1000000.0
2022-04-14,SPY,78.07781813188825,79.47403840113452,77.68742904122881,79.07864517525825,79.07864517525825,1000000.0
2022-04-15,SPY,79.07864517525825,80.75205472117372,78.68325194938195,80.350303205148,80.350303205148,1000000.0
2022-04-18,SPY,80.350303205148,80.75205472117372,79.66799931454335,80.06834101964157,80.06834101964157,1000000.0
2022-04-19,SPY,80.06834101964157,83.57834236665765,79.66799931454335,83.16252971806732,83.16252971806732,1000000.0
2022-04-20,SPY,83.16252971806732,83.58165152090909,82.74671706947699,83.16582240886477,83.16582240886477,1000000.0
2022-04-21,SPY,83.16582240886477,83.58165152090909,82.45354541908786,82.86788484330438,82.86788484330438,1000000.0
2022-04-22,SPY,82.86788484330438,83.78998860421684,82.45354541908786,83.3731229892705,83.3731229892705,1000000.0
2022-04-25,SPY,83.3731229892705,84.43529120732406,82.95625737432415,84.01521513166574,84.01521513166574,1000000.0
2022-04-26,SPY,84.01521513166574,84.90573142754869,83.59513905600741,84.48331485328228,84.48331485328228,1000000.0
2022-04-27,SPY,84.48331485328228,84.90573142754869,83.52489652150774,83.94461961960577,83.94461961960577,1000000.0
2022-04-28,SPY,83.94461961960577,85.62547486189449,83.52489652150774,85.19947747452188,85.19947747452188,1000000.0
2022-04-29,SPY,85.19947747452188,85.6818554118194,84.77348008714928,85.25557752419842,85.25557752419842,1000000.0
2022-05-02,SPY,85.25557752419842,87.02067922965445,84.82929963657742,86.58774052701936,86.58774052701936,1000000.0
2022-05-03,SPY,86.58774052701936,88.25332757371389,86.15480182438426,87.81425629225264,87.81425629225264,1000000.0
2022-05-04,SPY,87.81425629225264,88.25332757371389,86.28215220994981,86.71573086427117,86.71573086427117,1000000.0
2022-05-05,SPY,86.71573086427117,87.14930951859252,85.45412091377412,85.88353860680816,85.88353860680816,1000000.0
2022-05-06,SPY,85.88353860680816,86.31295629984218,84.61717862609542,85.04239057899038,85.04239057899038,1000000.0
2022-05-09,SPY,85.04239057899038,85.69617241338872,84.61717862609542,85.2698232969042,85.2698232969042,1000000.0
2022-05-10,SPY,85.2698232969042,85.75799374441746,84.84347418041969,85.33133705912186,85.33133705912186,1000000.0
2022-05-11,SPY,85.33133705912186,86.00496744775195,84.90468037382625,85.57708203756414,85.57708203756414,1000000.0
2022-05-12,SPY,85.57708203756414,86.00496744775195,84.47687803334371,84.90138495813439,84.90138495813439,1000000.0
2022-05-13,SPY,84.90138495813439,85.70827863995692,84.47687803334371,85.28186929348948,85.28186929348948,1000000.0
2022-05-16,SPY,85.28186929348948,86.93845610781402,84.85545994702203,86.50592647543685,86.50592647543685,1000000.0
2022-05-17,SPY,86.50592647543685,86.93845610781402,84.95013495760692,85.3770200578964,85.3770200578964,1000000.0
2022-05-18,SPY,85.3770200578964,85.80390515818587,84.80262388432253,85.22876772293722,85.22876772293722,1000000.0
2022-05-19,SPY,85.22876772293722,85.8873561277095,84.80262388432253,85.46005584846716,85.46005584846716,1000000.0
2022-05-20,SPY,85.46005584846716,85.8873561277095,84.94177621805447,85.36861931462761,85.36861931462761,1000000.0
2022-05-23,SPY,85.36861931462761,85.79546241120073,84.79399797217397,85.22009846449644,85.22009846449644,1000000.0
2022-05-24,SPY,85.22009846449644,87.19504316341215,84.79399797217397,86.76123697851956,86.76123697851956,1000000.0
2022-05-25,SPY,86.76123697851956,88.34222210778485,86.32743079362696,87.90270856496007,87.90270856496007,1000000.0
2022-05-26,SPY,87.90270856496007,89.11717789457333,87.46319502213527,88.67380885032173,88.67380885032173,1000000.0
2022-05-27,SPY,88.67380885032173,89.11717789457333,87.58239700827181,88.02250955605207,88.02250955605207,1000000.0
2022-05-30,SPY,88.02250955605207,90.48971346629517,87.58239700827181,90.03951588686088,90.03951588686088,1000000.0
2022-05-31,SPY,90.03951588686088,90.83959033793381,89.58931830742658,90.3876520775461,90.3876520775461,1000000.0
2022-06-01,SPY,90.3876520775461,90.83959033793381,89.4397634625755,89.88920951012614,89.88920951012614,1000000.0
2022-06-02,SPY,89.88920951012614,90.33865555767676,89.16080988156013,89.60885415232174,89.60885415232174,1000000.0
2022-06-03,SPY,89.60885415232174,90.05689842308334,88.74777039657354,89.19373909203371,89.19373909203371,1000000.0
2022-06-06,SPY,89.19373909203371,91.58465680507395,88.74777039657354,91.12901174634224,91.12901174634224,1000000.0
2022-06-07,SPY,91.12901174634224,91.79663354021366,90.67336668761052,91.33993387085937,91.33993387085937,1000000.0
2022-06-08,SPY,91.33993387085937,91.87866263085215,90.88323420150508,91.42155485656932,91.42155485656932,1000000.0
2022-06-09,SPY,91.42155485656932,91.87866263085215,89.05041029390297,89.4978997928673,89.4978997928673,1000000.0
2022-06-10,SPY,89.4978997928673,90.63503182403191,89.05041029390297,90.18411126769345,90.18411126769345,1000000.0
2022-06-13,SPY,90.18411126769345,90.63503182403191,88.81235383917343,89.25864707454616,89.25864707454616,1000000.0
2022-06-14,SPY,89.25864707454616,89.70494030991888,87.8381743553713,88.27957221645356,88.27957221645356,1000000.0
2022-06-15,SPY,88.27957221645356,89.29021024069633,87.8381743553713,88.84598033900133,88.84598033900133,1000000.0
2022-06-16,SPY,88.84598033900133,89.29021024069633,87.66543426548472,88.1059640859143,88.1059640859143,1000000.0
2022-06-17,SPY,88.1059640859143,89.31380957666045,87.66543426548472,88.86946226533378,88.86946226533378,1000000.0
2022-06-20,SPY,88.86946226533378,90.3458469122756,88.42511495400711,89.89636508684141,89.89636508684141,1000000.0
2022-06-21,SPY,89.89636508684141,90.3458469122756,87.88428594759857,88.3259155252247,88.3259155252247,1000000.0
2022-06-22,SPY,88.3259155252247,88.76754510285082,87.78844766665621,88.22959564488062,88.22959564488062,1000000.0
2022-06-23,SPY,88.22959564488062,88.67074362310501,86.44096857477524,86.87534530128165,86.87534530128165,1000000.0
2022-06-24,SPY,86.87534530128165,87.30972202778806,86.41077657560939,86.84500158352702,86.84500158352702,1000000.0
2022-06-27,SPY,86.84500158352702,88.10281282187398,86.41077657560939,87.66449037002387,87.66449037002387,1000000.0
2022-06-28,SPY,87.66449037002387,88.10281282187398,86.06786414617439,86.50036597605467,86.50036597605467,1000000.0
2022-06-29,SPY,86.50036597605467,88.53764107617381,86.06786414617439,88.09715529967545,88.09715529967545,1000000.0
2022-06-30,SPY,88.09715529967545,88.53764107617381,87.40751734376352,87.84675109925982,87.84675109925982,1000000.0
2022-07-01,SPY,87.84675109925982,88.28598485475611,86.40154968002723,86.83572832163541,86.83572832163541,1000000.0
2022-07-04,SPY,86.83572832163541,87.26990696324359,86.31578054768032,86.74952818862344,86.74952818862344,1000000.0
2022-07-05,SPY,86.74952818862344,87.89828281656735,86.31578054768032,87.46097792693269,87.46097792693269,1000000.0
2022-07-06,SPY,87.46097792693269,87.89828281656735,85.85422952282775,86.28565781188719,86.28565781188719,1000000.0
2022-07-07,SPY,86.28565781188719,86.73940478120066,85.85422952282775,86.30786545393102,86.30786545393102,1000000.0
2022-07-08,SPY,86.30786545393102,86.73940478120066,84.72494497031882,85.15069846263198,85.15069846263198,1000000.0
2022-07-11,SPY,85.15069846263198,86.63341650605403,84.72494497031882,86.20240448363586,86.20240448363586,1000000.0
2022-07-12,SPY,86.20240448363586,86.7876510001664,85.77139246121769,86.35587164195663,86.35587164195663,1000000.0
2022-07-13,SPY,86.35587164195663,86.7876510001664,85.57878469520526,86.00882883940227,86.00882883940227,1000000.0
2022-07-14,SPY,86.00882883940227,87.3578025886787,85.57878469520526,86.9231866554017,86.9231866554017,1000000.0
2022-07-15,SPY,86.9231866554017,87.3578025886787,85.40000524674406,85.82915100175282,85.82915100175282,1000000.0
2022-07-18,SPY,85.82915100175282,86.25829675676158,85.08317388043143,85.51072751802154,85.51072751802154,1000000.0
2022-07-19,SPY,85.51072751802154,87.55827426594855,85.08317388043143,87.12266096114286,87.12266096114286,1000000.0
2022-07-20,SPY,87.12266096114286,87.55827426594855,86.59774848060566,87.03291304583483,87.03291304583483,1000000.0
2022-07-21,SPY,87.03291304583483,88.68134121144925,86.59774848060566,88.24014050890473,88.24014050890473,1000000.0
2022-07-22,SPY,88.24014050890473,88.87286526450497,87.79893980636021,88.4307117059751,88.4307117059751,1000000.0
2022-07-25,SPY,88.4307117059751,88.87286526450497,87.39259339936076,87.83175216016157,87.83175216016157,1000000.0
2022-07-26,SPY,87.83175216016157,88.27091092096236,87.1951161284332,87.6332825411389,87.6332825411389,1000000.0
2022-07-27,SPY,87.6332825411389,88.15686155903877,87.1951161284332,87.71827020799878,87.71827020799878,1000000.0
2022-07-28,SPY,87.71827020799878,88.15686155903877,86.93993908495206,87.37682320095685,87.37682320095685,1000000.0
2022-07-29,SPY,87.37682320095685,87.81370731696163,86.24313923159183,86.6765218407958,86.6765218407958,1000000.0
2022-08-01,SPY,86.6765218407958,87.10990444999977,85.5881287604768,86.01821985977568,86.01821985977568,1000000.0
2022-08-02,SPY,86.01821985977568,86.44831095907455,84.34385131712482,84.76768976595459,84.76768976595459,1000000.0
2022-08-03,SPY,84.76768976595459,85.30158429113072,84.34385131712482,84.87719829963257,84.87719829963257,1000000.0
2022-08-04,SPY,84.87719829963257,85.65382103201775,84.4528123081344,85.22768261892314,85.22768261892314,1000000.0
2022-08-05,SPY,85.22768261892314,86.3135706089377,84.80154420582852,85.8841498596395,85.8841498596395,1000000.0
2022-08-08,SPY,85.8841498596395,86.3135706089377,83.94072451144231,84.36253719742946,84.36253719742946,1000000.0
2022-08-09,SPY,84.36253719742946,85.48574609619848,83.94072451144231,85.06044387681442,85.06044387681442,1000000.0
2022-08-10,SPY,85.06044387681442,85.48651027998604,84.63514165743034,85.06120425869258,85.06120425869258,1000000.0
2022-08-11,SPY,85.06120425869258,85.48651027998604,83.4503918846922,83.86974058763035,83.86974058763035,1000000.0
2022-08-12,SPY,83.86974058763035,84.3867822223649,83.4503918846922,83.9669474849402,83.9669474849402,1000000.0
2022-08-15,SPY,83.9669474849402,85.0923152323646,83.5471127475155,84.6689703804623,84.6689703804623,1000000.0
2022-08-16,SPY,84.6689703804623,85.55341656590019,84.24562552855998,85.12777767751264,85.12777767751264,1000000.0
2022-08-17,SPY,85.12777767751264,86.19172784568434,84.70213878912507,85.76291327928791,85.76291327928791,1000000.0
2022-08-18,SPY,85.76291327928791,87.0260546668103,85.33409871289147,86.59308922070677,86.59308922070677,1000000.0
2022-08-19,SPY,86.59308922070677,87.82508142657225,86.16012377460324,87.38814072295747,87.38814072295747,1000000.0
2022-08-22,SPY,87.38814072295747,87.82508142657225,86.93602831623775,87.37289278013844,87.37289278013844,1000000.0
2022-08-23,SPY,87.37289278013844,87.80975724403912,85.1598633492973,85.58780236110282,85.58780236110282,1000000.0
2022-08-24,SPY,85.58780236110282,86.01574137290832,84.53096523025789,84.95574395000793,84.95574395000793,1000000.0
2022-08-25,SPY,84.95574395000793,85.7009545987275,84.53096523025789,85.27458169027614,85.27458169027614,1000000.0
2022-08-26,SPY,85.27458169027614,85.7009545987275,84.46651239824482,84.8909672344169,84.8909672344169,1000000.0
2022-08-29,SPY,84.8909672344169,85.91849018338827,84.46651239824482,85.49103500834654,85.49103500834654,1000000.0
2022-08-30,SPY,85.49103500834654,86.62316199226956,85.06357983330481,86.19220098733291,86.19220098733291,1000000.0
2022-08-31,SPY,86.19220098733291,86.68152720649894,85.76123998239625,86.25027582736215,86.25027582736215,1000000.0
2022-09-01,SPY,86.25027582736215,88.34350365782625,85.81902444822533,87.90398373913061,87.90398373913061,1000000.0
2022-09-02,SPY,87.90398373913061,88.34350365782625,86.63269231055175,87.06803247291633,87.06803247291633,1000000.0
2022-09-05,SPY,87.06803247291633,88.339550719938,86.63269231055175,87.90005046760001,87.90005046760001,1000000.0
2022-09-06,SPY,87.90005046760001,88.339550719938,87.06561040174611,87.50312603190564,87.50312603190564,1000000.0
2022-09-07,SPY,87.50312603190564,87.94064166206516,86.40601693526429,86.84021802539125,86.84021802539125,1000000.0
2022-09-08,SPY,86.84021802539125,87.8073798327382,86.40601693526429,87.37052719675444,87.37052719675444,1000000.0
2022-09-09,SPY,87.37052719675444,87.8073798327382,86.41742457905866,86.8516829940288,86.8516829940288,1000000.0
2022-09-12,SPY,86.8516829940288,88.0568212383941,86.41742457905866,87.61872760039215,87.61872760039215,1000000.0
2022-09-13,SPY,87.61872760039215,88.0568212383941,86.18699375652639,86.62009422766471,86.62009422766471,1000000.0
2022-09-14,SPY,86.62009422766471,87.10159573949308,86.18699375652639,86.6682544671573,86.6682544671573,1000000.0
2022-09-15,SPY,86.6682544671573,87.10159573949308,85.52817227038955,85.95796208079352,85.95796208079352,1000000.0
2022-09-16,SPY,85.95796208079352,86.38775189119748,85.34492968389505,85.77379867728145,85.77379867728145,1000000.0
2022-09-19,SPY,85.77379867728145,86.20266767066785,85.04554426671054,85.47290881076435,85.47290881076435,1000000.0
2022-09-20,SPY,85.47290881076435,85.90027335481817,84.10846652969987,84.53112214040188,84.53112214040188,1000000.0
2022-09-21,SPY,84.53112214040188,85.53024996085988,84.10846652969987,85.10472632921382,85.10472632921382,1000000.0
2022-09-22,SPY,85.10472632921382,85.53024996085988,83.64884295303699,84.06918889752461,84.06918889752461,1000000.0
2022-09-23,SPY,84.06918889752461,84.48953484201222,82.8504105884749,83.26674431002503,83.26674431002503,1000000.0
2022-09-26,SPY,83.26674431002503,84.45039281443539,82.8504105884749,84.03024160640338,84.03024160640338,1000000.0
2022-09-27,SPY,84.03024160640338,85.2946470555186,83.61009039837136,84.87029557763046,84.87029557763046,1000000.0
2022-09-28,SPY,84.87029557763046,85.8847388122055,84.4459440997423,85.45745155443333,85.45745155443333,1000000.0
2022-09-29,SPY,85.45745155443333,86.19623996822631,85.03016429666117,85.76740295345903,85.76740295345903,1000000.0
2022-09-30,SPY,85.76740295345903,88.20196857394757,85.33856593869173,87.76315280989809,87.76315280989809,1000000.0
2022-10-03,SPY,87.76315280989809,88.20196857394757,86.29357491487534,86.72721096972396,86.72721096972396,1000000.0
2022-10-04,SPY,86.72721096972396,87.16084702457256,85.67364593128279,86.10416676510833,86.10416676510833,1000000.0
2022-10-05,SPY,86.10416676510833,86.53468759893386,84.84554521220315,85.27190473588256,85.27190473588256,1000000.0
2022-10-06,SPY,85.27190473588256,86.49158794710316,84.84554521220315,86.06128153940614,86.06128153940614,1000000.0
2022-10-07,SPY,86.06128153940614,86.76100412726527,85.6309751317091,86.32935734056247,86.32935734056247,1000000.0
2022-10-10,SPY,86.32935734056247,87.75046125841801,85.89771055385965,87.31389179942092,87.31389179942092,1000000.0
2022-10-11,SPY,87.31389179942092,88.6286121900847,86.87732234042382,88.18767382097981,88.18767382097981,1000000.0
2022-10-12,SPY,88.18767382097981,88.6286121900847,87.56999437050716,88.01004459347453,88.01004459347453,1000000.0
2022-10-13,SPY,88.01004459347453,88.45009481644189,86.87622830640137,87.31279226774008,87.31279226774008,1000000.0
2022-10-14,SPY,87.31279226774008,87.74935622907877,86.0389364240726,86.47129288851518,86.47129288851518,1000000.0
2022-10-17,SPY,86.47129288851518,88.86841240594255,86.0389364240726,88.42628100093788,88.42628100093788,1000000.0
2022-10-18,SPY,88.42628100093788,89.75421560832486,87.98414959593319,89.3076772222138,89.3076772222138,1000000.0
2022-10-19,SPY,89.3076772222138,90.31019151707952,88.86113883610273,89.86088708167117,89.86088708167117,1000000.0
2022-10-20,SPY,89.86088708167117,90.31019151707952,89.13097607029997,89.57887042241202,89.57887042241202,1000000.0
2022-10-21,SPY,89.57887042241202,90.02676477452407,88.97655850551892,89.42367688996877,89.42367688996877,1000000.0
2022-10-24,SPY,89.42367688996877,89.87079527441861,88.69309380196268,89.138787740666,89.138787740666,1000000.0
2022-10-25,SPY,89.138787740666,89.58448167936932,88.42848779186059,88.8728520521212,88.8728520521212,1000000.0
2022-10-26,SPY,88.8728520521212,89.3172163123818,86.35003277321498,86.78395253589444,86.78395253589444,1000000.0
2022-10-27,SPY,86.78395253589444,87.21787229857391,86.31878022205201,86.7525429367357,86.7525429367357,1000000.0
2022-10-28,SPY,86.7525429367357,87.18630565141936,86.01105661653298,86.44327298144019,86.44327298144019,1000000.0
2022-10-31,SPY,86.44327298144019,87.14954053764775,86.01105661653298,86.71596073397787,86.71596073397787,1000000.0
2022-11-01,SPY,86.71596073397787,87.35444263938199,86.28238093030798,86.91984342227065,86.91984342227065,1000000.0
2022-11-02,SPY,86.91984342227065,88.12542426103178,86.48524420515929,87.6869893144595,87.6869893144595,1000000.0
2022-11-03,SPY,87.6869893144595,88.13630905721132,87.2485543678872,87.69781995742422,87.69781995742422,1000000.0
2022-11-04,SPY,87.69781995742422,88.86415901555912,87.2593308576371,88.42204877170063,88.42204877170063,1000000.0
2022-11-07,SPY,88.42204877170063,88.86415901555912,85.77729865111243,86.20834035287682,86.20834035287682,1000000.0
2022-11-08,SPY,86.20834035287682,86.63938205464119,84.85955672471998,85.28598665801003,85.28598665801003,1000000.0
2022-11-09,SPY,85.28598665801003,87.22684398966229,84.85955672471998,86.79287959170378,86.79287959170378,1000000.0
2022-11-10,SPY,86.79287959170378,87.22684398966229,85.33433168248187,85.76314741957977,85.76314741957977,1000000.0
2022-11-11,SPY,85.76314741957977,86.19196315667766,85.11844928634784,85.54618018728426,85.54618018728426,1000000.0
2022-11-14,SPY,85.54618018728426,86.6060717885531,85.11844928634784,86.17519580950558,86.17519580950558,1000000.0
2022-11-15,SPY,86.17519580950558,86.6060717885531,85.01286914989305,85.44006949737995,85.44006949737995,1000000.0
2022-11-16,SPY,85.44006949737995,86.51228916169715,85.01286914989305,86.08187976288275,86.08187976288275,1000000.0
2022-11-17,SPY,86.08187976288275,86.51228916169715,84.45879879983383,84.88321487420485,84.88321487420485,1000000.0
2022-11-18,SPY,84.88321487420485,85.30763094857586,82.8795845183977,83.29606484261076,83.29606484261076,1000000.0
2022-11-21,SPY,83.29606484261076,83.7125451668238,81.80629874653374,82.21738567490829,82.21738567490829,1000000.0
2022-11-22,SPY,82.21738567490829,82.62847260328282,80.485381229165,80.88983038107035,80.88983038107035,1000000.0
2022-11-23,SPY,80.88983038107035,81.3008976649616,80.485381229165,80.89641558702647,80.89641558702647,1000000.0
2022-11-24,SPY,80.89641558702647,81.3008976649616,80.25728857242396,80.66059153007433,80.66059153007433,1000000.0
2022-11-25,SPY,80.66059153007433,81.35159502900389,80.25728857242396,80.94686072537701,80.94686072537701,1000000.0
2022-11-28,SPY,80.94686072537701,81.35159502900389,79.73282934240261,80.13349682653529,80.13349682653529,1000000.0
2022-11-29,SPY,80.13349682653529,82.6296908625545,79.73282934240261,82.21859787318856,82.21859787318856,1000000.0
2022-11-30,SPY,82.21859787318856,82.6296908625545,81.75056964298129,82.16137652560934,82.16137652560934,1000000.0
2022-12-01,SPY,82.16137652560934,82.57218340823738,81.73428868568253,82.14501375445481,82.14501375445481,1000000.0
2022-12-02,SPY,82.14501375445481,82.95433607850514,81.73428868568253,82.54162793881109,82.54162793881109,1000000.0
2022-12-05,SPY,82.54162793881109,82.95433607850514,81.95040176977705,82.36221283394678,82.36221283394678,1000000.0
2022-12-06,SPY,82.36221283394678,82.77402389811651,81.45567440465258,81.86499940166088,81.86499940166088,1000000.0
2022-12-07,SPY,81.86499940166088,82.36635733104707,81.45567440465258,81.95657445875331,81.95657445875331,1000000.0
2022-12-08,SPY,81.95657445875331,83.14822384259317,81.54679158645955,82.73455108715739,82.73455108715739,1000000.0
2022-12-09,SPY,82.73455108715739,83.7254032514311,82.3208783317216,83.30885895664787,83.30885895664787,1000000.0
2022-12-12,SPY,83.30885895664787,84.53986840927391,82.89231466186463,84.11927204902877,84.11927204902877,1000000.0
2022-12-13,SPY,84.11927204902877,84.53986840927391,83.24976851621965,83.66810906152729,83.66810906152729,1000000.0
2022-12-14,SPY,83.66810906152729,84.08644960683492,82.62913407850674,83.04435585779572,83.04435585779572,1000000.0
2022-12-15,SPY,83.04435585779572,85.17211446218995,82.62913407850674,84.74837259919398,84.74837259919398,1000000.0
2022-12-16,SPY,84.74837259919398,85.17211446218995,84.14614463779063,84.56898958571922,84.56898958571922,1000000.0
2022-12-19,SPY,84.56898958571922,85.42272149141205,84.14614463779063,84.99773282727568,84.99773282727568,1000000.0
2022-12-20,SPY,84.99773282727568,86.07950478323879,84.5727441631393,85.65124854053612,85.65124854053612,1000000.0
2022-12-21,SPY,85.65124854053612,87.33544261956871,85.22299229783343,86.90093792991912,86.90093792991912,1000000.0
2022-12-22,SPY,86.90093792991912,87.33544261956871,85.32982155091176,85.75861462403192,85.75861462403192,1000000.0
2022-12-23,SPY,85.75861462403192,86.18740769715207,84.94494230011692,85.37180130665017,85.37180130665017,1000000.0
2022-12-26,SPY,85.37180130665017,85.7986603131834,84.60136285857297,85.02649533524921,85.02649533524921,1000000.0
2022-12-27,SPY,85.02649533524921,85.45162781192545,84.37064803736334,84.79462114307873,84.79462114307873,1000000.0
2022-12-28,SPY,84.79462114307873,85.21859424879412,82.38284453868378,82.79682868209426,82.79682868209426,1000000.0
2022-12-29,SPY,82.79682868209426,83.21081282550472,82.32717576998728,82.74088017084149,82.74088017084149,1000000.0
2022-12-30,SPY,82.74088017084149,83.1545845716957,80.0018311890915,80.40385044129799,80.40385044129799,1000000.0
2023-01-02,SPY,80.40385044129799,81.07061310144957,80.0018311890915,80.66727671786028,80.66727671786028,1000000.0
2023-01-03,SPY,80.66727671786028,81.53146494966413,80.26394033427097,81.12583577081008,81.12583577081008,1000000.0
2023-01-04,SPY,81.12583577081008,82.04461971536801,80.72020659195603,81.63643752772937,81.63643752772937,1000000.0
2023-01-05,SPY,81.63643752772937,82.04461971536801,80.2793431711043,80.68275695588372,80.68275695588372,1000000.0
2023-01-06,SPY,80.68275695588372,81.8888552190126,80.2793431711043,81.48144797911702,81.48144797911702,1000000.0
2023-01-09,SPY,81.48144797911702,81.8888552190126,80.40076955040554,80.80479351799552,80.80479351799552,1000000.0
2023-01-10,SPY,80.80479351799552,81.20881748558548,79.44424668988323,79.84346400993289,79.84346400993289,1000000.0
2023-01-11,SPY,79.84346400993289,80.24268132998255,78.69323452896255,79.08867791855532,79.08867791855532,1000000.0
2023-01-12,SPY,79.08867791855532,79.48412130814809,78.05290014424679,78.44512577311235,78.44512577311235,1000000.0
2023-01-13,SPY,78.44512577311235,78.9979562205737,78.05290014424679,78.6049315627599,78.6049315627599,1000000.0
2023-01-16,SPY,78.6049315627599,79.67708976273568,78.2119069049461,79.28068633108029,79.28068633108029,1000000.0
2023-01-17,SPY,79.28068633108029,79.67708976273568,77.2681194884038,77.65640149588322,77.65640149588322,1000000.0
2023-01-18,SPY,77.65640149588322,78.04468350336262,76.87561102450587,77.26192062764409,77.26192062764409,1000000.0
2023-01-19,SPY,77.26192062764409,78.37683989633454,76.87561102450587,77.98690536948712,77.98690536948712,1000000.0
2023-01-20,SPY,77.98690536948712,78.56218082525339,77.59697084263968,78.17132420423223,78.17132420423223,1000000.0
2023-01-23,SPY,78.17132420423223,78.98896479345203,77.78046758321108,78.5959848691065,78.5959848691065,1000000.0
2023-01-24,SPY,78.5959848691065,78.98896479345203,77.06593572290467,77.45320173156249,77.45320173156249,1000000.0
2023-01-25,SPY,77.45320173156249,78.6139229869453,77.06593572290467,78.22280894223414,78.22280894223414,1000000.0
2023-01-26,SPY,78.22280894223414,78.6139229869453,76.65074278726996,77.0359223992663,77.0359223992663,1000000.0
2023-01-27,SPY,77.0359223992663,77.59943093745088,76.65074278726996,77.21336411686656,77.21336411686656,1000000.0
2023-01-30,SPY,77.21336411686656,78.69445281883111,76.82729729628223,78.30293812819016,78.30293812819016,1000000.0
2023-01-31,SPY,78.30293812819016,80.21946343808729,77.91142343754922,79.82036162993761,79.82036162993761,1000000.0
2023-02-01,SPY,79.82036162993761,80.66312545363142,79.42125982178791,80.26181637177257,80.26181637177257,1000000.0
2023-02-02,SPY,80.26181637177257,81.4094393820212,79.8605072899137,81.00441729554349,81.00441729554349,1000000.0
2023-02-03,SPY,81.00441729554349,81.4094393820212,80.14422543880494,80.54696024000496,80.54696024000496,1000000.0
2023-02-06,SPY,80.54696024000496,80.94969504120498,79.79121320744098,80.19217407783013,80.19217407783013,1000000.0
2023-02-07,SPY,80.19217407783013,81.57376519060985,79.79121320744098,81.16792556279587,81.16792556279587,1000000.0
2023-02-08,SPY,81.16792556279587,81.60771214491236,80.7620859349819,81.20170362677847,81.20170362677847,1000000.0
2023-02-09,SPY,81.20170362677847,81.60771214491236,80.72518008689097,81.13083425818188,81.13083425818188,1000000.0
2023-02-10,SPY,81.13083425818188,81.53648842947278,79.62634190089923,80.02647427226054,80.02647427226054,1000000.0
2023-02-13,SPY,80.02647427226054,80.58003866706338,79.62634190089923,80.17914295230187,80.17914295230187,1000000.0
2023-02-14,SPY,80.17914295230187,81.13460728334987,79.77824723754037,80.73095252074614,80.73095252074614,1000000.0
2023-02-15,SPY,80.73095252074614,81.13460728334987,79.72377246051438,80.12439443267778,80.12439443267778,1000000.0
2023-02-16,SPY,80.12439443267778,80.52501640484115,79.3522670943662,79.75102220539317,79.75102220539317,1000000.0
2023-02-17,SPY,79.75102220539317,81.45914992504369,79.3522670943662,81.05388052243154,81.05388052243154,1000000.0
2023-02-20,SPY,81.05388052243154,81.63714185211403,80.64861111981938,81.23098691752641,81.23098691752641,1000000.0
2023-02-21,SPY,81.23098691752641,81.63714185211403,80.62415612363772,81.02930263682182,81.02930263682182,1000000.0
2023-02-22,SPY,81.02930263682182,81.43444915000593,79.74455635663205,80.14528277048447,80.14528277048447,1000000.0
2023-02-23,SPY,80.14528277048447,80.54600918433688,79.28371040268813,79.68212100772676,79.68212100772676,1000000.0
2023-02-24,SPY,79.68212100772676,80.08053161276538,79.11739227519188,79.5149671107456,79.5149671107456,1000000.0
2023-02-27,SPY,79.5149671107456,81.04658311149964,79.11739227519188,80.64336628009916,80.64336628009916,1000000.0
2023-02-28,SPY,80.64336628009916,81.04658311149964,79.7836869355165,80.18460998544371,80.18460998544371,1000000.0
2023-03-01,SPY,80.18460998544371,82.0773832310177,79.7836869355165,81.66903804081365,81.66903804081365,1000000.0
2023-03-02,SPY,81.66903804081365,82.0773832310177,80.54173833557785,80.94647068902296,80.94647068902296,1000000.0
2023-03-03,SPY,80.94647068902296,81.35120304246807,80.28635415013711,80.68980316596695,80.68980316596695,1000000.0
2023-03-06,SPY,80.68980316596695,81.8129210729843,80.28635415013711,81.40589161490975,81.40589161490975,1000000.0
2023-03-07,SPY,81.40589161490975,81.8129210729843,80.83686874592195,81.24308416675572,81.24308416675572,1000000.0
2023-03-08,SPY,81.24308416675572,81.6492995875895,80.20056320803889,80.60358111360692,80.60358111360692,1000000.0
2023-03-09,SPY,80.60358111360692,81.00659901917494,80.12693808984659,80.52958601994632,80.52958601994632,1000000.0
2023-03-10,SPY,80.52958601994632,81.328727957291,80.12693808984659,80.92410742019005,80.92410742019005,1000000.0
2023-03-13,SPY,80.92410742019005,81.328727957291,79.18143668543293,79.5793333521939,79.5793333521939,1000000.0
2023-03-14,SPY,79.5793333521939,79.97723001895486,79.01648666101153,79.41355443317741,79.41355443317741,1000000.0
2023-03-15,SPY,79.41355443317741,79.8106222053433,78.96171828586598,79.35851084006632,79.35851084006632,1000000.0
2023-03-16,SPY,79.35851084006632,79.75530339426663,78.67501855244743,79.07037040446977,79.07037040446977,1000000.0
2023-03-17,SPY,79.07037040446977,80.08425938853824,78.67501855244743,79.6858302373515,79.6858302373515,1000000.0
2023-03-20,SPY,79.6858302373515,80.08425938853824,78.869431374619,79.26576017549648,79.26576017549648,1000000.0
2023-03-21,SPY,79.26576017549648,79.66208897637395,78.6139031964999,79.0089479361808,79.0089479361808,1000000.0
2023-03-22,SPY,79.0089479361808,79.4656679302777,78.6139031964999,79.07031634853503,79.07031634853503,1000000.0
2023-03-23,SPY,79.07031634853503,80.07899375217914,78.67496476679236,79.6805907981882,79.6805907981882,1000000.0
2023-03-24,SPY,79.6805907981882,80.07899375217914,79.13868818049093,79.53637003064415,79.53637003064415,1000000.0
2023-03-27,SPY,79.53637003064415,81.18803758460906,79.13868818049093,80.78411699961102,80.78411699961102,1000000.0
2023-03-28,SPY,80.78411699961102,81.18803758460906,79.68574006049577,80.08617091507114,80.08617091507114,1000000.0
2023-03-29,SPY,80.08617091507114,81.5613808832665,79.68574006049577,81.15560286892189,81.15560286892189,1000000.0
2023-03-30,SPY,81.15560286892189,81.5613808832665,80.09212844166838,80.49460144891295,80.49460144891295,1000000.0
2023-03-31,SPY,80.49460144891295,80.8970744561575,79.99362250318471,80.39560050571328,80.39560050571328,1000000.0
2023-04-03,SPY,80.39560050571328,81.12469845487836,79.99362250318471,80.72109298992872,80.72109298992872,1000000.0
2023-04-04,SPY,80.72109298992872,82.84205611924185,80.31748752497907,82.42990658631031,82.42990658631031,1000000.0
2023-04-05,SPY,82.42990658631031,83.62095261491471,82.01775705337876,83.20492797503952,83.20492797503952,1000000.0
2023-04-06,SPY,83.20492797503952,83.62095261491471,82.48656290720754,82.90106824844979,82.90106824844979,1000000.0
2023-04-07,SPY,82.90106824844979,84.43877205995369,82.48656290720754,84.0186786666206,84.0186786666206,1000000.0
2023-04-10,SPY,84.0186786666206,84.43877205995369,83.45349647990318,83.87286078382229,83.87286078382229,1000000.0
2023-04-11,SPY,83.87286078382229,84.29222508774139,82.82873893585659,83.24496375462974,83.24496375462974,1000000.0
2023-04-12,SPY,83.24496375462974,84.071028592019,82.82873893585659,83.65276476817812,83.65276476817812,1000000.0
2023-04-13,SPY,83.65276476817812,84.18415566153513,83.23450094433723,83.76532901645287,83.76532901645287,1000000.0
2023-04-14,SPY,83.76532901645287,85.02483516043729,83.3465023713706,84.60182603028588,84.60182603028588,1000000.0
2023-04-17,SPY,84.60182603028588,85.02483516043729,83.750816942638,84.17167531923417,84.17167531923417,1000000.0
2023-04-18,SPY,84.17167531923417,84.94984669850297,83.750816942638,84.5272106452766,84.5272106452766,1000000.0
2023-04-19,SPY,84.5272106452766,85.52481235599824,84.10457459205021,85.09931577711268,85.09931577711268,1000000.0
2023-04-20,SPY,85.09931577711268,85.79725323742174,84.67381919822712,85.37040123126542,85.37040123126542,1000000.0
2023-04-21,SPY,85.37040123126542,85.806705584939,84.9435492251091,85.37980655217811,85.37980655217811,1000000.0
2023-04-24,SPY,85.37980655217811,85.806705584939,84.39607451506066,84.82017539202077,84.82017539202077,1000000.0
2023-04-25,SPY,84.82017539202077,86.05257883889124,84.39607451506066,85.62445655611069,85.62445655611069,1000000.0
2023-04-26,SPY,85.62445655611069,86.20522031083536,85.19633427333014,85.77633861774663,85.77633861774663,1000000.0
2023-04-27,SPY,85.77633861774663,86.668784276762,85.3474569246579,86.23759629528558,86.23759629528558,1000000.0
2023-04-28,SPY,86.23759629528558,86.668784276762,85.54015461108935,85.97000463426065,85.97000463426065,1000000.0
2023-05-01,SPY,85.97000463426065,86.44566882354373,85.54015461108935,86.01559086919775,86.01559086919775,1000000.0
2023-05-02,SPY,86.01559086919775,86.44566882354373,84.7362716966113,85.16208210714703,85.16208210714703,1000000.0
2023-05-03,SPY,85.16208210714703,85.69539442929647,84.7362716966113,85.26904918337958,85.26904918337958,1000000.0
2023-05-04,SPY,85.26904918337958,86.38820815265989,84.84270393746269,85.9584160722984,85.9584160722984,1000000.0
2023-05-05,SPY,85.9584160722984,86.50317510168392,85.52862399193691,86.07281104645168,86.07281104645168,1000000.0
2023-05-08,SPY,86.07281104645168,87.2846876049656,85.64244699121942,86.85043542782647,86.85043542782647,1000000.0
2023-05-09,SPY,86.85043542782647,87.59326860388654,86.41618325068734,87.15748119789707,87.15748119789707,1000000.0
2023-05-10,SPY,87.15748119789707,88.8316245456242,86.72169379190758,88.3896761648002,88.3896761648002,1000000.0
2023-05-11,SPY,88.3896761648002,88.8316245456242,87.81586149912857,88.2571472353051,88.2571472353051,1000000.0
2023-05-12,SPY,88.2571472353051,88.69843297148161,86.42317222904117,86.85745952667455,86.85745952667455,1000000.0
2023-05-15,SPY,86.85745952667455,87.705165962283,86.42317222904117,87.26882185301793,87.26882185301793,1000000.0
2023-05-16,SPY,87.26882185301793,87.705165962283,86.72384062486881,87.15963881896363,87.15963881896363,1000000.0
2023-05-17,SPY,87.15963881896363,87.59543701305844,85.91735884052163,86.34910436233329,86.34910436233329,1000000.0
2023-05-18,SPY,86.34910436233329,87.38281402443106,85.91735884052163,86.94807365615031,86.94807365615031,1000000.0
2023-05-19,SPY,86.94807365615031,87.64915045433148,86.51333328786956,87.21308502918556,87.21308502918556,1000000.0
2023-05-22,SPY,87.21308502918556,88.07557959130273,86.77701960403964,87.63739262816193,87.63739262816193,1000000.0
2023-05-23,SPY,87.63739262816193,88.07557959130273,86.94462850093319,87.3815361818424,87.3815361818424,1000000.0
2023-05-24,SPY,87.3815361818424,88.02686192056858,86.94462850093319,87.58891733389909,87.58891733389909,1000000.0
2023-05-25,SPY,87.58891733389909,88.28634103137877,87.15097274722959,87.84710550385948,87.84710550385948,1000000.0
2023-05-26,SPY,87.84710550385948,89.90305818264741,87.40786997634018,89.45577928621634,89.45577928621634,1000000.0
2023-05-29,SPY,89.45577928621634,89.90305818264741,88.43716302606782,88.88157088047018,88.88157088047018,1000000.0
2023-05-30,SPY,88.88157088047018,89.35233896860917,88.43716302606782,88.90779996876536,88.90779996876536,1000000.0
2023-05-31,SPY,88.90779996876536,89.71392681956809,88.46326096892153,89.26758887519213,89.26758887519213,1000000.0
2023-06-01,SPY,89.26758887519213,89.71392681956809,87.33733759711343,87.77621869056627,87.77621869056627,1000000.0
2023-06-02,SPY,87.77621869056627,88.21509978401909,85.98289496507974,86.4149698141505,86.4149698141505,1000000.0
2023-06-05,SPY,86.4149698141505,88.78401723968399,85.98289496507974,88.34230571112836,88.34230571112836,1000000.0
2023-06-06,SPY,88.34230571112836,88.78401723968399,86.39548131849622,86.82962946582535,86.82962946582535,1000000.0
2023-06-07,SPY,86.82962946582535,87.80204128838409,86.39548131849622,87.36521521232248,87.36521521232248,1000000.0
2023-06-08,SPY,87.36521521232248,87.80204128838409,86.22864338077609,86.66195314650864,86.66195314650864,1000000.0
2023-06-09,SPY,86.66195314650864,87.09526291224117,85.60732151833328,86.03750906365154,86.03750906365154,1000000.0
2023-06-12,SPY,86.03750906365154,86.46769660896979,83.96042544748352,84.38233713314926,84.38233713314926,1000000.0
2023-06-13,SPY,84.38233713314926,84.804248818815,83.24084696755344,83.65914268095823,83.65914268095823,1000000.0
2023-06-14,SPY,83.65914268095823,84.77341963564004,83.24084696755344,84.35166132899508,84.35166132899508,1000000.0
2023-06-15,SPY,84.35166132899508,84.77341963564004,82.80550413367159,83.22161219464482,83.22161219464482,1000000.0
2023-06-16,SPY,83.22161219464482,84.17086890323807,82.80550413367159,83.75210836143093,83.75210836143093,1000000.0
2023-06-19,SPY,83.75210836143093,84.46876861530585,83.33334781962377,84.04852598537896,84.04852598537896,1000000.0
2023-06-20,SPY,84.04852598537896,86.22540767520353,83.62828335545207,85.7964255474662,85.7964255474662,1000000.0
2023-06-21,SPY,85.7964255474662,86.22540767520353,84.99729799441346,85.42442009488789,85.42442009488789,1000000.0
2023-06-22,SPY,85.42442009488789,86.97786764543422,84.99729799441346,86.54514193575545,86.54514193575545,1000000.0
2023-06-23,SPY,86.54514193575545,87.78954191428741,86.11241622607668,87.35277802416658,87.35277802416658,1000000.0
2023-06-26,SPY,87.35277802416658,87.78954191428741,86.70188398188729,87.13757184109275,87.13757184109275,1000000.0
2023-06-27,SPY,87.13757184109275,87.57325970029821,85.30610761832058,85.73478152595034,85.73478152595034,1000000.0
2023-06-28,SPY,85.73478152595034,87.50890334368451,85.30610761832058,87.07353566535772,87.07353566535772,1000000.0
2023-06-29,SPY,87.07353566535772,87.50890334368451,85.49830646275335,85.92794619372197,85.92794619372197,1000000.0
2023-06-30,SPY,85.92794619372197,86.35758592469057,85.12854504463644,85.55632667802658,85.55632667802658,1000000.0
2023-07-03,SPY,85.55632667802658,86.78156874765247,85.12854504463644,86.34981964940545,86.34981964940545,1000000.0
2023-07-04,SPY,86.34981964940545,87.79054555083778,85.91807055115842,87.35377666750028,87.35377666750028,1000000.0
2023-07-05,SPY,87.35377666750028,87.79054555083778,86.21974940835803,86.65301448076184,86.65301448076184,1000000.0
2023-07-06,SPY,86.65301448076184,87.09324526590991,86.21974940835803,86.65994553821884,86.65994553821884,1000000.0
2023-07-07,SPY,86.65994553821884,87.09324526590991,86.03837878199161,86.47073244421267,86.47073244421267,1000000.0
2023-07-10,SPY,86.47073244421267,87.97116855194649,86.03837878199161,87.53350104671294,87.53350104671294,1000000.0
2023-07-11,SPY,87.53350104671294,90.2384367586131,87.09583354147938,89.78948931205285,89.78948931205285,1000000.0
2023-07-12,SPY,89.78948931205285,90.2384367586131,87.75567326566456,88.1966565484066,88.1966565484066,1000000.0
2023-07-13,SPY,88.1966565484066,89.48945752184729,87.75567326566456,89.04423634014657,89.04423634014657,1000000.0
2023-07-14,SPY,89.04423634014657,89.48945752184729,86.13699450388329,86.56984372249576,86.56984372249576,1000000.0
2023-07-17,SPY,86.56984372249576,87.04974485935348,86.13699450388329,86.61666155159551,86.61666155159551,1000000.0
2023-07-18,SPY,86.61666155159551,87.04974485935348,85.26736638422237,85.69584561228379,85.69584561228379,1000000.0
2023-07-19,SPY,85.69584561228379,87.89211336931355,85.26736638422237,87.45483917344633,87.45483917344633,1000000.0
2023-07-20,SPY,87.45483917344633,88.07368231630961,87.0175649775791,87.63550479234789,87.63550479234789,1000000.0
2023-07-21,SPY,87.63550479234789,88.07368231630961,86.59187269473567,87.02700773340268,87.02700773340268,1000000.0
2023-07-24,SPY,87.02700773340268,87.46214277206968,86.19505710245707,86.62819809292168,86.62819809292168,1000000.0
2023-07-25,SPY,86.62819809292168,87.06133908338627,85.73489134599512,86.16571994572374,86.16571994572374,1000000.0
2023-07-26,SPY,86.16571994572374,86.79448438766855,85.73489134599512,86.36267103250603,86.36267103250603,1000000.0
2023-07-27,SPY,86.36267103250603,86.79448438766855,85.82939163550483,86.26069511106013,86.26069511106013,1000000.0
2023-07-28,SPY,86.26069511106013,87.2973796352718,85.82939163550483,86.86306431370329,86.86306431370329,1000000.0
2023-07-31,SPY,86.86306431370329,88.6878638555327,86.42874899213477,88.2466307020226,88.2466307020226,1000000.0
2023-08-01,SPY,88.2466307020226,89.34784994725997,87.80539754851249,88.9033332808557,88.9033332808557,1000000.0
2023-08-02,SPY,88.9033332808557,89.34784994725997,87.41588915402153,87.85516497891611,87.85516497891611,1000000.0
2023-08-03,SPY,87.85516497891611,88.29444080381067,86.04229659095037,86.47466994065364,86.47466994065364,1000000.0
2023-08-04,SPY,86.47466994065364,86.9070432903569,85.4289298895241,85.85822099449658,85.85822099449658,1000000.0
2023-08-07,SPY,85.85822099449658,87.23599538874306,85.4289298895241,86.80198546143589,86.80198546143589,1000000.0
2023-08-08,SPY,86.80198546143589,87.23599538874306,86.11352397885562,86.54625525513129,86.54625525513129,1000000.0
2023-08-09,SPY,86.54625525513129,86.97898653140693,85.57479114737855,86.00481522349602,86.00481522349602,1000000.0
2023-08-10,SPY,86.00481522349602,86.58907498876533,85.57479114737855,86.15828357091078,86.15828357091078,1000000.0
2023-08-11,SPY,86.15828357091078,86.58907498876533,84.55636132226793,84.9812676605708,84.9812676605708,1000000.0
2023-08-14,SPY,84.9812676605708,85.40617399887364,83.6319005388881,84.05216134561618,84.05216134561618,1000000.0
2023-08-15,SPY,84.05216134561618,84.93857687623333,83.6319005388881,84.51599689177446,84.51599689177446,1000000.0
2023-08-16,SPY,84.51599689177446,84.93857687623333,83.87241306062631,84.29388247299127,84.29388247299127,1000000.0
2023-08-17,SPY,84.29388247299127,84.71535188535621,83.5265369875808,83.94626832922694,83.94626832922694,1000000.0
2023-08-18,SPY,83.94626832922694,84.66826221134257,83.5265369875808,84.24702707596276,84.24702707596276,1000000.0
2023-08-21,SPY,84.24702707596276,84.66826221134257,83.3702914119911,83.78923759999105,83.78923759999105,1000000.0
2023-08-22,SPY,83.78923759999105,84.208183787991,82.83321409385236,83.24946140085665,83.24946140085665,1000000.0
2023-08-23,SPY,83.24946140085665,83.66570870786092,82.48620075141996,82.90070427278388,82.90070427278388,1000000.0
2023-08-24,SPY,82.90070427278388,83.85233246171637,82.48620075141996,83.43515667832476,83.43515667832476,1000000.0
2023-08-25,SPY,83.43515667832476,83.93607559529796,83.01798089493313,83.51848317940097,83.51848317940097,1000000.0
2023-08-28,SPY,83.51848317940097,83.93607559529796,82.14692770082027,82.55972633248268,82.55972633248268,1000000.0
2023-08-29,SPY,82.55972633248268,82.9725249641451,81.93111850238733,82.34283266571592,82.34283266571592,1000000.0
2023-08-30,SPY,82.34283266571592,83.32604776787839,81.93111850238733,82.91149031629692,82.91149031629692,1000000.0
2023-08-31,SPY,82.91149031629692,84.933510248666,82.49693286471543,84.51095547130946,84.51095547130946,1000000.0
2023-09-01,SPY,84.51095547130946,84.933510248666,83.1665392753107,83.58446158322683,83.58446158322683,1000000.0
2023-09-04,SPY,83.58446158322683,84.32096515286123,83.1665392753107,83.90145786354353,83.90145786354353,1000000.0
2023-09-05,SPY,83.90145786354353,84.32096515286123,83.29953483427623,83.71812546158415,83.71812546158415,1000000.0
2023-09-06,SPY,83.71812546158415,84.86809627318225,83.29953483427623,84.4458669384898,84.4458669384898,1000000.0
2023-09-07,SPY,84.4458669384898,85.2845909159449,84.02363760379735,84.8602894686019,84.8602894686019,1000000.0
2023-09-08,SPY,84.8602894686019,86.58404506657335,84.4359880212589,86.15327867320732,86.15327867320732,1000000.0
2023-09-11,SPY,86.15327867320732,87.06979779499021,85.72251227984128,86.6366147213833,86.6366147213833,1000000.0
2023-09-12,SPY,86.6366147213833,87.06979779499021,85.76910448453498,86.2001050095829,86.2001050095829,1000000.0
2023-09-13,SPY,86.2001050095829,86.6311055346308,85.3425299001811,85.77138683435287,85.77138683435287,1000000.0
2023-09-14,SPY,85.77138683435287,86.58516592297948,85.3425299001811,86.15439395321343,86.15439395321343,1000000.0
2023-09-15,SPY,86.15439395321343,86.96258238382663,85.72362198344736,86.52993272022552,86.52993272022552,1000000.0
2023-09-18,SPY,86.52993272022552,89.108730160307,86.09728305662439,88.66540314458409,88.66540314458409,1000000.0
2023-09-19,SPY,88.66540314458409,90.65133267990673,88.22207612886118,90.20033102478283,90.20033102478283,1000000.0
2023-09-20,SPY,90.20033102478283,90.65133267990673,88.73769506714504,89.18361313280909,89.18361313280909,1000000.0
2023-09-21,SPY,89.18361313280909,89.9799711606638,88.73769506714504,89.5323096126008,89.5323096126008,1000000.0
2023-09-22,SPY,89.5323096126008,89.9799711606638,87.94196699389565,88.38388642602578,88.38388642602578,1000000.0
2023-09-25,SPY,88.38388642602578,88.8258058581559,86.53252562089885,86.96736243306417,86.96736243306417,1000000.0
2023-09-26,SPY,86.96736243306417,88.08972570812168,86.53252562089885,87.65146836629023,87.65146836629023,1000000.0
2023-09-27,SPY,87.65146836629023,88.6125398311102,87.21321102445879,88.17168142399025,88.17168142399025,1000000.0
2023-09-28,SPY,88.17168142399025,88.6125398311102,86.85913073501106,87.29560877890559,87.29560877890559,1000000.0
2023-09-29,SPY,87.29560877890559,89.22172556861796,86.85913073501106,88.77783638668454,88.77783638668454,1000000.0
2023-10-02,SPY,88.77783638668454,89.22172556861796,87.50962501511275,87.94937187448517,87.94937187448517,1000000.0
2023-10-03,SPY,87.94937187448517,88.38911873385759,86.52829789000839,86.96311345729487,86.96311345729487,1000000.0
2023-10-04,SPY,86.96311345729487,88.00536418111672,86.52829789000839,87.56752654837486,87.56752654837486,1000000.0
2023-10-05,SPY,87.56752654837486,88.2353039688621,87.12968891563298,87.79632235707672,87.79632235707672,1000000.0
2023-10-06,SPY,87.79632235707672,88.2353039688621,87.25213156573143,87.69058448817229,87.69058448817229,1000000.0
2023-10-09,SPY,87.69058448817229,88.12903741061314,87.22851924517907,87.66685351274279,87.66685351274279,1000000.0
2023-10-10,SPY,87.66685351274279,88.3379167983412,87.22851924517907,87.89842467496638,87.89842467496638,1000000.0
2023-10-11,SPY,87.89842467496638,88.3379167983412,87.37188430752832,87.81093900254102,87.81093900254102,1000000.0
2023-10-12,SPY,87.81093900254102,88.24999369755372,87.25618897521353,87.69466228664676,87.69466228664676,1000000.0
2023-10-13,SPY,87.69466228664676,88.13313559807999,85.65168738358004,86.08209787294476,86.08209787294476,1000000.0
2023-10-16,SPY,86.08209787294476,86.51250836230948,84.54376352514619,84.96860655793587,84.96860655793587,1000000.0
2023-10-17,SPY,84.96860655793587,85.95113102713412,84.54376352514619,85.52351345983496,85.52351345983496,1000000.0
2023-10-18,SPY,85.52351345983496,85.95113102713412,84.53247657012864,84.9572628845514,84.9572628845514,1000000.0
2023-10-19,SPY,84.9572628845514,85.88316401036595,84.53247657012864,85.45588458742881,85.45588458742881,1000000.0
2023-10-20,SPY,85.45588458742881,86.98558832971959,85.02860516449167,86.55282420867621,86.55282420867621,1000000.0
2023-10-23,SPY,86.55282420867621,86.98558832971959,85.84925092834695,86.28065419934367,86.28065419934367,1000000.0
2023-10-24,SPY,86.28065419934367,86.99256394449455,85.84925092834695,86.55976511890006,86.55976511890006,1000000.0
2023-10-25,SPY,86.55976511890006,88.85336329972124,86.12696629330556,88.4113067658918,88.4113067658918,1000000.0
2023-10-26,SPY,88.4113067658918,89.50878384550222,87.96925023206234,89.06346651293754,89.06346651293754,1000000.0
2023-10-27,SPY,89.06346651293754,91.2091756573824,88.61814918037285,90.7553986640621,90.7553986640621,1000000.0
2023-10-30,SPY,90.7553986640621,92.65561662301288,90.30162167074178,92.19464340598297,92.19464340598297,1000000.0
