timestamp,symbol,open,high,low,close,adjusted_close,volume
2019-01-01,TLT,101.64613726003635,102.15436794633652,101.13790657373617,101.64613726003635,101.64613726003635,1000000.0
2019-01-02,TLT,101.64613726003635,102.15436794633652,99.09110474216797,99.58904999212861,99.58904999212861,1000000.0
2019-01-03,TLT,99.58904999212861,100.42232579299005,99.09110474216797,99.92271223183091,99.92271223183091,1000000.0
2019-01-04,TLT,99.92271223183091,100.42232579299005,98.97252741939258,99.46987680340962,99.46987680340962,1000000.0
2019-01-07,TLT,99.46987680340962,99.96722618742666,98.61477679679204,99.11032843898698,99.11032843898698,1000000.0
2019-01-08,TLT,99.11032843898698,99.60588008118191,98.44483486598519,98.93953252862833,98.93953252862833,1000000.0
2019-01-09,TLT,98.93953252862833,99.43423019127147,96.86676233872836,97.35352998867172,97.35352998867172,1000000.0
2019-01-10,TLT,97.35352998867172,97.84029763861507,96.6871966705828,97.17306198048522,97.17306198048522,1000000.0
2019-01-11,TLT,97.17306198048522,97.65892729038764,96.02026726253317,96.50278116837504,96.50278116837504,1000000.0
2019-01-14,TLT,96.50278116837504,99.59812767514173,96.02026726253317,99.10261460213108,99.10261460213108,1000000.0
2019-01-15,TLT,99.10261460213108,99.77819364357696,98.60710152912043,99.28178471997708,99.28178471997708,1000000.0
2019-01-16,TLT,99.28178471997708,99.77819364357696,98.50709038466566,99.00210088911122,99.00210088911122,1000000.0
2019-01-17,TLT,99.00210088911122,99.49711139355676,98.28566916911953,98.77956700414023,98.77956700414023,1000000.0
2019-01-18,TLT,98.77956700414023,99.27346483916092,97.76179524697086,98.25306054971946,98.25306054971946,1000000.0
2019-01-21,TLT,98.25306054971946,98.74432585246805,96.94004112651886,97.42717701157675,97.42717701157675,1000000.0
2019-01-22,TLT,97.42717701157675,97.91431289663461,96.63744029735365,97.1230555752298,97.1230555752298,1000000.0
2019-01-23,TLT,97.1230555752298,97.98573367112068,96.63744029735365,97.49824245882657,97.49824245882657,1000000.0
2019-01-24,TLT,97.49824245882657,97.98573367112068,96.82578967897587,97.31235143615665,97.31235143615665,1000000.0
2019-01-25,TLT,97.31235143615665,98.55113337698948,96.82578967897587,98.06082923083532,98.06082923083532,1000000.0
2019-01-28,TLT,98.06082923083532,98.55113337698948,97.41469127240133,97.90421233407169,97.90421233407169,1000000.0
2019-01-29,TLT,97.90421233407169,98.41283116232374,97.41469127240133,97.9232150868893,97.9232150868893,1000000.0
2019-01-30,TLT,97.9232150868893,99.63741636470465,97.43359901145486,99.14170782557677,99.14170782557677,1000000.0
2019-01-31,TLT,99.14170782557677,100.07286839125562,98.64599928644888,99.57499342413496,99.57499342413496,1000000.0
2019-02-01,TLT,99.57499342413496,100.07286839125562,98.67747379066405,99.1733404931297,99.1733404931297,1000000.0
2019-02-04,TLT,99.1733404931297,99.66920719559533,98.53324259572449,99.02838451831607,99.02838451831607,1000000.0
2019-02-05,TLT,99.02838451831607,99.95481800250806,98.53324259572449,99.4575303507543,99.4575303507543,1000000.0
2019-02-06,TLT,99.4575303507543,101.51422822198566,98.96024269900053,101.0091823104335,101.0091823104335,1000000.0
2019-02-07,TLT,101.0091823104335,101.51422822198566,100.28758636276518,100.7915440831811,100.7915440831811,1000000.0
2019-02-08,TLT,100.7915440831811,101.29550180359699,100.09236931525204,100.59534604547945,100.59534604547945,1000000.0
2019-02-11,TLT,100.59534604547945,101.91223940542048,100.09236931525204,101.40521333872685,101.40521333872685,1000000.0
2019-02-12,TLT,101.40521333872685,101.91223940542048,100.18518085591082,100.68862397578977,100.68862397578977,1000000.0
2019-02-13,TLT,100.68862397578977,101.1920670956687,99.95164511633618,100.45391468978511,100.45391468978511,1000000.0
2019-02-14,TLT,100.45391468978511,101.67148856047008,99.95164511633618,101.16566025917422,101.16566025917422,1000000.0
2019-02-15,TLT,101.16566025917422,102.14462645316559,100.65983195787834,101.63644423200557,101.63644423200557,1000000.0
2019-02-18,TLT,101.63644423200557,102.21943735137901,101.12826201084555,101.71088293669554,101.71088293669554,1000000.0
2019-02-19,TLT,101.71088293669554,102.7688903197519,101.20232852201207,102.25760230821086,102.25760230821086,1000000.0
2019-02-20,TLT,102.25760230821086,102.7688903197519,99.47012045018646,99.96997030169493,99.96997030169493,1000000.0
2019-02-21,TLT,99.96997030169493,101.29406690139807,99.47012045018646,100.79011631979908,100.79011631979908,1000000.0
2019-02-22,TLT,100.79011631979908,101.29406690139807,99.51920081322247,100.01929729972107,100.01929729972107,1000000.0
2019-02-25,TLT,100.01929729972107,100.51939378621967,98.1995506813498,98.69301576015056,98.69301576015056,1000000.0
2019-02-26,TLT,98.69301576015056,99.40608103585629,98.1995506813498,98.91152341876248,98.91152341876248,1000000.0
2019-02-27,TLT,98.91152341876248,99.96475244431814,98.41696580166867,99.46741536748074,99.46741536748074,1000000.0
2019-02-28,TLT,99.46741536748074,99.96475244431814,98.61855468726544,99.11412531383462,99.11412531383462,1000000.0
2019-03-01,TLT,99.11412531383462,99.60969594040378,97.77297196755686,98.2642934347305,98.2642934347305,1000000.0
2019-03-04,TLT,98.2642934347305,98.77625685089784,97.77297196755686,98.28483268746055,98.28483268746055,1000000.0
2019-03-05,TLT,98.28483268746055,98.77625685089784,97.7521505171224,98.24336735389186,98.24336735389186,1000000.0
2019-03-06,TLT,98.24336735389186,99.85109911486374,97.7521505171224,99.35432747747637,99.35432747747637,1000000.0
2019-03-07,TLT,99.35432747747637,100.44992366810004,98.85755584008899,99.95017280407966,99.95017280407966,1000000.0
2019-03-08,TLT,99.95017280407966,100.60579461276747,99.45042194005926,100.10526827141042,100.10526827141042,1000000.0
2019-03-11,TLT,100.10526827141042,101.5044786534705,99.60474193005336,100.99948124723434,100.99948124723434,1000000.0
2019-03-12,TLT,100.99948124723434,101.5044786534705,100.32938813953737,100.83355591913303,100.83355591913303,1000000.0
2019-03-13,TLT,100.83355591913303,101.33772369872868,99.58897421897584,100.08942132560385,100.08942132560385,1000000.0
2019-03-14,TLT,100.08942132560385,101.06097096985388,99.58897421897584,100.55818006950636,100.55818006950636,1000000.0
2019-03-15,TLT,100.55818006950636,101.53304530694402,100.05538916915883,101.02790577805376,101.02790577805376,1000000.0
2019-03-18,TLT,101.02790577805376,101.53304530694402,100.35015304953944,100.85442517541652,100.85442517541652,1000000.0
2019-03-19,TLT,100.85442517541652,101.35869730129359,99.72367705526426,100.2248010605671,100.2248010605671,1000000.0
2019-03-20,TLT,100.2248010605671,100.91074833868754,99.72367705526426,100.40870481461448,100.40870481461448,1000000.0
2019-03-21,TLT,100.40870481461448,100.91074833868754,97.93316035552301,98.42528678947036,98.42528678947036,1000000.0
2019-03-22,TLT,98.42528678947036,99.46504642985542,97.93316035552301,98.97019545259246,98.97019545259246,1000000.0
2019-03-25,TLT,98.97019545259246,99.85680765647012,98.4753444753295,99.36000761837825,99.36000761837825,1000000.0
2019-03-26,TLT,99.36000761837825,99.85680765647012,97.5754861997087,98.06581527608915,98.06581527608915,1000000.0
2019-03-27,TLT,98.06581527608915,98.6045303490782,97.5754861997087,98.11396054634648,98.11396054634648,1000000.0
2019-03-28,TLT,98.11396054634648,98.6045303490782,96.87333754063258,97.36013823179154,97.36013823179154,1000000.0
2019-03-29,TLT,97.36013823179154,98.4414719671143,96.87333754063258,97.95171340011373,97.95171340011373,1000000.0
2019-04-01,TLT,97.95171340011373,98.4414719671143,95.8887587752996,96.37061183447197,96.37061183447197,1000000.0
2019-04-02,TLT,96.37061183447197,96.85246489364432,95.18980069697614,95.66814140399612,95.66814140399612,1000000.0
2019-04-03,TLT,95.66814140399612,96.69382312692049,95.18980069697614,96.21275933026915,96.21275933026915,1000000.0
2019-04-04,TLT,96.21275933026915,97.59250838727841,95.73169553361781,97.10697351968003,97.10697351968003,1000000.0
2019-04-05,TLT,97.10697351968003,97.59250838727841,94.96767834574115,95.44490286004135,95.44490286004135,1000000.0
2019-04-08,TLT,95.44490286004135,95.92212737434154,94.5900496396369,95.06537652224814,95.06537652224814,1000000.0
2019-04-09,TLT,95.06537652224814,95.79174681290505,94.5900496396369,95.31517095811448,95.31517095811448,1000000.0
2019-04-10,TLT,95.31517095811448,95.79174681290505,94.3775020163272,94.85176082042935,94.85176082042935,1000000.0
2019-04-11,TLT,94.85176082042935,96.5468056922006,94.3775020163272,96.06647332557276,96.06647332557276,1000000.0
2019-04-12,TLT,96.06647332557276,96.5468056922006,94.67954955158953,95.15532618250204,95.15532618250204,1000000.0
2019-04-15,TLT,95.15532618250204,95.90272207019436,94.67954955158953,95.42559409969589,95.42559409969589,1000000.0
2019-04-16,TLT,95.42559409969589,95.90272207019436,94.15544046104151,94.62858337793116,94.62858337793116,1000000.0
2019-04-17,TLT,94.62858337793116,96.17744063604546,94.15544046104151,95.6989459065129,95.6989459065129,1000000.0
2019-04-18,TLT,95.6989459065129,96.17744063604546,95.20395948688936,95.6823713436074,95.6823713436074,1000000.0
2019-04-19,TLT,95.6823713436074,96.16078320032543,94.92086340589996,95.39785266924619,95.39785266924619,1000000.0
2019-04-22,TLT,95.39785266924619,95.87484193259242,93.62505675867696,94.09553443083112,94.09553443083112,1000000.0
2019-04-23,TLT,94.09553443083112,95.84695837070697,93.62505675867696,95.37010783154923,95.37010783154923,1000000.0
2019-04-24,TLT,95.37010783154923,96.42591222471606,94.89325729239148,95.94618131812544,95.94618131812544,1000000.0
2019-04-25,TLT,95.94618131812544,97.00897259532573,95.46645041153481,96.52634089087138,96.52634089087138,1000000.0
2019-04-26,TLT,96.52634089087138,97.89608170365837,96.04370918641702,97.40903652105311,97.40903652105311,1000000.0
2019-04-29,TLT,97.40903652105311,98.16996742720596,96.92199133844784,97.68155962906067,97.68155962906067,1000000.0
2019-04-30,TLT,97.68155962906067,98.16996742720596,96.69737745672224,97.18329392635401,97.18329392635401,1000000.0
2019-05-01,TLT,97.18329392635401,97.66921039598577,96.08030496775577,96.56312057060882,96.56312057060882,1000000.0
2019-05-02,TLT,96.56312057060882,97.04593617346185,95.4672018176209,95.94693650012151,95.94693650012151,1000000.0
2019-05-03,TLT,95.94693650012151,97.48937659811759,95.4672018176209,97.00435482399762,97.00435482399762,1000000.0
2019-05-06,TLT,97.00435482399762,97.48937659811759,95.39825445364855,95.87764266698346,95.87764266698346,1000000.0
2019-05-07,TLT,95.87764266698346,96.35703088031836,94.94419757417893,95.42130409465219,95.42130409465219,1000000.0
2019-05-08,TLT,95.42130409465219,95.89841061512544,94.70050887321796,95.17639082735472,95.17639082735472,1000000.0
2019-05-09,TLT,95.17639082735472,95.82430986868687,94.70050887321796,95.34757200864367,95.34757200864367,1000000.0
2019-05-10,TLT,95.34757200864367,96.26638614617245,94.87083414860045,95.78744890166413,95.78744890166413,1000000.0
2019-05-13,TLT,95.78744890166413,96.26638614617245,94.36085777455611,94.83503293925237,94.83503293925237,1000000.0
2019-05-14,TLT,94.83503293925237,95.30920810394862,93.06388914411556,93.53154687850811,93.53154687850811,1000000.0
2019-05-15,TLT,93.53154687850811,93.99920461290064,93.06060275690032,93.52824397678424,93.52824397678424,1000000.0
2019-05-16,TLT,93.52824397678424,94.9128894145691,93.06060275690032,94.44068598464587,94.44068598464587,1000000.0
2019-05-17,TLT,94.44068598464587,95.48947021558658,93.96848255472264,95.01439822446427,95.01439822446427,1000000.0
2019-05-20,TLT,95.01439822446427,95.65435143444435,94.53932623334195,95.17845913875061,95.17845913875061,1000000.0
2019-05-21,TLT,95.17845913875061,95.65435143444435,94.46258778602974,94.93727415681381,94.93727415681381,1000000.0
2019-05-22,TLT,94.93727415681381,95.63604727845043,94.46258778602974,95.1602460482094,95.1602460482094,1000000.0
2019-05-23,TLT,95.1602460482094,95.63604727845043,94.50030372808531,94.9751796262164,94.9751796262164,1000000.0
2019-05-24,TLT,94.9751796262164,96.07611909541562,94.50030372808531,95.59812845314988,95.59812845314988,1000000.0
2019-05-27,TLT,95.59812845314988,96.07611909541562,94.51751133652114,94.99247370504636,94.99247370504636,1000000.0
2019-05-28,TLT,94.99247370504636,95.5700154932722,94.51751133652114,95.09454277937533,95.09454277937533,1000000.0
2019-05-29,TLT,95.09454277937533,95.5700154932722,94.53525190482864,95.01030342193833,95.01030342193833,1000000.0
2019-05-30,TLT,95.01030342193833,95.90132127426925,94.53525190482864,95.42420027290474,95.42420027290474,1000000.0
2019-05-31,TLT,95.42420027290474,96.07382127824528,94.94707927154022,95.59584206790576,95.59584206790576,1000000.0
2019-06-03,TLT,95.59584206790576,98.05388207804944,95.11786285756624,97.56605181895468,97.56605181895468,1000000.0
2019-06-04,TLT,97.56605181895468,99.23654888390882,97.0782215598599,98.74283471035704,98.74283471035704,1000000.0
2019-06-05,TLT,98.74283471035704,100.43193959152875,98.24912053680526,99.93227820052613,99.93227820052613,1000000.0
2019-06-06,TLT,99.93227820052613,100.43193959152875,97.82343461265717,98.31500966096198,98.31500966096198,1000000.0
2019-06-07,TLT,98.31500966096198,98.80658470926677,97.55746929793857,98.0477078371242,98.0477078371242,1000000.0
2019-06-10,TLT,98.0477078371242,98.5379463763098,97.08362768235334,97.5714851078928,97.5714851078928,1000000.0
2019-06-11,TLT,97.5714851078928,98.47814095011444,97.08362768235334,97.98819995036263,97.98819995036263,1000000.0
2019-06-12,TLT,97.98819995036263,98.47814095011444,95.73675686728932,96.2178460977782,96.2178460977782,1000000.0
2019-06-13,TLT,96.2178460977782,97.61179941739323,95.73675686728932,97.12616857452063,97.12616857452063,1000000.0
2019-06-14,TLT,97.12616857452063,98.44856689187537,96.64053773164802,97.95877302674168,97.95877302674168,1000000.0
2019-06-17,TLT,97.95877302674168,98.44856689187537,96.45895663906467,96.94367501413534,96.94367501413534,1000000.0
2019-06-18,TLT,96.94367501413534,97.42839338920601,95.7067864597296,96.18772508515538,96.18772508515538,1000000.0
2019-06-19,TLT,96.18772508515538,96.66866371058114,95.0953273003919,95.57319326672553,95.57319326672553,1000000.0
2019-06-20,TLT,95.57319326672553,96.08433393201983,95.0953273003919,95.60630241992024,95.60630241992024,1000000.0
2019-06-21,TLT,95.60630241992024,96.5782975377395,95.12827090782064,96.0978084952632,96.0978084952632,1000000.0
2019-06-24,TLT,96.0978084952632,98.17358047695845,95.61731945278687,97.68515470344126,97.68515470344126,1000000.0
2019-06-25,TLT,97.68515470344126,98.17358047695845,97.04332172061184,97.53097660363,97.53097660363,1000000.0
2019-06-26,TLT,97.53097660363,98.62231932179374,97.04332172061184,98.1316610167102,98.1316610167102,1000000.0
2019-06-27,TLT,98.1316610167102,98.74501690268029,97.64100271162664,98.25374816187094,98.25374816187094,1000000.0
2019-06-28,TLT,98.25374816187094,100.14512170439522,97.76247942106158,99.64688726805495,99.64688726805495,1000000.0
2019-07-01,TLT,99.64688726805495,100.74147822995813,99.14865283171468,100.2402768457295,100.2402768457295,1000000.0
2019-07-02,TLT,100.2402768457295,101.85049650551016,99.73907546150085,101.34377761742306,101.34377761742306,1000000.0
2019-07-03,TLT,101.34377761742306,101.85049650551016,99.97143874850194,100.47380778743913,100.47380778743913,1000000.0
2019-07-04,TLT,100.47380778743913,100.97617682637632,99.81780827077382,100.31940529726012,100.31940529726012,1000000.0
2019-07-05,TLT,100.31940529726012,100.82100232374641,99.17008711226644,99.66842925855924,99.66842925855924,1000000.0
2019-07-08,TLT,99.66842925855924,101.38002606820679,99.17008711226644,100.87564782906149,100.87564782906149,1000000.0
2019-07-09,TLT,100.87564782906149,101.91480400466384,100.37126958991618,101.40776517876999,101.40776517876999,1000000.0
2019-07-10,TLT,101.40776517876999,101.91480400466384,100.65471240056446,101.16051497544167,101.16051497544167,1000000.0
2019-07-11,TLT,101.16051497544167,101.66631755031887,100.29102682149835,100.79500183065161,100.79500183065161,1000000.0
2019-07-12,TLT,100.79500183065161,101.69250771935285,100.29102682149835,101.18657484512723,101.18657484512723,1000000.0
2019-07-15,TLT,101.18657484512723,101.69250771935285,100.11720827197908,100.6203098210845,100.6203098210845,1000000.0
2019-07-16,TLT,100.6203098210845,101.12341137018991,99.37463215129831,99.87400216210887,99.87400216210887,1000000.0
2019-07-17,TLT,99.87400216210887,100.76057424636164,99.37463215129831,100.25927785707627,100.25927785707627,1000000.0
2019-07-18,TLT,100.25927785707627,102.76575828025865,99.75798146779088,102.25448585100365,102.25448585100365,1000000.0
2019-07-19,TLT,102.25448585100365,102.76575828025865,101.543071183525,102.05333787288944,102.05333787288944,1000000.0
2019-07-22,TLT,102.05333787288944,102.56360456225389,101.09251916342359,101.60052177228502,101.60052177228502,1000000.0
2019-07-23,TLT,101.60052177228502,102.10852438114644,100.14978087981186,100.65304611036368,100.65304611036368,1000000.0
2019-07-24,TLT,100.65304611036368,101.15631134091548,99.08586391694186,99.58378283109735,99.58378283109735,1000000.0
2019-07-25,TLT,99.58378283109735,100.50291537049755,99.08586391694186,100.00290086616673,100.00290086616673,1000000.0
2019-07-26,TLT,100.00290086616673,101.18931416287576,99.50288636183589,100.68588473917987,100.68588473917987,1000000.0
2019-07-29,TLT,100.68588473917987,101.19674150515748,100.18245531548396,100.69327512950994,100.69327512950994,1000000.0
2019-07-30,TLT,100.69327512950994,101.4663448513705,100.1898087538624,100.9615371655428,100.9615371655428,1000000.0
2019-07-31,TLT,100.9615371655428,101.560481544056,100.45672947971508,101.05520551647365,101.05520551647365,1000000.0
2019-08-01,TLT,101.05520551647365,101.67319887117696,100.54992948889128,101.1673620608726,101.1673620608726,1000000.0
2019-08-02,TLT,101.1673620608726,101.67319887117696,99.43999344784744,99.93969190738436,99.93969190738436,1000000.0
2019-08-05,TLT,99.93969190738436,100.43939036692127,99.07621823874737,99.57408868215816,99.57408868215816,1000000.0
2019-08-06,TLT,99.57408868215816,100.16124655615457,99.07621823874737,99.66293189667122,99.66293189667122,1000000.0
2019-08-07,TLT,99.66293189667122,100.16124655615457,98.54526003096555,99.04046234267895,99.04046234267895,1000000.0
2019-08-08,TLT,99.04046234267895,99.53566465439233,98.17037576489416,98.66369423607453,98.66369423607453,1000000.0
2019-08-09,TLT,98.66369423607453,99.15701270725489,97.52917226311901,98.01926860614975,98.01926860614975,1000000.0
2019-08-12,TLT,98.01926860614975,98.5093649491805,97.26931382825866,97.75810435000871,97.75810435000871,1000000.0
2019-08-13,TLT,97.75810435000871,98.91971010870135,97.26931382825866,98.42757224746404,98.42757224746404,1000000.0
2019-08-14,TLT,98.42757224746404,98.91971010870135,97.61740290199072,98.10794261506605,98.10794261506605,1000000.0
2019-08-15,TLT,98.10794261506605,98.59848232814137,97.4973131808343,97.98724942797416,97.98724942797416,1000000.0
2019-08-16,TLT,97.98724942797416,99.12033833615602,97.4973131808343,98.62720232453337,98.62720232453337,1000000.0
2019-08-19,TLT,98.62720232453337,99.63293796972322,98.1340663129107,99.1372517111674,99.1372517111674,1000000.0
2019-08-20,TLT,99.1372517111674,100.99332978214537,98.64156545261156,100.49087540511978,100.49087540511978,1000000.0
2019-08-21,TLT,100.49087540511978,100.99332978214537,98.33013177682075,98.8242530420309,98.8242530420309,1000000.0
2019-08-22,TLT,98.8242530420309,100.0015277959241,98.33013177682075,99.50400775713842,99.50400775713842,1000000.0
2019-08-23,TLT,99.50400775713842,100.0015277959241,98.62522966197508,99.12083383113074,99.12083383113074,1000000.0
2019-08-26,TLT,99.12083383113074,99.72383600617323,98.62522966197508,99.22769751858034,99.22769751858034,1000000.0
2019-08-27,TLT,99.22769751858034,100.39440521614846,98.73155903098744,99.89493056333181,99.89493056333181,1000000.0
2019-08-28,TLT,99.89493056333181,101.26820638924275,99.39545591051515,100.76438446690823,100.76438446690823,1000000.0
2019-08-29,TLT,100.76438446690823,102.11374219245438,100.26056254457369,101.60571362433272,101.60571362433272,1000000.0
2019-08-30,TLT,101.60571362433272,102.24052903545787,101.09768505621106,101.73186968702277,101.73186968702277,1000000.0
2019-09-02,TLT,101.73186968702277,103.56562466655369,101.22321033858765,103.05037280254099,103.05037280254099,1000000.0
2019-09-03,TLT,103.05037280254099,103.56562466655369,102.30326510156986,102.81735186087424,102.81735186087424,1000000.0
2019-09-04,TLT,102.81735186087424,103.3314386201786,102.18794686471747,102.70145413539444,102.70145413539444,1000000.0
2019-09-05,TLT,102.70145413539444,103.87711634382165,102.18794686471747,103.36031476997181,103.36031476997181,1000000.0
2019-09-06,TLT,103.36031476997181,103.87711634382165,102.39087162220176,102.90539861527814,102.90539861527814,1000000.0
2019-09-09,TLT,102.90539861527814,105.22331463150554,102.39087162220176,104.69981555373687,104.69981555373687,1000000.0
2019-09-10,TLT,104.69981555373687,106.08477623295286,104.17631647596818,105.55699127657002,105.55699127657002,1000000.0
2019-09-11,TLT,105.55699127657002,107.94730083732428,105.02920632018717,107.4102495893774,107.4102495893774,1000000.0
2019-09-12,TLT,107.4102495893774,107.94730083732428,106.8504673873255,107.38740440937235,107.38740440937235,1000000.0
2019-09-13,TLT,107.38740440937235,107.92434143141921,106.52350314310539,107.05879712874913,107.05879712874913,1000000.0
2019-09-16,TLT,107.05879712874913,107.73797425827111,106.52350314310539,107.20196443609066,107.20196443609066,1000000.0
2019-09-17,TLT,107.20196443609066,108.3729725246738,106.6659546139102,107.83380350713811,107.83380350713811,1000000.0
2019-09-18,TLT,107.83380350713811,108.3729725246738,106.79159470176471,107.32823588117056,107.32823588117056,1000000.0
2019-09-19,TLT,107.32823588117056,108.19302706282517,106.79159470176471,107.65475329634346,107.65475329634346,1000000.0
2019-09-20,TLT,107.65475329634346,108.19302706282517,107.1020803761607,107.64028178508613,107.64028178508613,1000000.0
2019-09-23,TLT,107.64028178508613,109.58581481841443,107.1020803761607,109.04061175961637,109.04061175961637,1000000.0
2019-09-24,TLT,109.04061175961637,109.58581481841443,107.9217299246022,108.4640501754796,108.4640501754796,1000000.0
2019-09-25,TLT,108.4640501754796,109.92250516026706,107.9217299246022,109.37562702514137,109.37562702514137,1000000.0
2019-09-26,TLT,109.37562702514137,109.92250516026706,108.2696232245167,108.81369168293136,108.81369168293136,1000000.0
2019-09-27,TLT,108.81369168293136,109.357760141346,107.44075225399307,107.98065553165132,107.98065553165132,1000000.0
2019-09-30,TLT,107.98065553165132,108.52055880930956,106.8319627450597,107.36880677895446,107.36880677895446,1000000.0
2019-10-01,TLT,107.36880677895446,107.90565081284923,105.8195909028069,106.35134764101196,106.35134764101196,1000000.0
2019-10-02,TLT,106.35134764101196,107.00831671088044,105.8195909028069,106.47593702575169,106.47593702575169,1000000.0
2019-10-03,TLT,106.47593702575169,107.89479630441114,105.94355734062293,107.35800627304593,107.35800627304593,1000000.0
2019-10-04,TLT,107.35800627304593,108.03671932702596,106.8212162416807,107.49922321097112,107.49922321097112,1000000.0
2019-10-07,TLT,107.49922321097112,108.57766941268274,106.96172709491627,108.0374820026694,108.0374820026694,1000000.0
2019-10-08,TLT,108.0374820026694,110.00470719627833,107.49729459265606,109.45742009579935,109.45742009579935,1000000.0
2019-10-09,TLT,109.45742009579935,110.24259749251182,108.91013299532035,109.69412685822073,109.69412685822073,1000000.0
2019-10-10,TLT,109.69412685822073,110.41485357397703,109.14565622392962,109.86552594425577,109.86552594425577,1000000.0
2019-10-11,TLT,109.86552594425577,110.41485357397703,109.07591339214478,109.62403355994451,109.62403355994451,1000000.0
2019-10-14,TLT,109.62403355994451,110.17215372774422,107.68153862689148,108.22265188632309,108.22265188632309,1000000.0
2019-10-15,TLT,108.22265188632309,109.42683467756495,107.68153862689148,108.88242256474126,108.88242256474126,1000000.0
2019-10-16,TLT,108.88242256474126,109.42683467756495,106.82632474727201,107.3631404495196,107.3631404495196,1000000.0
2019-10-17,TLT,107.3631404495196,108.46481963170791,106.82632474727201,107.92519366339097,107.92519366339097,1000000.0
2019-10-18,TLT,107.92519366339097,108.46481963170791,107.3732660206849,107.91283017154261,107.91283017154261,1000000.0
2019-10-21,TLT,107.91283017154261,109.43443100527247,107.3732660206849,108.88998109977362,108.88998109977362,1000000.0
2019-10-22,TLT,108.88998109977362,109.43443100527247,108.28680627593182,108.83096108133851,108.83096108133851,1000000.0
2019-10-23,TLT,108.83096108133851,109.37511588674519,107.57601560856442,108.11659860157228,108.11659860157228,1000000.0
2019-10-24,TLT,108.11659860157228,108.96874359346673,107.57601560856442,108.42661054076292,108.42661054076292,1000000.0
2019-10-25,TLT,108.42661054076292,108.96874359346673,107.40203316445148,107.94174187382059,107.94174187382059,1000000.0
2019-10-28,TLT,107.94174187382059,108.48145058318968,107.2466646045211,107.7855925673579,107.7855925673579,1000000.0
2019-10-29,TLT,107.7855925673579,108.36081167129825,107.2466646045211,107.82170315552067,107.82170315552067,1000000.0
2019-10-30,TLT,107.82170315552067,108.36081167129825,107.16717803050003,107.70570656331661,107.70570656331661,1000000.0
2019-10-31,TLT,107.70570656331661,108.24423509613318,107.00543295648427,107.54314869998419,107.54314869998419,1000000.0
2019-11-01,TLT,107.54314869998419,108.0808644434841,106.29519143829737,106.82933812894207,106.82933812894207,1000000.0
2019-11-04,TLT,106.82933812894207,107.36348481958677,106.13448095778253,106.66782005807289,106.66782005807289,1000000.0
2019-11-05,TLT,106.66782005807289,107.20115915836324,104.33430901722602,104.85860202736283,104.85860202736283,1000000.0
2019-11-06,TLT,104.85860202736283,105.38289503749964,104.20307054311584,104.726704063433,104.726704063433,1000000.0
2019-11-07,TLT,104.726704063433,105.25033758375015,103.20911252208292,103.7277512784753,103.7277512784753,1000000.0
2019-11-08,TLT,103.7277512784753,105.18485663854196,103.20911252208292,104.66154889407161,104.66154889407161,1000000.0
2019-11-11,TLT,104.66154889407161,106.25891982955469,104.13824114960126,105.7302684871191,105.7302684871191,1000000.0
2019-11-12,TLT,105.7302684871191,106.25891982955469,103.57235660041029,104.09282070392993,104.09282070392993,1000000.0
2019-11-13,TLT,104.09282070392993,104.73463690939748,103.57235660041029,104.2135690640771,104.2135690640771,1000000.0
2019-11-14,TLT,104.2135690640771,104.73463690939748,103.58773025553229,104.1082716136003,104.1082716136003,1000000.0
2019-11-15,TLT,104.1082716136003,104.62881297166828,102.72393671695494,103.24013740397481,103.24013740397481,1000000.0
2019-11-18,TLT,103.24013740397481,104.19857696078893,102.72393671695494,103.680176080387,103.680176080387,1000000.0
2019-11-19,TLT,103.680176080387,104.19857696078893,102.78144830002547,103.29793798997535,103.29793798997535,1000000.0
2019-11-20,TLT,103.29793798997535,103.81442767992522,101.33826506540538,101.84750257829687,101.84750257829687,1000000.0
2019-11-21,TLT,101.84750257829687,102.35674009118834,101.1222991255905,101.63045138250301,101.63045138250301,1000000.0
2019-11-22,TLT,101.63045138250301,102.13860363941552,101.00243665018357,101.50998658309906,101.50998658309906,1000000.0
2019-11-25,TLT,101.50998658309906,102.10443614834914,101.00243665018357,101.59645387895438,101.59645387895438,1000000.0
2019-11-26,TLT,101.59645387895438,102.10443614834914,100.09765164495893,100.60065491955672,100.60065491955672,1000000.0
2019-11-27,TLT,100.60065491955672,101.60286735108203,100.09765164495893,101.09738044883785,101.09738044883785,1000000.0
2019-11-28,TLT,101.09738044883785,102.20242581136105,100.59189354659367,101.69395603120503,101.69395603120503,1000000.0
2019-11-29,TLT,101.69395603120503,102.20242581136105,100.26219572069293,100.76602584994264,100.76602584994264,1000000.0
2019-12-02,TLT,100.76602584994264,101.26985597919234,99.73511956113235,100.23630106646468,100.23630106646468,1000000.0
2019-12-03,TLT,100.23630106646468,100.73748257179699,99.67104054228312,100.17190004249561,100.17190004249561,1000000.0
2019-12-04,TLT,100.17190004249561,100.67275954270808,99.22080957006922,99.71940660308465,99.71940660308465,1000000.0
2019-12-05,TLT,99.71940660308465,101.62584537398446,99.22080957006922,101.12024415321838,101.12024415321838,1000000.0
2019-12-06,TLT,101.12024415321838,101.7953945916951,100.61464293245228,101.2889498424827,101.2889498424827,1000000.0
2019-12-09,TLT,101.2889498424827,101.7953945916951,99.97099797763244,100.47336480164064,100.47336480164064,1000000.0
2019-12-10,TLT,100.47336480164064,100.97573162564883,99.34267651396131,99.84188594367971,99.84188594367971,1000000.0
2019-12-11,TLT,99.84188594367971,100.3410953733981,99.29701301773679,99.79599298265003,99.79599298265003,1000000.0
2019-12-12,TLT,99.79599298265003,102.15403324257404,99.29701301773679,101.64580422146672,101.64580422146672,1000000.0
2019-12-13,TLT,101.64580422146672,102.15403324257404,100.99344422839572,101.50094897326203,101.50094897326203,1000000.0
2019-12-16,TLT,101.50094897326203,102.11253616063345,100.99344422839572,101.60451359267012,101.60451359267012,1000000.0
2019-12-17,TLT,101.60451359267012,102.53332460315823,101.09649102470676,102.02320856035647,102.02320856035647,1000000.0
2019-12-18,TLT,102.02320856035647,102.53332460315823,101.48051128420263,101.99046360221371,101.99046360221371,1000000.0
2019-12-19,TLT,101.99046360221371,104.38773036569017,101.48051128420263,103.86838842357233,103.86838842357233,1000000.0
2019-12-20,TLT,103.86838842357233,104.38773036569017,102.91051872433556,103.42765700938247,103.42765700938247,1000000.0
2019-12-23,TLT,103.42765700938247,104.56548948324766,102.91051872433556,104.04526316741062,104.04526316741062,1000000.0
2019-12-24,TLT,104.04526316741062,104.69978584782285,103.52503685157357,104.17889139086851,104.17889139086851,1000000.0
2019-12-25,TLT,104.17889139086851,105.2213938763502,103.65799693391418,104.69790435457733,104.69790435457733,1000000.0
2019-12-26,TLT,104.69790435457733,105.2213938763502,103.19840695746825,103.71699191705352,103.71699191705352,1000000.0
2019-12-27,TLT,103.71699191705352,105.72045582640376,103.19840695746825,105.19448340935699,105.19448340935699,1000000.0
2019-12-30,TLT,105.19448340935699,105.72045582640376,104.56679961748584,105.09226092209633,105.09226092209633,1000000.0
2019-12-31,TLT,105.09226092209633,105.64659213907588,104.56679961748584,105.12098720306058,105.12098720306058,1000000.0
2020-01-01,TLT,105.12098720306058,105.64659213907588,103.81594731753445,104.3376354950095,104.3376354950095,1000000.0
2020-01-02,TLT,104.3376354950095,104.85932367248454,103.2116807112829,103.73033237314864,103.73033237314864,1000000.0
2020-01-03,TLT,103.73033237314864,104.72061879520217,103.2116807112829,104.19962069174346,104.19962069174346,1000000.0
2020-01-06,TLT,104.19962069174346,105.55034361054511,103.67862258828474,105.02521752293048,105.02521752293048,1000000.0
2020-01-07,TLT,105.02521752293048,106.1883142289131,104.50009143531582,105.6600141581225,105.6600141581225,1000000.0
2020-01-08,TLT,105.6600141581225,107.22032496740512,105.13171408733189,106.68689051483098,106.68689051483098,1000000.0
2020-01-09,TLT,106.68689051483098,107.83494170821871,106.15345606225682,107.29844946091414,107.29844946091414,1000000.0
2020-01-10,TLT,107.29844946091414,107.85949794490223,106.76195721360958,107.32288352726592,107.32288352726592,1000000.0
2020-01-13,TLT,107.32288352726592,108.58373680638098,106.78626910962959,108.04351921032935,108.04351921032935,1000000.0
2020-01-14,TLT,108.04351921032935,109.10060836575659,107.5033016142777,108.55781926940955,108.55781926940955,1000000.0
2020-01-15,TLT,108.55781926940955,109.10060836575659,107.9281560037191,108.47050854645136,108.47050854645136,1000000.0
2020-01-16,TLT,108.47050854645136,109.64791379668601,107.9281560037191,109.10240178774728,109.10240178774728,1000000.0
2020-01-17,TLT,109.10240178774728,110.78152602851367,108.55688977880854,110.23037415772505,110.23037415772505,1000000.0
2020-01-20,TLT,110.23037415772505,110.98961056393277,109.67922228693642,110.43742344669928,110.43742344669928,1000000.0
2020-01-21,TLT,110.43742344669928,110.98961056393277,109.57254861439138,110.12316443657426,110.12316443657426,1000000.0
2020-01-22,TLT,110.12316443657426,111.31195318569446,109.57254861439138,110.75816237382534,110.75816237382534,1000000.0
2020-01-23,TLT,110.75816237382534,113.0174715803081,110.20437156195622,112.45519560229663,112.45519560229663,1000000.0
2020-01-24,TLT,112.45519560229663,113.0174715803081,111.70459507065563,112.26592469412626,112.26592469412626,1000000.0
2020-01-27,TLT,112.26592469412626,112.82725431759687,111.62213425043502,112.18304949792464,112.18304949792464,1000000.0
2020-01-28,TLT,112.18304949792464,112.74396474541426,111.50040081001954,112.06070433167793,112.06070433167793,1000000.0
2020-01-29,TLT,112.06070433167793,113.72831567184824,111.50040081001954,113.16250315606791,113.16250315606791,1000000.0
2020-01-30,TLT,113.16250315606791,113.72831567184824,110.95389324098593,111.5114504934532,111.5114504934532,1000000.0
2020-01-31,TLT,111.5114504934532,112.39748762431861,110.95389324098593,111.83829614360063,111.83829614360063,1000000.0
2020-02-03,TLT,111.83829614360063,113.47467638071488,111.27910466288263,112.91012575195512,112.91012575195512,1000000.0
2020-02-04,TLT,112.91012575195512,113.47467638071488,111.61690843413245,112.17779742123865,112.17779742123865,1000000.0
2020-02-05,TLT,112.17779742123865,114.08963944523602,111.61690843413245,113.52202929874231,113.52202929874231,1000000.0
2020-02-06,TLT,113.52202929874231,114.57927281168382,112.9544191522486,114.00922667829238,114.00922667829238,1000000.0
2020-02-07,TLT,114.00922667829238,114.57927281168382,112.94201571323626,113.50956353089072,113.50956353089072,1000000.0
2020-02-10,TLT,113.50956353089072,114.2635650048141,112.94201571323626,113.69508955702896,113.69508955702896,1000000.0
2020-02-11,TLT,113.69508955702896,114.2635650048141,111.74636816429368,112.30790770280773,112.30790770280773,1000000.0
2020-02-12,TLT,112.30790770280773,112.86944724132175,111.24190618736455,111.8009107410699,111.8009107410699,1000000.0
2020-02-13,TLT,111.8009107410699,114.01414035483128,111.24190618736455,113.44690582570279,113.44690582570279,1000000.0
2020-02-14,TLT,113.44690582570279,114.01414035483128,112.07541166799727,112.63860469145455,112.63860469145455,1000000.0
2020-02-17,TLT,112.63860469145455,114.88465446577452,112.07541166799727,114.31308902067117,114.31308902067117,1000000.0
2020-02-18,TLT,114.31308902067117,114.88465446577452,113.66732135633198,114.2385139259618,114.2385139259618,1000000.0
2020-02-19,TLT,114.2385139259618,115.72692658512265,113.66732135633198,115.15117073146534,115.15117073146534,1000000.0
2020-02-20,TLT,115.15117073146534,115.7675742620926,114.57541487780802,115.19161618118667,115.19161618118667,1000000.0
2020-02-21,TLT,115.19161618118667,115.7675742620926,112.57870479707594,113.14442693173461,113.14442693173461,1000000.0
2020-02-24,TLT,113.14442693173461,113.71014906639327,112.06413762416847,112.62727399413916,112.62727399413916,1000000.0
2020-02-25,TLT,112.62727399413916,113.36245783841231,112.06413762416847,112.79846551085804,112.79846551085804,1000000.0
2020-02-26,TLT,112.79846551085804,113.36245783841231,111.20580635200947,111.76462949950701,111.76462949950701,1000000.0
2020-02-27,TLT,111.76462949950701,112.32345264700453,110.01352469232664,110.56635647470014,110.56635647470014,1000000.0
2020-02-28,TLT,110.56635647470014,111.4451877280463,110.01352469232664,110.89073405775753,110.89073405775753,1000000.0
2020-03-02,TLT,110.89073405775753,111.4451877280463,109.76453459064395,110.31611516647632,110.31611516647632,1000000.0
2020-03-03,TLT,110.31611516647632,110.8676957423087,108.28545683235487,108.82960485663806,108.82960485663806,1000000.0
2020-03-04,TLT,108.82960485663806,109.37375288092123,107.69443781509142,108.23561589456425,108.23561589456425,1000000.0
2020-03-05,TLT,108.23561589456425,109.528404952902,107.69443781509142,108.98348751532538,108.98348751532538,1000000.0
2020-03-06,TLT,108.98348751532538,109.528404952902,108.02836912176029,108.57122524800029,108.57122524800029,1000000.0
2020-03-09,TLT,108.57122524800029,109.93311480068174,108.02836912176029,109.38618388127537,109.38618388127537,1000000.0
2020-03-10,TLT,109.38618388127537,111.28453676399519,108.839252961869,110.73088235223403,110.73088235223403,1000000.0
2020-03-11,TLT,110.73088235223403,111.31348821955935,110.17722794047286,110.75968977070583,110.75968977070583,1000000.0
2020-03-12,TLT,110.75968977070583,111.31348821955935,109.21439629372188,109.76321235549938,109.76321235549938,1000000.0
2020-03-13,TLT,109.76321235549938,110.31202841727686,108.08309917314988,108.62623032477374,108.62623032477374,1000000.0
2020-03-16,TLT,108.62623032477374,109.1693614763976,108.0604007735089,108.60341786282302,108.60341786282302,1000000.0
2020-03-17,TLT,108.60341786282302,109.91846525172828,108.0604007735089,109.37160721565004,109.37160721565004,1000000.0
2020-03-18,TLT,109.37160721565004,110.1552780015035,108.8247491795718,109.6072417925408,109.6072417925408,1000000.0
2020-03-19,TLT,109.6072417925408,110.63860138166784,109.0592055835781,110.08816057877398,110.08816057877398,1000000.0
2020-03-20,TLT,110.08816057877398,110.63860138166784,109.14990673521794,109.69839872886224,109.69839872886224,1000000.0
2020-03-23,TLT,109.69839872886224,110.51217478507792,109.14990673521794,109.96236297022679,109.96236297022679,1000000.0
2020-03-24,TLT,109.96236297022679,110.51217478507792,109.00079115193299,109.54853382103818,109.54853382103818,1000000.0
2020-03-25,TLT,109.54853382103818,110.09627649014335,108.71722674104798,109.26354446336481,109.26354446336481,1000000.0
2020-03-26,TLT,109.26354446336481,109.80986218568162,107.59910065442321,108.13979965268665,108.13979965268665,1000000.0
2020-03-27,TLT,108.13979965268665,108.68049865095007,106.25422646257616,106.78816729907152,106.78816729907152,1000000.0
2020-03-30,TLT,106.78816729907152,107.32210813556686,105.84533575573676,106.37722186506207,106.37722186506207,1000000.0
2020-03-31,TLT,106.37722186506207,106.90910797438737,104.9116048711497,105.4387988654771,105.4387988654771,1000000.0
2020-04-01,TLT,105.4387988654771,105.96599285980447,104.11001446901466,104.633180370869,104.633180370869,1000000.0
2020-04-02,TLT,104.633180370869,105.72238345963594,104.11001446901466,105.19640145237408,105.19640145237408,1000000.0
2020-04-03,TLT,105.19640145237408,105.72238345963594,104.58079220034358,105.10632381944079,105.10632381944079,1000000.0
2020-04-06,TLT,105.10632381944079,108.12338127095289,104.58079220034358,107.58545400094816,107.58545400094816,1000000.0
2020-04-07,TLT,107.58545400094816,108.92763153293062,107.04752673094342,108.38570301784142,108.38570301784142,1000000.0
2020-04-08,TLT,108.38570301784142,108.92763153293062,107.29887302824662,107.83806334497147,107.83806334497147,1000000.0
2020-04-09,TLT,107.83806334497147,109.05390362438278,107.29887302824662,108.51134688993314,108.51134688993314,1000000.0
2020-04-10,TLT,108.51134688993314,109.36563517530602,107.96879015548348,108.82152753761795,108.82152753761795,1000000.0
2020-04-13,TLT,108.82152753761795,109.36563517530602,107.68509574174733,108.22622687612797,108.22622687612797,1000000.0
2020-04-14,TLT,108.22622687612797,109.7310125772623,107.68509574174733,109.18508714155455,109.18508714155455,1000000.0
2020-04-15,TLT,109.18508714155455,109.7310125772623,107.96739880748284,108.50994855023401,108.50994855023401,1000000.0
2020-04-16,TLT,108.50994855023401,109.05249829298518,105.35780971552047,105.8872459452467,105.8872459452467,1000000.0
2020-04-17,TLT,105.8872459452467,107.09484782094813,105.35780971552047,106.56203763278423,106.56203763278423,1000000.0
2020-04-20,TLT,106.56203763278423,107.09484782094813,105.50693799778954,106.03712361586888,106.03712361586888,1000000.0
2020-04-21,TLT,106.03712361586888,107.84177396916196,105.50693799778954,107.30524773050942,107.30524773050942,1000000.0
2020-04-22,TLT,107.30524773050942,107.84177396916196,106.21524368715606,106.7489886303076,106.7489886303076,1000000.0
2020-04-23,TLT,106.7489886303076,107.28273357345913,105.21614962601345,105.74487399599342,105.74487399599342,1000000.0
2020-04-24,TLT,105.74487399599342,107.5982709907082,105.21614962601345,107.06295620965992,107.06295620965992,1000000.0
2020-04-27,TLT,107.06295620965992,107.5982709907082,105.61501079006376,106.14573948750127,106.14573948750127,1000000.0
2020-04-28,TLT,106.14573948750127,106.8501880459902,105.61501079006376,106.31859507063702,106.31859507063702,1000000.0
2020-04-29,TLT,106.31859507063702,108.09663107179932,105.78700209528382,107.55883688736252,107.55883688736252,1000000.0
2020-04-30,TLT,107.55883688736252,108.19569064982248,107.0210427029257,107.65740363166417,107.65740363166417,1000000.0
2020-05-01,TLT,107.65740363166417,108.19569064982248,107.05008138915792,107.58802149664113,107.58802149664113,1000000.0
2020-05-04,TLT,107.58802149664113,108.21459497284019,107.05008138915792,107.67621390332359,107.67621390332359,1000000.0
2020-05-05,TLT,107.67621390332359,108.9434211424379,107.13783283380697,108.40141407207753,108.40141407207753,1000000.0
2020-05-06,TLT,108.40141407207753,108.9434211424379,107.16547066711456,107.70399062021563,107.70399062021563,1000000.0
2020-05-07,TLT,107.70399062021563,108.77258277301226,107.16547066711456,108.23142564478833,108.23142564478833,1000000.0
2020-05-08,TLT,108.23142564478833,109.27590356373501,107.69026851656439,108.73224235197515,108.73224235197515,1000000.0
2020-05-11,TLT,108.73224235197515,111.3343243517913,108.18858114021526,110.78042224058836,110.78042224058836,1000000.0
2020-05-12,TLT,110.78042224058836,111.3343243517913,109.93016692526837,110.48257982439031,110.48257982439031,1000000.0
2020-05-13,TLT,110.48257982439031,111.03499272351225,109.12856462907084,109.67694937595058,109.67694937595058,1000000.0
2020-05-14,TLT,109.67694937595058,110.87597770822636,109.12856462907084,110.32435592858346,110.32435592858346,1000000.0
2020-05-15,TLT,110.32435592858346,110.87597770822636,109.42451134126179,109.97438325754953,109.97438325754953,1000000.0
2020-05-18,TLT,109.97438325754953,110.78018582608456,109.42451134126179,110.22904062296972,110.22904062296972,1000000.0
2020-05-19,TLT,110.22904062296972,110.89774297075094,109.67789541985488,110.34601290621985,110.34601290621985,1000000.0
2020-05-20,TLT,110.34601290621985,111.93918065197805,109.79428284168876,111.3822693054508,111.3822693054508,1000000.0
2020-05-21,TLT,111.3822693054508,111.93918065197805,110.2445313348765,110.79852395464975,110.79852395464975,1000000.0
2020-05-22,TLT,110.79852395464975,111.35251657442299,110.16317486143336,110.7167586547069,110.7167586547069,1000000.0
2020-05-25,TLT,110.7167586547069,111.27034244798041,107.9367894886876,108.47918541576642,108.47918541576642,1000000.0
2020-05-26,TLT,108.47918541576642,109.02158134284524,107.17091131027941,107.70945860329589,107.70945860329589,1000000.0
2020-05-27,TLT,107.70945860329589,109.58666045440309,107.17091131027941,109.04145318846079,109.04145318846079,1000000.0
2020-05-28,TLT,109.04145318846079,109.58666045440309,107.90632884518882,108.44857170370736,108.44857170370736,1000000.0
2020-05-29,TLT,108.44857170370736,108.99081456222588,107.30247448375985,107.84168289825111,107.84168289825111,1000000.0
2020-06-01,TLT,107.84168289825111,108.38089131274235,106.26207551720779,106.79605579618874,106.79605579618874,1000000.0
2020-06-02,TLT,106.79605579618874,107.82906167080705,106.26207551720779,107.29259867741996,107.29259867741996,1000000.0
2020-06-03,TLT,107.29259867741996,107.98271113564351,106.75613568403286,107.44548371705824,107.44548371705824,1000000.0
2020-06-04,TLT,107.44548371705824,107.98271113564351,105.89797324306889,106.4301238623808,106.4301238623808,1000000.0
2020-06-05,TLT,106.4301238623808,107.5349381001907,105.89797324306889,106.99993840814996,106.99993840814996,1000000.0
2020-06-08,TLT,106.99993840814996,107.75893482833828,106.4649387161092,107.22282072471472,107.22282072471472,1000000.0
2020-06-09,TLT,107.22282072471472,108.41093002616992,106.68670662109115,107.87157216534322,107.87157216534322,1000000.0
2020-06-10,TLT,107.87157216534322,108.41093002616992,106.78281389810175,107.31941095286608,107.31941095286608,1000000.0
2020-06-11,TLT,107.31941095286608,109.36611951947833,106.78281389810175,108.82200947211776,108.82200947211776,1000000.0
2020-06-12,TLT,108.82200947211776,109.7253131215666,108.27789942475717,109.17941604135981,109.17941604135981,1000000.0
2020-06-15,TLT,109.17941604135981,109.7253131215666,108.53198148674707,109.07736832838901,109.07736832838901,1000000.0
2020-06-16,TLT,109.07736832838901,109.62275517003094,108.08243419317026,108.62556200318619,108.62556200318619,1000000.0
2020-06-17,TLT,108.62556200318619,109.1686898132021,107.87094906385832,108.41301413453097,108.41301413453097,1000000.0
2020-06-18,TLT,108.41301413453097,109.70621452473674,107.87094906385832,109.16041246242463,109.16041246242463,1000000.0
2020-06-19,TLT,109.16041246242463,109.70621452473674,108.38115196058162,108.92578086490614,108.92578086490614,1000000.0
2020-06-22,TLT,108.92578086490614,110.41869224334178,108.38115196058162,109.86934551576297,109.86934551576297,1000000.0
2020-06-23,TLT,109.86934551576297,110.93282552728544,109.31999878818415,110.38092092267209,110.38092092267209,1000000.0
2020-06-24,TLT,110.38092092267209,112.13424886645929,109.82901631805873,111.57636703130278,111.57636703130278,1000000.0
2020-06-25,TLT,111.57636703130278,112.86694396648026,111.01848519614627,112.30541688206992,112.30541688206992,1000000.0
2020-06-26,TLT,112.30541688206992,112.86694396648026,111.68763933276894,112.24888375152658,112.24888375152658,1000000.0
2020-06-29,TLT,112.24888375152658,112.8101281702842,109.9946051946801,110.5473419042011,110.5473419042011,1000000.0
2020-06-30,TLT,110.5473419042011,111.36576551229068,109.9946051946801,110.81170697740367,110.81170697740367,1000000.0
2020-07-01,TLT,110.81170697740367,112.07099754878224,110.25764844251665,111.51343039679827,111.51343039679827,1000000.0
2020-07-02,TLT,111.51343039679827,112.2171367516385,110.95586324481428,111.6588425389438,111.6588425389438,1000000.0
2020-07-03,TLT,111.6588425389438,112.71777961160988,111.10054832624908,112.15699463841781,112.15699463841781,1000000.0
2020-07-06,TLT,112.15699463841781,112.71777961160988,111.17595484366755,111.73462798358548,111.73462798358548,1000000.0
2020-07-07,TLT,111.73462798358548,112.2933011235034,110.83806966770854,111.39504489216938,111.39504489216938,1000000.0
2020-07-08,TLT,111.39504489216938,111.95202011663021,110.00559102574651,110.55838294044875,110.55838294044875,1000000.0
2020-07-09,TLT,110.55838294044875,112.32837245244761,110.00559102574651,111.76952482830609,111.76952482830609,1000000.0
2020-07-10,TLT,111.76952482830609,112.47080003091723,111.21067720416455,111.91124381185796,111.91124381185796,1000000.0
2020-07-13,TLT,111.91124381185796,112.47080003091723,110.9138374465578,111.47119341362594,111.47119341362594,1000000.0
2020-07-14,TLT,111.47119341362594,112.02854938069406,109.73834392328149,110.2897928877201,110.2897928877201,1000000.0
2020-07-15,TLT,110.2897928877201,110.84124185215869,109.60383693090284,110.15460998080688,110.15460998080688,1000000.0
2020-07-16,TLT,110.15460998080688,111.99044053262045,109.60383693090284,111.43327416181141,111.43327416181141,1000000.0
2020-07-17,TLT,111.43327416181141,112.4050526033515,110.87610779100235,111.84582348592191,111.84582348592191,1000000.0
2020-07-20,TLT,111.84582348592191,112.4050526033515,110.64342382559991,111.19942093025116,111.19942093025116,1000000.0
2020-07-21,TLT,111.19942093025116,113.04078417903789,110.64342382559991,112.47839221794816,112.47839221794816,1000000.0
2020-07-22,TLT,112.47839221794816,114.34003326085143,111.91600025685841,113.77117737398153,113.77117737398153,1000000.0
2020-07-23,TLT,113.77117737398153,115.24069788212593,113.20232148711162,114.66736107674222,114.66736107674222,1000000.0
2020-07-24,TLT,114.66736107674222,115.97022777427348,114.0940242713585,115.3932614669388,115.3932614669388,1000000.0
2020-07-27,TLT,115.3932614669388,117.04736890353674,114.8162951596041,116.4650436851112,116.4650436851112,1000000.0
2020-07-28,TLT,116.4650436851112,117.55717225829159,115.88271846668565,116.97231070476776,116.97231070476776,1000000.0
2020-07-29,TLT,116.97231070476776,118.28829162554646,116.38744915124393,117.6997926622353,117.6997926622353,1000000.0
2020-07-30,TLT,117.6997926622353,118.28829162554646,116.38277091836274,116.96760896317863,116.96760896317863,1000000.0
2020-07-31,TLT,116.96760896317863,118.97115324223125,116.38277091836274,118.37925695744404,118.37925695744404,1000000.0
2020-08-03,TLT,118.37925695744404,119.19138702472203,117.78736067265682,118.59839504947468,118.59839504947468,1000000.0
2020-08-04,TLT,118.59839504947468,121.13724875115847,118.0054030742273,120.53457587179948,120.53457587179948,1000000.0
2020-08-05,TLT,120.53457587179948,121.13724875115847,117.98837738239348,118.58128380140049,118.58128380140049,1000000.0
2020-08-06,TLT,118.58128380140049,119.84862368099394,117.98837738239348,119.25236187163577,119.25236187163577,1000000.0
2020-08-07,TLT,119.25236187163577,120.79334216557072,118.65610006227759,120.19238026424948,120.19238026424948,1000000.0
2020-08-10,TLT,120.19238026424948,120.79334216557072,119.26377362991417,119.86308907529062,119.86308907529062,1000000.0
2020-08-11,TLT,119.86308907529062,120.89921480660372,119.26377362991417,120.29772617572512,120.29772617572512,1000000.0
2020-08-12,TLT,120.29772617572512,121.62516221272257,119.6962375448465,121.02006190320655,121.02006190320655,1000000.0
2020-08-13,TLT,121.02006190320655,122.18825464894289,120.41496159369052,121.5803528845203,121.5803528845203,1000000.0
2020-08-14,TLT,121.5803528845203,122.18825464894289,120.45130566959926,121.05658861266258,121.05658861266258,1000000.0
2020-08-17,TLT,121.05658861266258,121.66187155572588,120.31461051760327,120.91920655035504,120.91920655035504,1000000.0
2020-08-18,TLT,120.91920655035504,122.51855223835351,120.31461051760327,121.90900720234181,121.90900720234181,1000000.0
2020-08-19,TLT,121.90900720234181,123.77693397322308,121.2994621663301,123.16112833156527,123.16112833156527,1000000.0
2020-08-20,TLT,123.16112833156527,123.87498118760476,122.54532268990744,123.25868774886047,123.25868774886047,1000000.0
2020-08-21,TLT,123.25868774886047,123.95134388995643,122.64239431011616,123.3346705372701,123.3346705372701,1000000.0
2020-08-24,TLT,123.3346705372701,124.15031776137651,122.71799718458375,123.53265448893187,123.53265448893187,1000000.0
2020-08-25,TLT,123.53265448893187,125.18521906687083,122.91499121648721,124.56240703171228,124.56240703171228,1000000.0
2020-08-26,TLT,124.56240703171228,125.18521906687083,122.89889211988273,123.51647449234446,123.51647449234446,1000000.0
2020-08-27,TLT,123.51647449234446,124.13405686480617,121.59908871397536,122.21013941103051,122.21013941103051,1000000.0
2020-08-28,TLT,122.21013941103051,122.94339896433657,121.59908871397536,122.33174026302147,122.33174026302147,1000000.0
2020-08-31,TLT,122.33174026302147,122.94339896433657,120.64734245843965,121.25361051099462,121.25361051099462,1000000.0
2020-09-01,TLT,121.25361051099462,121.85987856354959,120.08200557350912,120.6854327371951,120.6854327371951,1000000.0
2020-09-02,TLT,120.6854327371951,121.37262250467757,120.08200557350912,120.76877861161948,120.76877861161948,1000000.0
2020-09-03,TLT,120.76877861161948,121.84203099969326,120.16493471856138,121.23585174098834,121.23585174098834,1000000.0
2020-09-04,TLT,121.23585174098834,121.84203099969326,119.59948791133041,120.20049036314614,120.20049036314614,1000000.0
2020-09-07,TLT,120.20049036314614,121.57866316443831,119.59948791133041,120.97379419347097,120.97379419347097,1000000.0
2020-09-08,TLT,120.97379419347097,121.57866316443831,118.67298515160411,119.26933181065739,119.26933181065739,1000000.0
2020-09-09,TLT,119.26933181065739,120.3898344888881,118.67298515160411,119.79088008844589,119.79088008844589,1000000.0
2020-09-10,TLT,119.79088008844589,120.3898344888881,117.69695708764691,118.28839908306222,118.28839908306222,1000000.0
2020-09-11,TLT,118.28839908306222,118.87984107847751,116.50262135727219,117.0880616656002,117.0880616656002,1000000.0
2020-09-14,TLT,117.0880616656002,118.27963776336256,116.50262135727219,117.69118185409211,117.69118185409211,1000000.0
2020-09-15,TLT,117.69118185409211,118.27963776336256,116.72265507255179,117.3092010779415,117.3092010779415,1000000.0
2020-09-16,TLT,117.3092010779415,117.89574708333119,115.98213666023952,116.5649614675774,116.5649614675774,1000000.0
2020-09-17,TLT,116.5649614675774,117.14778627491528,115.57018073753055,116.15093541460357,116.15093541460357,1000000.0
2020-09-18,TLT,116.15093541460357,117.16677122280689,115.57018073753055,116.58385196299194,116.58385196299194,1000000.0
2020-09-21,TLT,116.58385196299194,117.16677122280689,115.95078771457617,116.53345498952379,116.53345498952379,1000000.0
2020-09-22,TLT,116.53345498952379,117.1161222644714,115.92353527003448,116.5060655980246,116.5060655980246,1000000.0
2020-09-23,TLT,116.5060655980246,118.08079453121007,115.92353527003448,117.49332789175133,117.49332789175133,1000000.0
2020-09-24,TLT,117.49332789175133,118.08079453121007,116.23777544906379,116.82188487343095,116.82188487343095,1000000.0
2020-09-25,TLT,116.82188487343095,117.40599429779809,115.79975067628271,116.3816589711384,116.3816589711384,1000000.0
2020-09-28,TLT,116.3816589711384,116.96356726599409,115.31678255704387,115.89626387642599,115.89626387642599,1000000.0
2020-09-29,TLT,115.89626387642599,117.57006254628314,115.31678255704387,116.98513686197329,116.98513686197329,1000000.0
2020-09-30,TLT,116.98513686197329,118.50624719562279,116.40021117766342,117.9166638762416,117.9166638762416,1000000.0
2020-10-01,TLT,117.9166638762416,119.73276374059253,117.3270805568604,119.1370783488483,119.1370783488483,1000000.0
2020-10-02,TLT,119.1370783488483,119.73276374059253,118.50939052594796,119.10491510145525,119.10491510145525,1000000.0
2020-10-05,TLT,119.10491510145525,119.70043967696252,118.36082312960673,118.95560113528315,118.95560113528315,1000000.0
2020-10-06,TLT,118.95560113528315,120.36876222680415,118.36082312960673,119.76991266348674,119.76991266348674,1000000.0
2020-10-07,TLT,119.76991266348674,120.36876222680415,118.7956360294454,119.39259902456824,119.39259902456824,1000000.0
2020-10-08,TLT,119.39259902456824,120.78958763322996,118.7956360294454,120.1886444111741,120.1886444111741,1000000.0
2020-10-09,TLT,120.1886444111741,121.49151545658178,119.58770118911822,120.88708005630029,120.88708005630029,1000000.0
2020-10-12,TLT,120.88708005630029,121.49151545658178,119.61255384522038,120.21362195499535,120.21362195499535,1000000.0
2020-10-13,TLT,120.21362195499535,120.8146900647703,119.53297131669365,120.13363951426497,120.13363951426497,1000000.0
2020-10-14,TLT,120.13363951426497,120.73430771183628,119.41899029093501,120.01908571953268,120.01908571953268,1000000.0
2020-10-15,TLT,120.01908571953268,122.30342440599405,119.41899029093501,121.69494965770554,121.69494965770554,1000000.0
2020-10-16,TLT,121.69494965770554,124.86181290909437,121.086474909417,124.2406098597954,124.2406098597954,1000000.0
2020-10-19,TLT,124.2406098597954,124.86181290909437,123.52062272259688,124.14132936944411,124.14132936944411,1000000.0
2020-10-20,TLT,124.14132936944411,124.776074709888,123.52062272259688,124.15529821879403,124.15529821879403,1000000.0
2020-10-21,TLT,124.15529821879403,124.776074709888,121.30013992915445,121.90968837100951,121.90968837100951,1000000.0
2020-10-22,TLT,121.90968837100951,122.7267465506869,121.30013992915445,122.11616572207653,122.11616572207653,1000000.0
2020-10-23,TLT,122.11616572207653,122.7267465506869,121.49874872245543,122.10929519844767,122.10929519844767,1000000.0
2020-10-26,TLT,122.10929519844767,122.71984167443989,120.46041753882854,121.06574627017943,121.06574627017943,1000000.0
2020-10-27,TLT,121.06574627017943,122.43815569186452,120.46041753882854,121.82901063867118,121.82901063867118,1000000.0
2020-10-28,TLT,121.82901063867118,122.43815569186452,119.71093205633822,120.31249452898314,120.31249452898314,1000000.0
2020-10-29,TLT,120.31249452898314,120.91405700162804,119.50534681241975,120.10587619338668,120.10587619338668,1000000.0
2020-10-30,TLT,120.10587619338668,120.8405672828603,119.50534681241975,120.23937043070678,120.23937043070678,1000000.0
2020-11-02,TLT,120.23937043070678,120.8405672828603,118.44870150150987,119.0439211070451,119.0439211070451,1000000.0
2020-11-03,TLT,119.0439211070451,120.46195505549026,118.44870150150987,119.86264184625898,119.86264184625898,1000000.0
2020-11-04,TLT,119.86264184625898,121.48350246642927,119.26332863702768,120.87910693177044,120.87910693177044,1000000.0
2020-11-05,TLT,120.87910693177044,121.48350246642927,118.94807117990628,119.54580018081033,119.54580018081033,1000000.0
2020-11-06,TLT,119.54580018081033,120.14352918171437,117.61590964879656,118.20694437064981,118.20694437064981,1000000.0
2020-11-09,TLT,118.20694437064981,119.3717378656746,117.61590964879656,118.7778486225618,118.7778486225618,1000000.0
2020-11-10,TLT,118.7778486225618,119.3717378656746,118.15512884369213,118.74887320974084,118.74887320974084,1000000.0
2020-11-11,TLT,118.74887320974084,119.34261757578953,117.01559156614356,117.60360961421463,117.60360961421463,1000000.0
2020-11-12,TLT,117.60360961421463,118.1916276622857,116.73954862913526,117.32617952676911,117.32617952676911,1000000.0
2020-11-13,TLT,117.32617952676911,117.91281042440295,116.63918021030605,117.22530674402618,117.22530674402618,1000000.0
2020-11-16,TLT,117.22530674402618,117.8114332777463,116.5057849959259,117.09124120193557,117.09124120193557,1000000.0
2020-11-17,TLT,117.09124120193557,118.45829064239982,116.5057849959259,117.86894591283566,117.86894591283566,1000000.0
2020-11-18,TLT,117.86894591283566,118.82294249332517,117.27960118327148,118.23178357544795,118.23178357544795,1000000.0
2020-11-19,TLT,118.23178357544795,120.5169271530522,117.64062465757071,119.91734045079822,119.91734045079822,1000000.0
2020-11-20,TLT,119.91734045079822,121.84930804374204,119.31775374854423,121.24309258083787,121.24309258083787,1000000.0
2020-11-23,TLT,121.24309258083787,122.5124786685487,120.63687711793368,121.9029638493022,121.9029638493022,1000000.0
2020-11-24,TLT,121.9029638493022,123.57268512614988,121.29344903005568,122.95789564791033,122.95789564791033,1000000.0
2020-11-25,TLT,122.95789564791033,124.88834321613209,122.34310616967078,124.26700817525582,124.26700817525582,1000000.0
2020-11-26,TLT,124.26700817525582,125.59570310933385,123.64567313437955,124.97084886500882,124.97084886500882,1000000.0
2020-11-27,TLT,124.97084886500882,125.59570310933385,123.13262431794683,123.75138122406717,123.75138122406717,1000000.0
2020-11-30,TLT,123.75138122406717,125.22817103174165,123.13262431794683,124.60514530521559,124.60514530521559,1000000.0
2020-12-01,TLT,124.60514530521559,125.30059647830737,123.9821195786895,124.6772104261765,124.6772104261765,1000000.0
2020-12-02,TLT,124.6772104261765,126.93385326240468,124.05382437404562,126.30234155463154,126.30234155463154,1000000.0
2020-12-03,TLT,126.30234155463154,127.0288090711395,125.67082984685838,126.39682494640748,126.39682494640748,1000000.0
2020-12-04,TLT,126.39682494640748,127.5644648410794,125.76484082167543,126.92981576226808,126.92981576226808,1000000.0
2020-12-07,TLT,126.92981576226808,127.90131150395307,126.29516668345674,127.2649865710976,127.2649865710976,1000000.0
2020-12-08,TLT,127.2649865710976,129.6331796157998,126.62866163824211,128.98823842368142,128.98823842368142,1000000.0
2020-12-09,TLT,128.98823842368142,129.8170595643223,128.343297231563,129.17120354658937,129.17120354658937,1000000.0
2020-12-10,TLT,129.17120354658937,129.8170595643223,128.2485044412048,128.892969287643,128.892969287643,1000000.0
2020-12-11,TLT,128.892969287643,129.8581421527588,128.2485044412048,129.2120817440386,129.2120817440386,1000000.0
2020-12-14,TLT,129.2120817440386,129.8581421527588,128.11476848319484,128.75856128964304,128.75856128964304,1000000.0
2020-12-15,TLT,128.75856128964304,129.5702089386132,128.11476848319484,128.92558103344598,128.92558103344598,1000000.0
2020-12-16,TLT,128.92558103344598,129.5702089386132,128.27328520381687,128.91787457670037,128.91787457670037,1000000.0
2020-12-17,TLT,128.91787457670037,129.84430676896497,128.27328520381687,129.19831519299998,129.19831519299998,1000000.0
2020-12-18,TLT,129.19831519299998,131.85757525958633,128.55232361703497,131.20156742247397,131.20156742247397,1000000.0
2020-12-21,TLT,131.20156742247397,131.85757525958633,130.1225575679252,130.776439766759,130.776439766759,1000000.0
2020-12-22,TLT,130.776439766759,131.46920292002352,130.1225575679252,130.8151272836055,130.8151272836055,1000000.0
2020-12-23,TLT,130.8151272836055,131.46920292002352,129.95348887427298,130.6065214816814,130.6065214816814,1000000.0
2020-12-24,TLT,130.6065214816814,131.9677512734156,129.95348887427298,131.31119529693095,131.31119529693095,1000000.0
2020-12-25,TLT,131.31119529693095,131.9677512734156,129.4254324115971,130.0758114689418,130.0758114689418,1000000.0
2020-12-28,TLT,130.0758114689418,130.7261905262865,128.71016169359217,129.35694642572076,129.35694642572076,1000000.0
2020-12-29,TLT,129.35694642572076,130.00373115784936,128.6695064112794,129.31608684550693,129.31608684550693,1000000.0
2020-12-30,TLT,129.31608684550693,130.53174021711106,128.6695064112794,129.8823285742399,129.8823285742399,1000000.0
2020-12-31,TLT,129.8823285742399,130.53174021711106,129.18507734158035,129.83424858450286,129.83424858450286,1000000.0
2021-01-01,TLT,129.83424858450286,130.48341982742537,128.66907446167508,129.3156527253016,129.3156527253016,1000000.0
2021-01-04,TLT,129.3156527253016,129.96223098892807,127.77989006452005,128.42200006484427,128.42200006484427,1000000.0
2021-01-05,TLT,128.42200006484427,129.5935843517129,127.77989006452005,128.94884015095812,128.94884015095812,1000000.0
2021-01-06,TLT,128.94884015095812,131.09744058672584,128.30409595020333,130.44521451415508,130.44521451415508,1000000.0
2021-01-07,TLT,130.44521451415508,131.4365035038123,129.7929884415843,130.78259055105704,130.78259055105704,1000000.0
2021-01-08,TLT,130.78259055105704,131.6344749271006,130.12867759830175,130.97957704189116,130.97957704189116,1000000.0
2021-01-11,TLT,130.97957704189116,132.1027377528599,130.3246791566817,131.44551020185065,131.44551020185065,1000000.0
2021-01-12,TLT,131.44551020185065,132.1027377528599,129.80568863915917,130.45797853181827,130.45797853181827,1000000.0
2021-01-13,TLT,130.45797853181827,131.11026842447734,129.48243442193285,130.13309992154055,130.13309992154055,1000000.0
2021-01-14,TLT,130.13309992154055,130.78376542114825,129.20519752232994,129.8544698716884,129.8544698716884,1000000.0
2021-01-15,TLT,129.8544698716884,130.81234639871622,129.20519752232994,130.16153870519028,130.16153870519028,1000000.0
2021-01-18,TLT,130.16153870519028,130.81234639871622,129.47755389712023,130.12819487147763,130.12819487147763,1000000.0
2021-01-19,TLT,130.12819487147763,130.778835845835,128.22369255347917,128.8680327170645,128.8680327170645,1000000.0
2021-01-20,TLT,128.8680327170645,130.68348472840376,128.22369255347917,130.03331813771518,130.03331813771518,1000000.0
2021-01-21,TLT,130.03331813771518,132.4648755443183,129.3831515470266,131.80584631275454,131.80584631275454,1000000.0
2021-01-22,TLT,131.80584631275454,132.4648755443183,130.87096788384773,131.52861093854042,131.52861093854042,1000000.0
2021-01-25,TLT,131.52861093854042,132.60869785109958,130.87096788384773,131.94895308567123,131.94895308567123,1000000.0
2021-01-26,TLT,131.94895308567123,132.89242454260494,131.2892083202429,132.23126820159698,132.23126820159698,1000000.0
2021-01-27,TLT,132.23126820159698,133.72925512009823,131.57011186058898,133.06393544288383,133.06393544288383,1000000.0
2021-01-28,TLT,133.06393544288383,133.72925512009823,130.84048686339682,131.49797674713247,131.49797674713247,1000000.0
2021-01-29,TLT,131.49797674713247,133.87186148191816,130.84048686339682,133.2058323203166,133.2058323203166,1000000.0
2021-02-01,TLT,133.2058323203166,133.87186148191816,132.04465790911254,132.7081989036307,132.7081989036307,1000000.0
2021-02-02,TLT,132.7081989036307,134.72748051441096,132.04465790911254,134.05719454170247,134.05719454170247,1000000.0
2021-02-03,TLT,134.05719454170247,134.81445753797246,133.38690856899396,134.1437388437537,134.1437388437537,1000000.0
2021-02-04,TLT,134.1437388437537,134.81445753797246,133.05770630100216,133.72633799095695,133.72633799095695,1000000.0
2021-02-05,TLT,133.72633799095695,134.39496968091171,132.90828375228057,133.57616457515635,133.57616457515635,1000000.0
2021-02-08,TLT,133.57616457515635,135.21103247076925,132.90828375228057,134.5383407669346,134.5383407669346,1000000.0
2021-02-09,TLT,134.5383407669346,135.21103247076925,132.9443299813232,133.61239194102833,133.61239194102833,1000000.0
2021-02-10,TLT,133.61239194102833,134.28045390073345,132.54590598868944,133.21196581777832,133.21196581777832,1000000.0
2021-02-11,TLT,133.21196581777832,133.8780256468672,132.03560273700253,132.69909822814324,132.69909822814324,1000000.0
2021-02-12,TLT,132.69909822814324,133.36259371928395,130.23597753537518,130.89042968379417,130.89042968379417,1000000.0
2021-02-15,TLT,130.89042968379417,132.92053954811107,130.23597753537518,132.2592433314538,132.2592433314538,1000000.0
2021-02-16,TLT,132.2592433314538,133.53753686447746,131.59794711479654,132.8731710094303,132.8731710094303,1000000.0
2021-02-17,TLT,132.8731710094303,133.53753686447746,132.1862628081952,132.85051538512081,132.85051538512081,1000000.0
2021-02-18,TLT,132.85051538512081,134.7635006079331,132.1862628081952,134.09303543077922,134.09303543077922,1000000.0
2021-02-19,TLT,134.09303543077922,134.7635006079331,132.40559125890923,133.07094598885348,133.07094598885348,1000000.0
2021-02-22,TLT,133.07094598885348,133.73630071879774,132.32781278374523,132.99277666708065,132.99277666708065,1000000.0
2021-02-23,TLT,132.99277666708065,135.51543973022532,132.32781278374523,134.84123356241327,134.84123356241327,1000000.0
2021-02-24,TLT,134.84123356241327,136.5816919570967,134.1670273946012,135.90218105183752,135.90218105183752,1000000.0
2021-02-25,TLT,135.90218105183752,136.5816919570967,132.83652340822422,133.504043626356,133.504043626356,1000000.0
2021-02-26,TLT,133.504043626356,134.17156384448776,129.34232535445406,129.99228678839603,129.99228678839603,1000000.0
2021-03-01,TLT,129.99228678839603,130.642248222338,128.27281251301704,128.9173995105699,128.9173995105699,1000000.0
2021-03-02,TLT,128.9173995105699,130.66668525528718,128.27281251301704,130.01660224406686,130.01660224406686,1000000.0
2021-03-03,TLT,130.01660224406686,130.66668525528718,128.8784927403583,129.52612335714403,129.52612335714403,1000000.0
2021-03-04,TLT,129.52612335714403,130.17375397392973,128.65418794625643,129.3006914032728,129.3006914032728,1000000.0
2021-03-05,TLT,129.3006914032728,130.58108125034173,128.65418794625643,129.93142412969328,129.93142412969328,1000000.0
2021-03-08,TLT,129.93142412969328,130.58108125034173,128.3694769226019,129.01454967095668,129.01454967095668,1000000.0
2021-03-09,TLT,129.01454967095668,129.8806238916035,128.3694769226019,129.23445163343635,129.23445163343635,1000000.0
2021-03-10,TLT,129.23445163343635,130.70626277120152,128.58827937526917,130.05598285691696,130.05598285691696,1000000.0
2021-03-11,TLT,130.05598285691696,131.195508560562,129.40570294263236,130.5427945876239,130.5427945876239,1000000.0
2021-03-12,TLT,130.5427945876239,131.6117375605503,129.89008061468576,130.95695279656746,130.95695279656746,1000000.0
2021-03-15,TLT,130.95695279656746,131.6117375605503,129.67609363322745,130.32773229470095,130.32773229470095,1000000.0
2021-03-16,TLT,130.32773229470095,131.51936910498537,129.67609363322745,130.8650438855576,130.8650438855576,1000000.0
2021-03-17,TLT,130.8650438855576,131.51936910498537,129.76602360681682,130.41811417770535,130.41811417770535,1000000.0
2021-03-18,TLT,130.41811417770535,132.44568930586468,129.76602360681682,131.78675552822358,131.78675552822358,1000000.0
2021-03-19,TLT,131.78675552822358,135.1970591165696,131.12782175058246,134.52443693191006,134.52443693191006,1000000.0
2021-03-22,TLT,134.52443693191006,135.1970591165696,133.06185308220472,133.730505610256,133.730505610256,1000000.0
2021-03-23,TLT,133.730505610256,134.39915813830726,130.7671243185512,131.4242455462826,131.4242455462826,1000000.0
2021-03-24,TLT,131.4242455462826,132.08136677401401,130.32281244494055,130.977700949689,130.977700949689,1000000.0
2021-03-25,TLT,130.977700949689,132.03002902445624,130.32281244494055,131.37316320841418,131.37316320841418,1000000.0
2021-03-26,TLT,131.37316320841418,133.14389224055242,130.7162973923721,132.48148481647007,132.48148481647007,1000000.0
2021-03-29,TLT,132.48148481647007,134.2981816598488,131.81907739238773,133.63003150233715,133.63003150233715,1000000.0
2021-03-30,TLT,133.63003150233715,134.2981816598488,132.13060560018346,132.79457849264668,132.79457849264668,1000000.0
2021-03-31,TLT,132.79457849264668,133.4585513851099,131.2947751182917,131.9545478575796,131.9545478575796,1000000.0
2021-04-01,TLT,131.9545478575796,133.96565722508095,131.2947751182917,133.299161417991,133.299161417991,1000000.0
2021-04-02,TLT,133.299161417991,133.96565722508095,131.47862525073725,132.13932186003743,132.13932186003743,1000000.0
2021-04-05,TLT,132.13932186003743,133.96334622895066,131.47862525073725,133.2968619193539,133.2968619193539,1000000.0
2021-04-06,TLT,133.2968619193539,133.96334622895066,132.38985810799585,133.05513377688024,133.05513377688024,1000000.0
2021-04-07,TLT,133.05513377688024,134.54279841012024,132.38985810799585,133.873431253851,133.873431253851,1000000.0
2021-04-08,TLT,133.873431253851,135.30502442522024,133.20406409758175,134.63186509972164,134.63186509972164,1000000.0
2021-04-09,TLT,134.63186509972164,136.14832137034642,133.95870577422303,135.47096653765814,135.47096653765814,1000000.0
2021-04-12,TLT,135.47096653765814,137.0448580634966,134.79361170496986,136.36304284925038,136.36304284925038,1000000.0
2021-04-13,TLT,136.36304284925038,137.0448580634966,134.6115323447247,135.28797220575348,135.28797220575348,1000000.0
2021-04-14,TLT,135.28797220575348,136.28841576645803,134.6115323447247,135.61036394672442,135.61036394672442,1000000.0
2021-04-15,TLT,135.61036394672442,136.30366174463882,134.9323121269908,135.6255340742675,135.6255340742675,1000000.0
2021-04-16,TLT,135.6255340742675,136.64037410193674,134.94740640389617,135.96057124570822,135.96057124570822,1000000.0
2021-04-19,TLT,135.96057124570822,137.99513833165884,135.28076838947968,137.30859535488443,137.30859535488443,1000000.0
2021-04-20,TLT,137.30859535488443,137.99513833165884,136.3260585650311,137.01111413570965,137.01111413570965,1000000.0
2021-04-21,TLT,137.01111413570965,137.6961697063882,135.5517847263036,136.23294947367197,136.23294947367197,1000000.0
2021-04-22,TLT,136.23294947367197,136.9141142210403,134.764501067723,135.441709615802,135.441709615802,1000000.0
2021-04-23,TLT,135.441709615802,136.118918163881,134.42981907258803,135.105345801596,135.105345801596,1000000.0
2021-04-26,TLT,135.105345801596,136.6008595149781,134.42981907258803,135.92125324873444,135.92125324873444,1000000.0
2021-04-27,TLT,135.92125324873444,136.6008595149781,134.36293797953482,135.03812862264806,135.03812862264806,1000000.0
2021-04-28,TLT,135.03812862264806,136.97778747654277,134.36293797953482,136.29630594680873,136.29630594680873,1000000.0
2021-04-29,TLT,136.29630594680873,137.29644073934318,135.6148244170747,136.61337386999324,136.61337386999324,1000000.0
2021-04-30,TLT,136.61337386999324,137.29644073934318,135.68464663871447,136.36647903388388,136.36647903388388,1000000.0
2021-05-03,TLT,136.36647903388388,137.04831142905329,134.24684211309872,134.92144935989822,134.92144935989822,1000000.0
2021-05-04,TLT,134.92144935989822,135.86201287925616,134.24684211309872,135.18608246692156,135.18608246692156,1000000.0
2021-05-05,TLT,135.18608246692156,136.61565073885055,134.51015205458694,135.93597088442843,135.93597088442843,1000000.0
2021-05-06,TLT,135.93597088442843,136.61565073885055,133.35907528410846,134.02922139106377,134.02922139106377,1000000.0
2021-05-07,TLT,134.02922139106377,135.98996066083333,133.35907528410846,135.31339369237148,135.31339369237148,1000000.0
2021-05-10,TLT,135.31339369237148,137.79444427514076,134.63682672390962,137.10889977625948,137.10889977625948,1000000.0
2021-05-11,TLT,137.10889977625948,138.16809986700767,136.4233552773782,137.48069638508227,137.48069638508227,1000000.0
2021-05-12,TLT,137.48069638508227,138.71275803262864,136.79329290315687,138.02264480858574,138.02264480858574,1000000.0
2021-05-13,TLT,138.02264480858574,141.41726776638805,137.3325315845428,140.71369927003786,140.71369927003786,1000000.0
2021-05-14,TLT,140.71369927003786,142.81784276487764,140.01013077368768,142.1073062337091,142.1073062337091,1000000.0
2021-05-17,TLT,142.1073062337091,142.81784276487764,140.38488800516834,141.09033970368677,141.09033970368677,1000000.0
2021-05-18,TLT,141.09033970368677,141.7957914022052,140.3661953890192,141.07155315479315,141.07155315479315,1000000.0
2021-05-19,TLT,141.07155315479315,141.7769109205671,140.19008342670568,140.89455620774442,140.89455620774442,1000000.0
2021-05-20,TLT,140.89455620774442,141.59902898878312,140.0209740609001,140.72459704613075,140.72459704613075,1000000.0
2021-05-21,TLT,140.72459704613075,141.4282200313614,137.39748612217375,138.08792575092838,138.08792575092838,1000000.0
2021-05-24,TLT,138.08792575092838,139.62136256990868,137.39748612217375,138.92672892528228,138.92672892528228,1000000.0
2021-05-25,TLT,138.92672892528228,139.62136256990868,137.52974670135848,138.22085095613917,138.22085095613917,1000000.0
2021-05-26,TLT,138.22085095613917,139.0939394721192,137.52974670135848,138.4019298230042,138.4019298230042,1000000.0
2021-05-27,TLT,138.4019298230042,139.0939394721192,137.56001991272527,138.25127629419626,138.25127629419626,1000000.0
2021-05-28,TLT,138.25127629419626,139.91417188825866,137.56001991272527,139.2180814808544,139.2180814808544,1000000.0
2021-05-31,TLT,139.2180814808544,139.91417188825866,138.19457057153787,138.8890156497868,138.8890156497868,1000000.0
2021-06-01,TLT,138.8890156497868,139.58346072803573,137.3179719000314,138.00801195983055,138.00801195983055,1000000.0
2021-06-02,TLT,138.00801195983055,139.29007964652217,137.3179719000314,138.59709417564397,138.59709417564397,1000000.0
2021-06-03,TLT,138.59709417564397,140.8644031643454,137.90410870476575,140.16358523815464,140.16358523815464,1000000.0
2021-06-04,TLT,140.16358523815464,140.8644031643454,139.10640991060018,139.80543709608057,139.80543709608057,1000000.0
2021-06-07,TLT,139.80543709608057,142.0528038727058,139.10640991060018,141.3460735051799,141.3460735051799,1000000.0
2021-06-08,TLT,141.3460735051799,142.35106737470943,140.639343137654,141.64285310916364,141.64285310916364,1000000.0
2021-06-09,TLT,141.64285310916364,142.35106737470943,140.33527664160843,141.0404790367924,141.0404790367924,1000000.0
2021-06-10,TLT,141.0404790367924,143.4857516250294,140.33527664160843,142.77189216420837,142.77189216420837,1000000.0
2021-06-11,TLT,142.77189216420837,143.4857516250294,141.13073289187687,141.83993255465012,141.83993255465012,1000000.0
2021-06-14,TLT,141.83993255465012,143.7102490899723,141.13073289187687,142.99527272634063,142.99527272634063,1000000.0
2021-06-15,TLT,142.99527272634063,143.7102490899723,141.71436848513406,142.4265009900845,142.4265009900845,1000000.0
2021-06-16,TLT,142.4265009900845,143.6551125043054,141.71436848513406,142.9404104520452,142.9404104520452,1000000.0
2021-06-17,TLT,142.9404104520452,143.6551125043054,140.8283967737655,141.53607715956332,141.53607715956332,1000000.0
2021-06-18,TLT,141.53607715956332,142.24375754536112,139.887896708449,140.59085096326532,140.59085096326532,1000000.0
2021-06-21,TLT,140.59085096326532,142.50283094483828,139.887896708449,141.793861636655,141.793861636655,1000000.0
2021-06-22,TLT,141.793861636655,142.7174498696481,141.08489232847174,142.00741280562002,142.00741280562002,1000000.0
2021-06-23,TLT,142.00741280562002,142.76117722037787,141.2973757415919,142.0509226073412,142.0509226073412,1000000.0
2021-06-24,TLT,142.0509226073412,142.76117722037787,140.8442395140371,141.55199951159508,141.55199951159508,1000000.0
2021-06-25,TLT,141.55199951159508,142.76879793739872,140.8442395140371,142.058505410347,142.058505410347,1000000.0
2021-06-28,TLT,142.058505410347,142.76879793739872,139.77699875813744,140.47939573682154,140.47939573682154,1000000.0
2021-06-29,TLT,140.47939573682154,141.18179271550565,138.53026265475958,139.22639462789908,139.22639462789908,1000000.0
2021-06-30,TLT,139.22639462789908,139.92252660103856,138.3555030534628,139.05075683765105,139.05075683765105,1000000.0
2021-07-01,TLT,139.05075683765105,139.7460106218393,137.43515879886175,138.1257877375495,138.1257877375495,1000000.0
2021-07-02,TLT,138.1257877375495,138.81641667623722,136.66702368594946,137.35379264919544,137.35379264919544,1000000.0
2021-07-05,TLT,137.35379264919544,138.0405616124414,136.58886894166534,137.27524516750285,137.27524516750285,1000000.0
2021-07-06,TLT,137.27524516750285,137.96162139334035,136.43868050778056,137.12430201786992,137.12430201786992,1000000.0
2021-07-07,TLT,137.12430201786992,137.80992352795926,136.19602837364283,136.8804305262742,136.8804305262742,1000000.0
2021-07-08,TLT,136.8804305262742,139.40976154778102,136.19602837364283,138.71618064455825,138.71618064455825,1000000.0
2021-07-09,TLT,138.71618064455825,140.54196503885518,138.02259974133545,139.84275128244298,139.84275128244298,1000000.0
2021-07-12,TLT,139.84275128244298,141.9314229354859,139.14353752603077,141.2252964532198,141.2252964532198,1000000.0
2021-07-13,TLT,141.2252964532198,141.9314229354859,140.48751512849006,141.19348254119603,141.19348254119603,1000000.0
2021-07-14,TLT,141.19348254119603,141.899449953902,139.92144391428488,140.62456674802502,140.62456674802502,1000000.0
2021-07-15,TLT,140.62456674802502,141.32768958176513,138.30341856061625,138.99841061368468,138.99841061368468,1000000.0
2021-07-16,TLT,138.99841061368468,139.6934026667531,137.91876571179017,138.61182483597003,138.61182483597003,1000000.0
2021-07-19,TLT,138.61182483597003,139.30488396014985,135.6363236874025,136.31791325367084,136.31791325367084,1000000.0
2021-07-20,TLT,136.31791325367084,136.99950281993918,135.00438817346293,135.68280218438485,135.68280218438485,1000000.0
2021-07-21,TLT,135.68280218438485,137.19747038803496,135.00438817346293,136.51489590849252,136.51489590849252,1000000.0
2021-07-22,TLT,136.51489590849252,138.98882297850915,135.83232142895005,138.29733629702403,138.29733629702403,1000000.0
2021-07-23,TLT,138.29733629702403,140.06664919499627,137.60584961553892,139.36980019402617,139.36980019402617,1000000.0
2021-07-26,TLT,139.36980019402617,140.06664919499627,137.7203924559238,138.41245472957164,138.41245472957164,1000000.0
2021-07-27,TLT,138.41245472957164,139.6538023382753,137.7203924559238,138.9590073017665,138.9590073017665,1000000.0
2021-07-28,TLT,138.9590073017665,139.6538023382753,137.39405679885064,138.08447919482475,138.08447919482475,1000000.0
2021-07-29,TLT,138.08447919482475,139.69158074510275,137.39405679885064,138.99659775632117,138.99659775632117,1000000.0
2021-07-30,TLT,138.99659775632117,139.69158074510275,138.1784581834814,138.8728222949562,138.8728222949562,1000000.0
2021-08-02,TLT,138.8728222949562,140.52869590261278,138.1784581834814,139.82954816180379,139.82954816180379,1000000.0
2021-08-03,TLT,139.82954816180379,143.4511951399493,139.13040042099476,142.73750760193963,142.73750760193963,1000000.0
2021-08-04,TLT,142.73750760193963,144.51380917677884,142.02382006392992,143.79483500177,143.79483500177,1000000.0
2021-08-05,TLT,143.79483500177,147.23569465872262,143.07586082676116,146.50317876489814,146.50317876489814,1000000.0
2021-08-06,TLT,146.50317876489814,147.44484981320707,145.77066287107365,146.71129334647472,146.71129334647472,1000000.0
2021-08-09,TLT,146.71129334647472,147.44484981320707,145.59319269344044,146.32481677732707,146.32481677732707,1000000.0
2021-08-10,TLT,146.32481677732707,148.63387981056567,145.59319269344044,147.89440777170717,147.89440777170717,1000000.0
2021-08-11,TLT,147.89440777170717,150.6984698675482,147.15493573284863,149.94872623636638,149.94872623636638,1000000.0
2021-08-12,TLT,149.94872623636638,150.6984698675482,148.5379902300685,149.2844122915261,149.2844122915261,1000000.0
2021-08-13,TLT,149.2844122915261,150.12283981423138,148.5379902300685,149.3759600141606,149.3759600141606,1000000.0
2021-08-16,TLT,149.3759600141606,150.12283981423138,146.9331279667701,147.67148539373878,147.67148539373878,1000000.0
2021-08-17,TLT,147.67148539373878,148.40984282070747,146.69816909485078,147.43534582397064,147.43534582397064,1000000.0
2021-08-18,TLT,147.43534582397064,149.22928454572647,146.69816909485078,148.48685029425522,148.48685029425522,1000000.0
2021-08-19,TLT,148.48685029425522,149.22928454572647,147.6423482964121,148.38426964463528,148.38426964463528,1000000.0
2021-08-20,TLT,148.38426964463528,149.12619099285845,146.97154877991653,147.71009927629802,147.71009927629802,1000000.0
2021-08-23,TLT,147.71009927629802,148.4486497726795,145.32623374566356,146.05651632730005,146.05651632730005,1000000.0
2021-08-24,TLT,146.05651632730005,147.21987571946025,145.32623374566356,146.48743852682614,146.48743852682614,1000000.0
2021-08-25,TLT,146.48743852682614,148.16218935563663,145.755001334192,147.42506403545934,147.42506403545934,1000000.0
2021-08-26,TLT,147.42506403545934,148.8709097965249,146.68793871528206,148.1302585040049,148.1302585040049,1000000.0
2021-08-27,TLT,148.1302585040049,149.17529318924147,147.38960721148487,148.43312755148406,148.43312755148406,1000000.0
2021-08-30,TLT,148.43312755148406,149.17529318924147,146.19326404367592,146.92790356148333,146.92790356148333,1000000.0
2021-08-31,TLT,146.92790356148333,149.75850426646141,146.19326404367592,149.01343708105614,149.01343708105614,1000000.0
2021-09-01,TLT,149.01343708105614,149.75850426646141,148.20132462183375,148.94605489631533,148.94605489631533,1000000.0
2021-09-02,TLT,148.94605489631533,149.6907851707969,148.02975180801968,148.77361990755747,148.77361990755747,1000000.0
2021-09-03,TLT,148.77361990755747,150.39674831347713,148.02975180801968,149.64850578455437,149.64850578455437,1000000.0
2021-09-06,TLT,149.64850578455437,150.39674831347713,146.34563951867415,147.08104474238607,147.08104474238607,1000000.0
2021-09-07,TLT,147.08104474238607,147.816449966098,146.2701829856401,147.00520903079408,147.00520903079408,1000000.0
2021-09-08,TLT,147.00520903079408,147.74023507594802,146.11020461305014,146.84442674678405,146.84442674678405,1000000.0
2021-09-09,TLT,146.84442674678405,148.01883237962082,146.11020461305014,147.2824202782297,147.2824202782297,1000000.0
2021-09-10,TLT,147.2824202782297,149.622699739993,146.54600817683854,148.87830819899804,148.87830819899804,1000000.0
2021-09-13,TLT,148.87830819899804,150.18898352859213,148.13391665800305,149.44177465531558,149.44177465531558,1000000.0
2021-09-14,TLT,149.44177465531558,150.18898352859213,146.53107481615578,147.26741187553344,147.26741187553344,1000000.0
2021-09-15,TLT,147.26741187553344,148.0037489349111,146.13413118847672,146.868473556258,146.868473556258,1000000.0
2021-09-16,TLT,146.868473556258,147.84571201990482,146.13413118847672,147.11016121383565,147.11016121383565,1000000.0
2021-09-17,TLT,147.11016121383565,148.01987888850667,146.37461040776648,147.28346158060367,147.28346158060367,1000000.0
2021-09-20,TLT,147.28346158060367,148.01987888850667,145.05259416157276,145.78150166992236,145.78150166992236,1000000.0
2021-09-21,TLT,145.78150166992236,146.51040917827197,143.13472601514547,143.85399599512107,143.85399599512107,1000000.0
2021-09-22,TLT,143.85399599512107,145.2096408258806,143.13472601514547,144.48720480187126,144.48720480187126,1000000.0
2021-09-23,TLT,144.48720480187126,145.60926657600277,143.7647687778619,144.88484236418188,144.88484236418188,1000000.0
2021-09-24,TLT,144.88484236418188,145.60926657600277,144.1358540786755,144.86015485294018,144.86015485294018,1000000.0
2021-09-27,TLT,144.86015485294018,145.58445562720487,142.1599610782035,142.87433274191307,142.87433274191307,1000000.0
2021-09-28,TLT,142.87433274191307,145.64110293910326,142.1599610782035,144.9165203374162,144.9165203374162,1000000.0
2021-09-29,TLT,144.9165203374162,145.64110293910326,140.88492790591604,141.5928923677548,141.5928923677548,1000000.0
2021-09-30,TLT,141.5928923677548,142.30085682959358,140.47515842366278,141.18106374237465,141.18106374237465,1000000.0
2021-10-01,TLT,141.18106374237465,144.2805920556215,140.47515842366278,143.56277816479752,143.56277816479752,1000000.0
2021-10-04,TLT,143.56277816479752,144.2805920556215,142.66517756942918,143.38208800947655,143.38208800947655,1000000.0
2021-10-05,TLT,143.38208800947655,144.36677562965392,142.66517756942918,143.64853296482977,143.64853296482977,1000000.0
2021-10-06,TLT,143.64853296482977,144.36677562965392,141.58834371398464,142.29984292862778,142.29984292862778,1000000.0
2021-10-07,TLT,142.29984292862778,144.57422782215065,141.58834371398464,143.85495305686632,143.85495305686632,1000000.0
2021-10-08,TLT,143.85495305686632,144.57422782215065,141.66314149617716,142.37501657907254,142.37501657907254,1000000.0
2021-10-11,TLT,142.37501657907254,143.37842063299433,141.66314149617716,142.6650951572083,142.6650951572083,1000000.0
2021-10-12,TLT,142.6650951572083,143.5332446325598,141.95176968142226,142.81914888811923,142.81914888811923,1000000.0
2021-10-13,TLT,142.81914888811923,143.5332446325598,140.91555334382525,141.62367170233694,141.62367170233694,1000000.0
2021-10-14,TLT,141.62367170233694,143.34534474440215,140.91555334382525,142.6321838252758,142.6321838252758,1000000.0
2021-10-15,TLT,142.6321838252758,143.34534474440215,140.32048284229813,141.02561089678204,141.02561089678204,1000000.0
2021-10-18,TLT,141.02561089678204,141.73073895126595,139.55532161472058,140.25660463791013,140.25660463791013,1000000.0
2021-10-19,TLT,140.25660463791013,140.95788766109968,139.5232809321419,140.22440294687627,140.22440294687627,1000000.0
2021-10-20,TLT,140.22440294687627,140.92552496161062,139.0636155367536,139.76242767512923,139.76242767512923,1000000.0
2021-10-21,TLT,139.76242767512923,140.98789433288493,139.0636155367536,140.2864620227711,140.2864620227711,1000000.0
2021-10-22,TLT,140.2864620227711,142.0340005773138,139.58502971265725,141.32736375852122,141.32736375852122,1000000.0
2021-10-25,TLT,141.32736375852122,142.0340005773138,140.29062954520228,140.99560758311787,140.99560758311787,1000000.0
2021-10-26,TLT,140.99560758311787,141.70058562103344,139.68424303194217,140.3861739014494,140.3861739014494,1000000.0
2021-10-27,TLT,140.3861739014494,141.08810477095665,139.1077263390875,139.80676013978643,139.80676013978643,1000000.0
2021-10-28,TLT,139.80676013978643,140.50579394048535,138.70146519552202,139.3984574829367,139.3984574829367,1000000.0
2021-10-29,TLT,139.3984574829367,141.00581991674457,138.70146519552202,140.30429842462146,140.30429842462146,1000000.0
2021-11-01,TLT,140.30429842462146,141.00581991674457,139.3599845366787,140.06028596651126,140.06028596651126,1000000.0
2021-11-02,TLT,140.06028596651126,141.22037333820765,139.3599845366787,140.51778441612703,140.51778441612703,1000000.0
2021-11-03,TLT,140.51778441612703,141.22037333820765,139.71327631382027,140.41535307921635,140.41535307921635,1000000.0
2021-11-04,TLT,140.41535307921635,141.11742984461242,138.77259341620442,139.46994313186374,139.46994313186374,1000000.0
2021-11-05,TLT,139.46994313186374,141.13916875600475,138.77259341620442,140.43698383682067,140.43698383682067,1000000.0
2021-11-08,TLT,140.43698383682067,141.13916875600475,138.57919990475162,139.27557779372023,139.27557779372023,1000000.0
2021-11-09,TLT,139.27557779372023,139.97889599655417,138.57919990475162,139.28248357866087,139.28248357866087,1000000.0
2021-11-10,TLT,139.28248357866087,141.6540559124277,138.58607116076757,140.94930936559973,140.94930936559973,1000000.0
2021-11-11,TLT,140.94930936559973,141.6540559124277,139.0234910948495,139.72210160286383,139.72210160286383,1000000.0
2021-11-12,TLT,139.72210160286383,140.42071211087813,138.96212463609035,139.66042676994005,139.66042676994005,1000000.0
2021-11-15,TLT,139.66042676994005,140.35872890378974,137.21144944568104,137.90095421676486,137.90095421676486,1000000.0
2021-11-16,TLT,137.90095421676486,138.59045898784868,136.65340536540168,137.34010589487607,137.34010589487607,1000000.0
2021-11-17,TLT,137.34010589487607,138.02680642435044,135.02919781202752,135.7077364945,135.7077364945,1000000.0
2021-11-18,TLT,135.7077364945,136.3862751769725,134.63916359591238,135.31574230744963,135.31574230744963,1000000.0
2021-11-19,TLT,135.31574230744963,135.99232101898687,134.0606028816984,134.73427425296322,134.73427425296322,1000000.0
2021-11-22,TLT,134.73427425296322,135.5509811583123,134.0606028816984,134.87659816747495,134.87659816747495,1000000.0
2021-11-23,TLT,134.87659816747495,137.2799431368751,134.20221517663757,136.59695834514935,136.59695834514935,1000000.0
2021-11-24,TLT,136.59695834514935,137.59107997842372,135.9139735534236,136.90654724221267,136.90654724221267,1000000.0
2021-11-25,TLT,136.90654724221267,138.3174621150215,136.2220145060016,137.62931553733483,137.62931553733483,1000000.0
2021-11-26,TLT,137.62931553733483,138.3174621150215,136.88563476027372,137.57350227163187,137.57350227163187,1000000.0
2021-11-29,TLT,137.57350227163187,138.26136978299002,136.61812233546604,137.30464556328246,137.30464556328246,1000000.0
2021-11-30,TLT,137.30464556328246,137.99116879109886,135.70966002233848,136.391618112903,136.391618112903,1000000.0
2021-12-01,TLT,136.391618112903,137.0735762034675,133.76852707165818,134.4407307252846,134.4407307252846,1000000.0
2021-12-02,TLT,134.4407307252846,135.18712673613592,133.76852707165818,134.51455396630442,134.51455396630442,1000000.0
2021-12-03,TLT,134.51455396630442,136.96055035932622,133.8419811964729,136.27915458639427,136.27915458639427,1000000.0
2021-12-06,TLT,136.27915458639427,137.48342023881764,135.5977588134623,136.79942312320165,136.79942312320165,1000000.0
2021-12-07,TLT,136.79942312320165,137.48342023881764,135.5351931650061,136.21627453769457,136.21627453769457,1000000.0
2021-12-08,TLT,136.21627453769457,138.7157211369877,135.5351931650061,138.02559317113204,138.02559317113204,1000000.0
2021-12-09,TLT,138.02559317113204,138.7157211369877,136.86097039014768,137.54871395994743,137.54871395994743,1000000.0
2021-12-10,TLT,137.54871395994743,138.23645752974716,136.18508480192088,136.86943196172953,136.86943196172953,1000000.0
2021-12-13,TLT,136.86943196172953,137.55377912153816,134.87026594310112,135.54800597296594,135.54800597296594,1000000.0
2021-12-14,TLT,135.54800597296594,136.22574600283076,133.83623369036982,134.50877757826112,134.50877757826112,1000000.0
2021-12-15,TLT,134.50877757826112,135.1813214661524,133.5727152316496,134.2439349061805,134.2439349061805,1000000.0
2021-12-16,TLT,134.2439349061805,137.09008460739972,133.5727152316496,136.40804438547238,136.40804438547238,1000000.0
2021-12-17,TLT,136.40804438547238,137.09008460739972,135.50232089829217,136.18323708371074,136.18323708371074,1000000.0
2021-12-20,TLT,136.18323708371074,136.86415326912928,134.38873910565928,135.06405940267265,135.06405940267265,1000000.0
2021-12-21,TLT,135.06405940267265,135.739379699686,133.73942124157136,134.4114786347451,134.4114786347451,1000000.0
2021-12-22,TLT,134.4114786347451,135.0835360279188,133.5011904516073,134.17205070513296,134.17205070513296,1000000.0
2021-12-23,TLT,134.17205070513296,134.84291095865862,131.68548362738466,132.34721972601474,132.34721972601474,1000000.0
2021-12-24,TLT,132.34721972601474,133.14376582474858,131.68548362738466,132.48135902960058,132.48135902960058,1000000.0
2021-12-27,TLT,132.48135902960058,133.89217854811125,131.81895223445258,133.22604830657838,133.22604830657838,1000000.0
2021-12-28,TLT,133.22604830657838,134.23625389239876,132.55991806504548,133.5684118332326,133.5684118332326,1000000.0
2021-12-29,TLT,133.5684118332326,134.88292736426487,132.90056977406644,134.21186802414417,134.21186802414417,1000000.0
2021-12-30,TLT,134.21186802414417,134.88292736426487,132.1702332856244,132.8344053121853,132.8344053121853,1000000.0
2021-12-31,TLT,132.8344053121853,133.49857733874623,130.38635475777625,131.0415625706294,131.0415625706294,1000000.0
2022-01-03,TLT,131.0415625706294,133.05820747722603,130.38635475777625,132.39622634549855,132.39622634549855,1000000.0
2022-01-04,TLT,132.39622634549855,134.22819956843134,131.73424521377106,133.5603975805287,133.5603975805287,1000000.0
2022-01-05,TLT,133.5603975805287,134.22819956843134,131.26512519087737,131.92474893555516,131.92474893555516,1000000.0
2022-01-06,TLT,131.92474893555516,132.80345735208957,131.26512519087737,132.14274363392,132.14274363392,1000000.0
2022-01-07,TLT,132.14274363392,132.8305816368274,131.4820299157504,132.16973297196756,132.16973297196756,1000000.0
2022-01-10,TLT,132.16973297196756,133.4108659836577,131.50888430710773,132.7471303319977,132.7471303319977,1000000.0
2022-01-11,TLT,132.7471303319977,133.63367316750103,132.08339468033773,132.9688290223891,132.9688290223891,1000000.0
2022-01-12,TLT,132.9688290223891,133.63367316750103,131.7735785110762,132.43575729756404,132.43575729756404,1000000.0
2022-01-13,TLT,132.43575729756404,133.306004593123,131.7735785110762,132.6427906399234,132.6427906399234,1000000.0
2022-01-14,TLT,132.6427906399234,133.47359218614608,131.97957668672376,132.80954446382697,132.80954446382697,1000000.0
2022-01-17,TLT,132.80954446382697,133.47359218614608,132.09409935984755,132.75788880386688,132.75788880386688,1000000.0
2022-01-18,TLT,132.75788880386688,133.4216782478862,130.1509842066018,130.80500925286614,130.80500925286614,1000000.0
2022-01-19,TLT,130.80500925286614,131.45903429913045,127.06942432471472,127.70796414544192,127.70796414544192,1000000.0
2022-01-20,TLT,127.70796414544192,128.3465039661691,126.26868724443099,126.90320326073467,126.90320326073467,1000000.0
2022-01-21,TLT,126.90320326073467,127.53771927703833,124.6280751140373,125.2543468482787,125.2543468482787,1000000.0
2022-01-24,TLT,125.2543468482787,126.13521703289686,124.6280751140373,125.50767863969838,125.50767863969838,1000000.0
2022-01-25,TLT,125.50767863969838,126.85989091637637,124.88014024649989,126.22874718047402,126.22874718047402,1000000.0
2022-01-26,TLT,126.22874718047402,127.12720250450694,125.59760344457165,126.49472886020592,126.49472886020592,1000000.0
2022-01-27,TLT,126.49472886020592,127.12720250450694,125.49072773083189,126.12133440284612,126.12133440284612,1000000.0
2022-01-28,TLT,126.12133440284612,126.82342989822205,125.49072773083189,126.19246756041996,126.19246756041996,1000000.0
2022-01-31,TLT,126.19246756041996,128.01334696853877,125.56150522261785,127.37646464531223,127.37646464531223,1000000.0
2022-02-01,TLT,127.37646464531223,128.01334696853877,126.00278174787202,126.63596155565027,126.63596155565027,1000000.0
2022-02-02,TLT,126.63596155565027,128.21165145283052,126.00278174787202,127.5737825401299,127.5737825401299,1000000.0
2022-02-03,TLT,127.5737825401299,128.93950694588116,126.93591362742924,128.2980168615733,128.2980168615733,1000000.0
2022-02-04,TLT,128.2980168615733,129.20972122072143,127.65652677726544,128.5668867867875,128.5668867867875,1000000.0
2022-02-07,TLT,128.5668867867875,130.7192993837348,127.92405235285356,130.0689546106814,130.0689546106814,1000000.0
2022-02-08,TLT,130.0689546106814,130.7192993837348,128.67754700358157,129.32416784279553,129.32416784279553,1000000.0
2022-02-09,TLT,129.32416784279553,130.95447856472634,128.67754700358157,130.30296374599638,130.30296374599638,1000000.0
2022-02-10,TLT,130.30296374599638,130.95447856472634,128.69150097360915,129.33819193327554,129.33819193327554,1000000.0
2022-02-11,TLT,129.33819193327554,129.9848828929419,127.90423531530924,128.54697016613994,128.54697016613994,1000000.0
2022-02-14,TLT,128.54697016613994,129.18970501697063,126.82448638197461,127.46179535876846,127.46179535876846,1000000.0
2022-02-15,TLT,127.46179535876846,128.55680510692625,126.82448638197461,127.91721901186692,127.91721901186692,1000000.0
2022-02-16,TLT,127.91721901186692,128.55680510692625,126.3243374187595,126.9591330841804,126.9591330841804,1000000.0
2022-02-17,TLT,126.9591330841804,127.64718215059554,126.3243374187595,127.01212154288115,127.01212154288115,1000000.0
2022-02-18,TLT,127.01212154288115,127.64718215059554,125.23303604166588,125.86234778056873,125.86234778056873,1000000.0
2022-02-21,TLT,125.86234778056873,127.57525605320286,125.23303604166588,126.94055328676903,126.94055328676903,1000000.0
2022-02-22,TLT,126.94055328676903,129.46309011767337,126.30585052033518,128.81899514196357,128.81899514196357,1000000.0
2022-02-23,TLT,128.81899514196357,129.6974506332912,128.17490016625376,129.05218968486687,129.05218968486687,1000000.0
2022-02-24,TLT,129.05218968486687,131.4138309105145,128.40692873644255,130.76003075673086,130.76003075673086,1000000.0
2022-02-25,TLT,130.76003075673086,132.00458643194975,130.1062306029472,131.3478471959699,131.3478471959699,1000000.0
2022-02-28,TLT,131.3478471959699,134.3154512990266,130.69110795999006,133.64721522291205,133.64721522291205,1000000.0
2022-03-01,TLT,133.64721522291205,134.42263937857632,132.97897914679749,133.75387002843416,133.75387002843416,1000000.0
2022-03-02,TLT,133.75387002843416,134.42263937857632,131.42355995625834,132.08397985553603,132.08397985553603,1000000.0
2022-03-03,TLT,132.08397985553603,134.33680882286333,131.42355995625834,133.66846649041128,133.66846649041128,1000000.0
2022-03-04,TLT,133.66846649041128,134.33680882286333,132.86573733274787,133.53340435452048,133.53340435452048,1000000.0
2022-03-07,TLT,133.53340435452048,134.20107137629307,131.76926023373895,132.43141732034064,132.43141732034064,1000000.0
2022-03-08,TLT,132.43141732034064,133.09357440694234,131.079267758112,131.7379575458412,131.7379575458412,1000000.0
2022-03-09,TLT,131.7379575458412,132.3966473335704,129.38488718939715,130.03506250190668,130.03506250190668,1000000.0
2022-03-10,TLT,130.03506250190668,130.6852378144162,129.211418947635,129.86072256043718,129.86072256043718,1000000.0
2022-03-11,TLT,129.86072256043718,130.51002617323937,128.1087944241039,128.7525572101547,128.7525572101547,1000000.0
2022-03-14,TLT,128.7525572101547,130.94185728191874,128.1087944241039,130.29040525564056,130.29040525564056,1000000.0
2022-03-15,TLT,130.29040525564056,131.6397892506827,129.63895322936236,130.98486492605244,130.98486492605244,1000000.0
2022-03-16,TLT,130.98486492605244,131.6397892506827,128.61018292888093,129.2564652551567,129.2564652551567,1000000.0
2022-03-17,TLT,129.2564652551567,129.9027475814325,127.06655610846845,127.7050815160487,127.7050815160487,1000000.0
2022-03-18,TLT,127.7050815160487,128.34360692362893,126.49151196020837,127.12714769870188,127.12714769870188,1000000.0
2022-03-21,TLT,127.12714769870188,127.76278343719537,124.55842446261103,125.18434619357892,125.18434619357892,1000000.0
2022-03-22,TLT,125.18434619357892,125.81026792454679,124.44905459932899,125.07442673299396,125.07442673299396,1000000.0
2022-03-23,TLT,125.07442673299396,125.69979886665891,124.40580546684507,125.03096026818599,125.03096026818599,1000000.0
2022-03-24,TLT,125.03096026818599,125.6561150695269,123.6390453818146,124.26034711740161,124.26034711740161,1000000.0
2022-03-25,TLT,124.26034711740161,124.8816488529886,123.099680931689,123.71827229315477,123.71827229315477,1000000.0
2022-03-28,TLT,123.71827229315477,124.83406149350046,123.099680931689,124.21299651094574,124.21299651094574,1000000.0
2022-03-29,TLT,124.21299651094574,126.26196353166891,123.59193152839102,125.63379455887456,125.63379455887456,1000000.0
2022-03-30,TLT,125.63379455887456,127.7818112792644,125.00562558608019,127.14608087488996,127.14608087488996,1000000.0
2022-03-31,TLT,127.14608087488996,127.81688844904502,126.5103504705155,127.1809835313881,127.1809835313881,1000000.0
2022-04-01,TLT,127.1809835313881,128.6950269866319,126.54507861373115,128.05475322052925,128.05475322052925,1000000.0
2022-04-04,TLT,128.05475322052925,128.6950269866319,126.6640805360722,127.3005834533389,127.3005834533389,1000000.0
2022-04-05,TLT,127.3005834533389,128.35941524264376,126.6640805360722,127.72081118671022,127.72081118671022,1000000.0
2022-04-06,TLT,127.72081118671022,128.35941524264376,126.11028493466141,126.7440049594587,126.7440049594587,1000000.0
2022-04-07,TLT,126.7440049594587,128.1233499854275,126.11028493466141,127.48592038350996,127.48592038350996,1000000.0
2022-04-08,TLT,127.48592038350996,128.1233499854275,125.59798095659475,126.22912658954246,126.22912658954246,1000000.0
2022-04-11,TLT,126.22912658954246,126.86027222249015,124.63201482329356,125.25830635506891,125.25830635506891,1000000.0
2022-04-12,TLT,125.25830635506891,125.88459788684425,124.62369502181772,125.24994474554545,125.24994474554545,1000000.0
2022-04-13,TLT,125.24994474554545,126.43833940265479,124.62369502181772,125.80929293796498,125.80929293796498,1000000.0
2022-04-14,TLT,125.80929293796498,126.43833940265479,123.7482517505847,124.37010226189417,124.37010226189417,1000000.0
2022-04-15,TLT,124.37010226189417,124.99195277320364,123.21812581477606,123.83731237665936,123.83731237665936,1000000.0
2022-04-18,TLT,123.83731237665936,124.59113512360328,123.21812581477606,123.97127872995353,123.97127872995353,1000000.0
2022-04-19,TLT,123.97127872995353,124.81964152899126,123.35142233630376,124.1986482875535,124.1986482875535,1000000.0
2022-04-20,TLT,124.1986482875535,124.81964152899126,122.75117642324153,123.36801650577038,123.36801650577038,1000000.0
2022-04-21,TLT,123.36801650577038,124.08098959833468,122.75117642324153,123.46367124212408,123.46367124212408,1000000.0
2022-04-22,TLT,123.46367124212408,124.08098959833468,122.58400066366454,123.20000066699954,123.20000066699954,1000000.0
2022-04-25,TLT,123.20000066699954,125.21437035682402,122.58400066366454,124.59141329037217,124.59141329037217,1000000.0
2022-04-26,TLT,124.59141329037217,125.77346820053502,123.96845622392031,125.14772955277118,125.14772955277118,1000000.0
2022-04-27,TLT,125.14772955277118,125.77346820053502,123.20992047899102,123.82906580803117,123.82906580803117,1000000.0
2022-04-28,TLT,123.82906580803117,124.44821113707131,121.05888913752378,121.667225263843,121.667225263843,1000000.0
2022-04-29,TLT,121.667225263843,122.37330526185544,121.05888913752378,121.76448284761736,121.76448284761736,1000000.0
2022-05-02,TLT,121.76448284761736,123.53603914042756,121.15566043337927,122.92143198052494,122.92143198052494,1000000.0
2022-05-03,TLT,122.92143198052494,123.70786378949867,122.30682482062232,123.09240178059571,123.09240178059571,1000000.0
2022-05-04,TLT,123.09240178059571,124.58389907712785,122.47693977169273,123.96407868370932,123.96407868370932,1000000.0
2022-05-05,TLT,123.96407868370932,124.58389907712785,122.86693082152117,123.48435258444339,123.48435258444339,1000000.0
2022-05-06,TLT,123.48435258444339,124.10177434736559,121.53357256229641,122.1442940324587,122.1442940324587,1000000.0
2022-05-09,TLT,122.1442940324587,123.4923702975968,121.53357256229641,122.87798039561872,122.87798039561872,1000000.0
2022-05-10,TLT,122.87798039561872,123.59015792195514,122.26359049364062,122.97528151438324,122.97528151438324,1000000.0
2022-05-11,TLT,122.97528151438324,124.26798174592318,122.36040510681133,123.64973308052059,123.64973308052059,1000000.0
2022-05-12,TLT,123.64973308052059,124.26798174592318,121.67916259940847,122.29061567779746,122.29061567779746,1000000.0
2022-05-13,TLT,122.29061567779746,123.08070480098473,121.67916259940847,122.46836298605447,122.46836298605447,1000000.0
2022-05-16,TLT,122.46836298605447,123.08070480098473,121.24777577771509,121.85706108313074,121.85706108313074,1000000.0
2022-05-17,TLT,121.85706108313074,123.25914138538192,121.24777577771509,122.64591182625068,122.64591182625068,1000000.0
2022-05-18,TLT,122.64591182625068,123.25914138538192,121.46709434932225,122.07748175811281,122.07748175811281,1000000.0
2022-05-19,TLT,122.07748175811281,122.68786916690337,120.87829808432176,121.48572671791132,121.48572671791132,1000000.0
2022-05-20,TLT,121.48572671791132,122.09315535150087,120.31321598005012,120.9178050050755,120.9178050050755,1000000.0
2022-05-23,TLT,120.9178050050755,122.75718457565837,120.31321598005012,122.14645231408794,122.14645231408794,1000000.0
2022-05-24,TLT,122.14645231408794,122.785534147954,121.5357200525175,122.17466084373534,122.17466084373534,1000000.0
2022-05-25,TLT,122.17466084373534,122.785534147954,120.82692480036648,121.43409527675024,121.43409527675024,1000000.0
2022-05-26,TLT,121.43409527675024,122.04126575313398,119.84251126295663,120.44473493764485,120.44473493764485,1000000.0
2022-05-27,TLT,120.44473493764485,121.04695861233306,118.8456384444508,119.44285270799075,119.44285270799075,1000000.0
2022-05-30,TLT,119.44285270799075,121.4529079631721,118.8456384444508,120.84866463997224,120.84866463997224,1000000.0
2022-05-31,TLT,120.84866463997224,121.4529079631721,118.51130056257216,119.10683473625343,119.10683473625343,1000000.0
2022-06-01,TLT,119.10683473625343,119.70236890993469,117.70782082489173,118.29931741195148,118.29931741195148,1000000.0
2022-06-02,TLT,118.29931741195148,119.4990791204259,117.70782082489173,118.90455633873225,118.90455633873225,1000000.0
2022-06-03,TLT,118.90455633873225,120.63103999849343,118.3100335570386,120.03088557064025,120.03088557064025,1000000.0
2022-06-06,TLT,120.03088557064025,120.63103999849343,119.28914410260984,119.88858703779883,119.88858703779883,1000000.0
2022-06-07,TLT,119.88858703779883,121.24757627132657,119.28914410260984,120.64435449883241,120.64435449883241,1000000.0
2022-06-08,TLT,120.64435449883241,121.98663364355001,120.04113272633825,121.37973496870649,121.37973496870649,1000000.0
2022-06-09,TLT,121.37973496870649,122.95285325815604,120.77283629386295,122.34114752055329,122.34114752055329,1000000.0
2022-06-10,TLT,122.34114752055329,122.99851661923937,121.72944178295053,122.3865837007357,122.3865837007357,1000000.0
2022-06-13,TLT,122.3865837007357,124.63781359170002,121.77465078223202,124.01772496686571,124.01772496686571,1000000.0
2022-06-14,TLT,124.01772496686571,124.85349914967479,123.39763634203139,124.23233746236299,124.23233746236299,1000000.0
2022-06-15,TLT,124.23233746236299,126.40950085094383,123.61117577505118,125.78059786163567,125.78059786163567,1000000.0
2022-06-16,TLT,125.78059786163567,126.40950085094383,124.07227431324718,124.69575307864038,124.69575307864038,1000000.0
2022-06-17,TLT,124.69575307864038,126.28600819955578,124.07227431324718,125.65771960154805,125.65771960154805,1000000.0
2022-06-20,TLT,125.65771960154805,126.28600819955578,123.80018594833004,124.42229743550757,124.42229743550757,1000000.0
2022-06-21,TLT,124.42229743550757,125.0444089226851,122.34735792765707,122.96216877151464,122.96216877151464,1000000.0
2022-06-22,TLT,122.96216877151464,124.09758987862378,122.34735792765707,123.48018893395403,123.48018893395403,1000000.0
2022-06-23,TLT,123.48018893395403,124.09758987862378,122.07922656431904,122.692690014391,122.692690014391,1000000.0
2022-06-24,TLT,122.692690014391,123.77758246869386,122.07922656431904,123.16177360069042,123.16177360069042,1000000.0
2022-06-27,TLT,123.16177360069042,123.77758246869386,121.53133430870017,122.14204453135696,122.14204453135696,1000000.0
2022-06-28,TLT,122.14204453135696,124.37425584641187,121.53133430870017,123.75547845414118,123.75547845414118,1000000.0
2022-06-29,TLT,123.75547845414118,124.41944972745297,123.13670106187048,123.80044749000297,123.80044749000297,1000000.0
2022-06-30,TLT,123.80044749000297,124.41944972745297,122.10779778998833,122.72140481405862,122.72140481405862,1000000.0
2022-07-01,TLT,122.72140481405862,123.54798204444816,122.10779778998833,122.9333154671126,122.9333154671126,1000000.0
2022-07-04,TLT,122.9333154671126,124.46471208826392,122.31864888977704,123.84548466493924,123.84548466493924,1000000.0
2022-07-05,TLT,123.84548466493924,124.46471208826392,122.5117650765888,123.12740208702392,123.12740208702392,1000000.0
2022-07-06,TLT,123.12740208702392,124.30039142737931,122.5117650765888,123.68198151978042,123.68198151978042,1000000.0
2022-07-07,TLT,123.68198151978042,126.39955097083825,123.06357161218152,125.77069748342116,125.77069748342116,1000000.0
2022-07-08,TLT,125.77069748342116,127.32868518051053,125.14184399600406,126.69520913483636,126.69520913483636,1000000.0
2022-07-11,TLT,126.69520913483636,127.36867058689737,126.06173308916217,126.73499560885311,126.73499560885311,1000000.0
2022-07-12,TLT,126.73499560885311,127.36867058689737,125.57830534786737,126.20935210840942,126.20935210840942,1000000.0
2022-07-13,TLT,126.20935210840942,127.4804090936592,125.57830534786737,126.84617820264599,126.84617820264599,1000000.0
2022-07-14,TLT,126.84617820264599,127.4804090936592,124.74197073749825,125.36881481155604,125.36881481155604,1000000.0
2022-07-15,TLT,125.36881481155604,125.9956588856138,121.79697821363501,122.40902333028644,122.40902333028644,1000000.0
2022-07-18,TLT,122.40902333028644,123.02106844693786,121.20076305490223,121.80981211547963,121.80981211547963,1000000.0
2022-07-19,TLT,121.80981211547963,122.41886117605702,120.2076470762788,120.8117056043003,120.8117056043003,1000000.0
2022-07-20,TLT,120.8117056043003,123.17664221326822,120.2076470762788,122.56382309777933,122.56382309777933,1000000.0
2022-07-21,TLT,122.56382309777933,123.36982271442598,121.95100398229043,122.75604250191641,122.75604250191641,1000000.0
2022-07-22,TLT,122.75604250191641,123.36982271442598,121.23844483588218,121.84768325214289,121.84768325214289,1000000.0
2022-07-25,TLT,121.84768325214289,122.45692166840358,120.17122044429321,120.77509592391277,120.77509592391277,1000000.0
2022-07-26,TLT,120.77509592391277,121.92215627920717,120.17122044429321,121.31557838727083,121.31557838727083,1000000.0
2022-07-27,TLT,121.31557838727083,121.92215627920717,119.96655628210797,120.56940329860097,120.56940329860097,1000000.0
2022-07-28,TLT,120.56940329860097,121.17225031509396,119.46633286001233,120.06666619096717,120.06666619096717,1000000.0
2022-07-29,TLT,120.06666619096717,120.666999521922,119.43731109179201,120.03749858471559,120.03749858471559,1000000.0
2022-08-01,TLT,120.03749858471559,120.78288890057452,119.43731109179201,120.1819790055468,120.1819790055468,1000000.0
2022-08-02,TLT,120.1819790055468,120.9381177871959,119.58106911051905,120.33643560915017,120.33643560915017,1000000.0
2022-08-03,TLT,120.33643560915017,121.11183417729244,119.73475343110442,120.50928773859945,120.50928773859945,1000000.0
2022-08-04,TLT,120.50928773859945,122.44439647034997,119.90674129990646,121.83522036850745,121.83522036850745,1000000.0
2022-08-05,TLT,121.83522036850745,124.18923016873903,121.22604426666491,123.5713733022279,123.5713733022279,1000000.0
2022-08-08,TLT,123.5713733022279,124.18923016873903,121.40439173255561,122.0144640528197,122.0144640528197,1000000.0
2022-08-09,TLT,122.0144640528197,125.24820421321995,121.40439173255561,124.62507881912434,124.62507881912434,1000000.0
2022-08-10,TLT,124.62507881912434,125.4478890542189,124.00195342502872,124.8237702032029,124.8237702032029,1000000.0
2022-08-11,TLT,124.8237702032029,126.77442523631885,124.19965135218688,126.14370670280483,126.14370670280483,1000000.0
2022-08-12,TLT,126.14370670280483,126.77442523631885,124.84381932831985,125.47117520434156,125.47117520434156,1000000.0
2022-08-15,TLT,125.47117520434156,126.49997290031122,124.84381932831985,125.87061980130471,125.87061980130471,1000000.0
2022-08-16,TLT,125.87061980130471,126.79126419678907,125.24126670229819,126.16046188735233,126.16046188735233,1000000.0
2022-08-17,TLT,126.16046188735233,126.9802028606037,125.52965957791557,126.34846055781463,126.34846055781463,1000000.0
2022-08-18,TLT,126.34846055781463,127.92407260999349,125.71671825502555,127.28763443780448,127.28763443780448,1000000.0
2022-08-19,TLT,127.28763443780448,128.6483596551982,126.65119626561547,128.00831806487383,128.00831806487383,1000000.0
2022-08-22,TLT,128.00831806487383,128.6483596551982,126.42274165279018,127.05803181184943,127.05803181184943,1000000.0
2022-08-23,TLT,127.05803181184943,127.69332197090867,126.37883283796553,127.0139023497141,127.0139023497141,1000000.0
2022-08-24,TLT,127.0139023497141,128.47210400819458,126.37883283796553,127.83293931163642,127.83293931163642,1000000.0
2022-08-25,TLT,127.83293931163642,129.25757492361234,127.19377461507824,128.61450241155458,128.61450241155458,1000000.0
2022-08-26,TLT,128.61450241155458,129.25757492361234,127.70453574213418,128.3462670775218,128.3462670775218,1000000.0
2022-08-29,TLT,128.3462670775218,128.98799841290938,127.49464944559547,128.13532607597534,128.13532607597534,1000000.0
2022-08-30,TLT,128.13532607597534,128.7760027063552,127.41439290078306,128.05466623194278,128.05466623194278,1000000.0
2022-08-31,TLT,128.05466623194278,128.69493956310248,126.36973259398644,127.00475637586577,127.00475637586577,1000000.0
2022-09-01,TLT,127.00475637586577,127.63978015774508,125.1501424075499,125.77903759552753,125.77903759552753,1000000.0
2022-09-02,TLT,125.77903759552753,128.08206826134102,125.1501424075499,127.44484404113537,127.44484404113537,1000000.0
2022-09-05,TLT,127.44484404113537,128.08206826134102,126.48358058907095,127.11917647142809,127.11917647142809,1000000.0
2022-09-06,TLT,127.11917647142809,127.929336608604,126.48358058907095,127.29287224736719,127.29287224736719,1000000.0
2022-09-07,TLT,127.29287224736719,127.929336608604,125.97660664198142,126.60965491656424,126.60965491656424,1000000.0
2022-09-08,TLT,126.60965491656424,128.64781300931585,125.97660664198142,128.00777413862275,128.00777413862275,1000000.0
2022-09-09,TLT,128.00777413862275,130.54260027509403,127.36773526792963,129.89313460208362,129.89313460208362,1000000.0
2022-09-12,TLT,129.89313460208362,130.54260027509403,129.0942616386387,129.7429765212449,129.7429765212449,1000000.0
2022-09-13,TLT,129.7429765212449,131.00832753408176,129.0942616386387,130.3565448100316,130.3565448100316,1000000.0
2022-09-14,TLT,130.3565448100316,131.00832753408176,129.00143931157743,129.64968775032906,129.64968775032906,1000000.0
2022-09-15,TLT,129.64968775032906,132.23047547868103,129.00143931157743,131.57261241659805,131.57261241659805,1000000.0
2022-09-16,TLT,131.57261241659805,133.29377969032728,130.91474935451507,132.6306265575396,132.6306265575396,1000000.0
2022-09-19,TLT,132.6306265575396,133.29377969032728,131.162698959423,131.82180799942012,131.82180799942012,1000000.0
2022-09-20,TLT,131.82180799942012,133.89072741341138,131.162698959423,133.22460439145414,133.22460439145414,1000000.0
2022-09-21,TLT,133.22460439145414,134.3577526657885,132.55848136949686,133.68930613511296,133.68930613511296,1000000.0
2022-09-22,TLT,133.68930613511296,134.88407234474727,133.0208596044374,134.21300730820624,134.21300730820624,1000000.0
2022-09-23,TLT,134.21300730820624,135.35130537389094,133.54194227166522,134.67791579491637,134.67791579491637,1000000.0
2022-09-26,TLT,134.67791579491637,135.35130537389094,133.36895662384785,134.03915238577673,134.03915238577673,1000000.0
2022-09-27,TLT,134.03915238577673,134.7093481477056,132.87477357179043,133.54248600179943,133.54248600179943,1000000.0
2022-09-28,TLT,133.54248600179943,134.9597906592931,132.87477357179043,134.28834891471953,134.28834891471953,1000000.0
2022-09-29,TLT,134.28834891471953,134.98516931016954,133.61690717014594,134.3136013036513,134.3136013036513,1000000.0
2022-09-30,TLT,134.3136013036513,134.98516931016954,132.70894471101343,133.37582383016425,133.37582383016425,1000000.0
2022-10-03,TLT,133.37582383016425,136.31729512082654,132.70894471101343,135.639099622713,135.639099622713,1000000.0
2022-10-04,TLT,135.639099622713,136.31729512082654,134.81186536819644,135.48931192783562,135.48931192783562,1000000.0
2022-10-05,TLT,135.48931192783562,136.16675848747477,134.28614712991154,134.96095188935834,134.96095188935834,1000000.0
2022-10-06,TLT,134.96095188935834,135.6357566488051,133.61406009489235,134.28548753255512,134.28548753255512,1000000.0
2022-10-07,TLT,134.28548753255512,135.78042877701247,133.61406009489235,135.10490425573383,135.10490425573383,1000000.0
2022-10-10,TLT,135.10490425573383,136.91994501138308,134.42937973445515,136.23875125510756,136.23875125510756,1000000.0
2022-10-11,TLT,136.23875125510756,137.26585220451912,135.557557498832,136.58293751693446,136.58293751693446,1000000.0
2022-10-12,TLT,136.58293751693446,138.30023989617757,135.90002282934978,137.61217900117174,137.61217900117174,1000000.0
2022-10-13,TLT,137.61217900117174,138.30023989617757,135.36647407383202,136.0467076118915,136.0467076118915,1000000.0
2022-10-14,TLT,136.0467076118915,136.72694114995093,135.03859704679408,135.7171829616021,135.7171829616021,1000000.0
2022-10-17,TLT,135.7171829616021,136.3957688764101,134.60460947224317,135.281014544968,135.281014544968,1000000.0
2022-10-18,TLT,135.281014544968,136.03649007303326,134.60460947224317,135.35969161495848,135.35969161495848,1000000.0
2022-10-19,TLT,135.35969161495848,136.6421859740414,134.6828931568837,135.9623741035238,135.9623741035238,1000000.0
2022-10-20,TLT,135.9623741035238,136.6421859740414,133.1635498732898,133.83271344049228,133.83271344049228,1000000.0
2022-10-21,TLT,133.83271344049228,137.97994168280968,133.1635498732898,137.29347431125342,137.29347431125342,1000000.0
2022-10-24,TLT,137.29347431125342,137.97994168280968,135.7326299312201,136.4147034484624,136.4147034484624,1000000.0
2022-10-25,TLT,136.4147034484624,137.5456388093282,135.7326299312201,136.8613321485853,136.8613321485853,1000000.0
2022-10-26,TLT,136.8613321485853,138.52919671473737,136.17702548784237,137.83999673108198,137.83999673108198,1000000.0
2022-10-27,TLT,137.83999673108198,139.54498858442142,137.15079674742657,138.85073490987207,138.85073490987207,1000000.0
2022-10-28,TLT,138.85073490987207,139.8820103292255,138.1564812353227,139.18607992957763,139.18607992957763,1000000.0
2022-10-31,TLT,139.18607992957763,139.8820103292255,135.36717351880048,136.0474105716588,136.0474105716588,1000000.0
2022-11-01,TLT,136.0474105716588,136.72764762451706,134.25695582785144,134.93161389733814,134.93161389733814,1000000.0
2022-11-02,TLT,134.93161389733814,136.4933622507889,134.25695582785144,135.81429079680487,135.81429079680487,1000000.0
2022-11-03,TLT,135.81429079680487,136.4933622507889,134.2008934978431,134.8752698470785,134.8752698470785,1000000.0
2022-11-04,TLT,134.8752698470785,135.5496461963139,133.127946062028,133.79693071560604,133.79693071560604,1000000.0
2022-11-07,TLT,133.79693071560604,134.46591536918405,130.69560895412977,131.35237080817063,131.35237080817063,1000000.0
2022-11-08,TLT,131.35237080817063,133.35352146210886,130.69560895412977,132.690071106576,132.690071106576,1000000.0
2022-11-09,TLT,132.690071106576,133.94856436093238,132.0266207510431,133.28215359296755,133.28215359296755,1000000.0
2022-11-10,TLT,133.28215359296755,133.94856436093238,131.7180954729957,132.37999545024695,132.37999545024695,1000000.0
2022-11-11,TLT,132.37999545024695,133.04189542749816,131.62230583936616,132.28372446167452,132.28372446167452,1000000.0
2022-11-14,TLT,132.28372446167452,132.94514308398288,131.5580586648349,132.21915443702,132.21915443702,1000000.0
2022-11-15,TLT,132.21915443702,132.8802502092051,130.4271618566694,131.082574730321,131.082574730321,1000000.0
2022-11-16,TLT,131.082574730321,131.73798760397258,130.17792511420987,130.83208554191947,130.83208554191947,1000000.0
2022-11-17,TLT,130.83208554191947,131.78874602945874,130.17792511420987,131.13308062632711,131.13308062632711,1000000.0
2022-11-18,TLT,131.13308062632711,132.40565018427458,130.47741522319546,131.74691560624336,131.74691560624336,1000000.0
2022-11-21,TLT,131.74691560624336,133.78521404792238,131.08818102821215,133.11961596808197,133.11961596808197,1000000.0
2022-11-22,TLT,133.11961596808197,133.8462856251223,132.45401788824157,133.18038370658937,133.18038370658937,1000000.0
2022-11-23,TLT,133.18038370658937,133.8462856251223,132.05333921566324,132.71692383483744,132.71692383483744,1000000.0
2022-11-24,TLT,132.71692383483744,133.83792701725855,132.05333921566324,133.17206668383938,133.17206668383938,1000000.0
2022-11-25,TLT,133.17206668383938,133.83792701725855,131.86594215971843,132.52858508514416,132.52858508514416,1000000.0
2022-11-28,TLT,132.52858508514416,133.19122801056986,130.5764138186719,131.23257670218283,131.23257670218283,1000000.0
2022-11-29,TLT,131.23257670218283,133.1245591011593,130.5764138186719,132.46224786185005,132.46224786185005,1000000.0
2022-11-30,TLT,132.46224786185005,133.1245591011593,131.42125368939364,132.0816619993906,132.0816619993906,1000000.0
2022-12-01,TLT,132.0816619993906,132.89283253481108,131.42125368939364,132.23167416399113,132.23167416399113,1000000.0
2022-12-02,TLT,132.23167416399113,133.6071622052608,131.57051579317118,132.9424499554834,132.9424499554834,1000000.0
2022-12-05,TLT,132.9424499554834,133.6071622052608,131.13191074170192,131.7908650670371,131.7908650670371,1000000.0
2022-12-06,TLT,131.7908650670371,133.1521443463328,131.13191074170192,132.4896958669978,132.4896958669978,1000000.0
2022-12-07,TLT,132.4896958669978,133.65374716662978,131.82724738766282,132.9888031508754,132.9888031508754,1000000.0
2022-12-08,TLT,132.9888031508754,133.65374716662978,132.24057933595964,132.90510486026093,132.90510486026093,1000000.0
2022-12-09,TLT,132.90510486026093,134.01256260610657,132.24057933595964,133.34583343891202,133.34583343891202,1000000.0
2022-12-12,TLT,133.34583343891202,134.01256260610657,131.8985228130032,132.56132946030473,132.56132946030473,1000000.0
2022-12-13,TLT,132.56132946030473,133.22413610760626,129.611282668785,130.2625956470201,130.2625956470201,1000000.0
2022-12-14,TLT,130.2625956470201,130.9139086252552,129.33739676677723,129.98733343394696,129.98733343394696,1000000.0
2022-12-15,TLT,129.98733343394696,130.63727010111668,128.41709764071626,129.06240968916208,129.06240968916208,1000000.0
2022-12-16,TLT,129.06240968916208,130.63140919468285,128.41709764071626,129.9815016862516,129.9815016862516,1000000.0
2022-12-19,TLT,129.9815016862516,130.92732646898094,129.33159417782034,130.27594673530442,130.27594673530442,1000000.0
2022-12-20,TLT,130.27594673530442,130.92732646898094,129.0951116816538,129.74383083583297,129.74383083583297,1000000.0
2022-12-21,TLT,129.74383083583297,130.4609928407207,129.0951116816538,129.8119331748465,129.8119331748465,1000000.0
2022-12-22,TLT,129.8119331748465,131.89985489634384,129.16287350897227,131.24363671277996,131.24363671277996,1000000.0
2022-12-23,TLT,131.24363671277996,133.12219832185332,130.58741852921605,132.45989882771477,132.45989882771477,1000000.0
2022-12-26,TLT,132.45989882771477,133.534878860341,131.7975993335762,132.87052622919504,132.87052622919504,1000000.0
2022-12-27,TLT,132.87052622919504,134.01489086735768,132.20617359804905,133.34815011677384,133.34815011677384,1000000.0
2022-12-28,TLT,133.34815011677384,134.01489086735768,132.40528663642965,133.0706398356077,133.0706398356077,1000000.0
2022-12-29,TLT,133.0706398356077,133.7359930347857,132.28579107062723,132.9505437895751,132.9505437895751,1000000.0
2022-12-30,TLT,132.9505437895751,134.2653551906267,132.28579107062723,133.5973683488823,133.5973683488823,1000000.0
2023-01-02,TLT,133.5973683488823,134.2653551906267,132.8207591734476,133.48820017431922,133.48820017431922,1000000.0
2023-01-03,TLT,133.48820017431922,134.4953606433221,132.8207591734476,133.8262294958429,133.8262294958429,1000000.0
2023-01-04,TLT,133.8262294958429,134.4953606433221,131.99159307520264,132.65486741226397,132.65486741226397,1000000.0
2023-01-05,TLT,132.65486741226397,133.31814174932526,130.25833180711638,130.91289628855918,130.91289628855918,1000000.0
2023-01-06,TLT,130.91289628855918,131.56746077000196,128.51660481645015,129.16241690095492,129.16241690095492,1000000.0
2023-01-09,TLT,129.16241690095492,129.8082289854597,128.08421662839598,128.72785590793566,128.72785590793566,1000000.0
2023-01-10,TLT,128.72785590793566,130.7703064642967,128.08421662839598,130.11970792467335,130.11970792467335,1000000.0
2023-01-11,TLT,130.11970792467335,132.0313197022178,129.46910938505,131.37444746489334,131.37444746489334,1000000.0
2023-01-12,TLT,131.37444746489334,132.0313197022178,129.69527290478305,130.34700794450558,130.34700794450558,1000000.0
2023-01-13,TLT,130.34700794450558,130.9987429842281,128.10640255994502,128.7501533265779,128.7501533265779,1000000.0
2023-01-16,TLT,128.7501533265779,130.23395075922087,128.10640255994502,129.58602065594118,129.58602065594118,1000000.0
2023-01-17,TLT,129.58602065594118,130.7339497998504,128.93809055266146,130.08353213915464,130.08353213915464,1000000.0
2023-01-18,TLT,130.08353213915464,130.7339497998504,128.03941101725903,128.6828251429739,128.6828251429739,1000000.0
2023-01-19,TLT,128.6828251429739,130.44174141415132,128.03941101725903,129.79277752651873,129.79277752651873,1000000.0
2023-01-20,TLT,129.79277752651873,130.6404211764938,129.14381363888614,129.99046883233214,129.99046883233214,1000000.0
2023-01-23,TLT,129.99046883233214,132.04784084122798,129.3405164881705,131.3908864091821,131.3908864091821,1000000.0
2023-01-24,TLT,131.3908864091821,132.42653894393305,130.73393197713617,131.76770044172446,131.76770044172446,1000000.0
2023-01-25,TLT,131.76770044172446,133.38978841997323,131.10886193951583,132.72615763181417,132.72615763181417,1000000.0
2023-01-26,TLT,132.72615763181417,133.7497260884891,132.0625268436551,133.0843045656608,133.0843045656608,1000000.0
2023-01-27,TLT,133.0843045656608,133.7497260884891,131.4293021688971,132.08975092351466,132.08975092351466,1000000.0
2023-01-30,TLT,132.08975092351466,132.75019967813222,131.20040423277948,131.85970274651203,131.85970274651203,1000000.0
2023-01-31,TLT,131.85970274651203,132.51900126024458,130.50633984413656,131.16215059712218,131.16215059712218,1000000.0
2023-02-01,TLT,131.16215059712218,132.71233733091432,130.50633984413656,132.05207694618343,132.05207694618343,1000000.0
2023-02-02,TLT,132.05207694618343,132.71233733091432,130.36389194253596,131.01898687692056,131.01898687692056,1000000.0
2023-02-03,TLT,131.01898687692056,131.67408181130514,128.7888506154439,129.43603076929034,129.43603076929034,1000000.0
2023-02-06,TLT,129.43603076929034,130.81038270821293,128.7888506154439,130.1595847842915,130.1595847842915,1000000.0
2023-02-07,TLT,130.1595847842915,132.03093675957808,129.50878686037004,131.37406642744088,131.37406642744088,1000000.0
2023-02-08,TLT,131.37406642744088,133.5820021529199,130.71719609530368,132.91741507753224,132.91741507753224,1000000.0
2023-02-09,TLT,132.91741507753224,134.7700420177751,132.25282800214458,134.09954429629363,134.09954429629363,1000000.0
2023-02-10,TLT,134.09954429629363,134.7700420177751,131.84327277555894,132.50580178448135,132.50580178448135,1000000.0
2023-02-13,TLT,132.50580178448135,133.16833079340375,131.12404658620991,131.78296139317578,131.78296139317578,1000000.0
2023-02-14,TLT,131.78296139317578,132.44187620014165,130.5635073374268,131.21960536424805,131.21960536424805,1000000.0
2023-02-15,TLT,131.21960536424805,131.8757033910693,130.55303884773096,131.20908426907633,131.20908426907633,1000000.0
2023-02-16,TLT,131.20908426907633,131.8651296904217,128.33497028725213,128.97986963542928,128.97986963542928,1000000.0
2023-02-17,TLT,128.97986963542928,129.6273271031061,128.33497028725213,128.98241502796628,128.98241502796628,1000000.0
2023-02-20,TLT,128.98241502796628,129.92716529602473,128.33750295282644,129.28076148858182,129.28076148858182,1000000.0
2023-02-21,TLT,129.28076148858182,129.92716529602473,127.67163995114979,128.31320598105506,128.31320598105506,1000000.0
2023-02-22,TLT,128.31320598105506,129.0885745351532,127.67163995114979,128.44634282104798,128.44634282104798,1000000.0
2023-02-23,TLT,128.44634282104798,130.33696506363722,127.80411110694274,129.68852245138032,129.68852245138032,1000000.0
2023-02-24,TLT,129.68852245138032,130.39697659924957,129.04007983912342,129.7482354221389,129.7482354221389,1000000.0
2023-02-27,TLT,129.7482354221389,131.5162716845443,129.09949424502818,130.86196187516848,130.86196187516848,1000000.0
2023-02-28,TLT,130.86196187516848,132.5996010770623,130.20765206579264,131.93990156921623,131.93990156921623,1000000.0
2023-03-01,TLT,131.93990156921623,133.047639524405,131.28020206137015,132.38571096955724,132.38571096955724,1000000.0
2023-03-02,TLT,132.38571096955724,133.4686634006277,131.72378241470946,132.80464019962955,132.80464019962955,1000000.0
2023-03-03,TLT,132.80464019962955,133.4686634006277,131.76009952148684,132.42221057435864,132.42221057435864,1000000.0
2023-03-06,TLT,132.42221057435864,134.4244724982315,131.76009952148684,133.75569402809106,133.75569402809106,1000000.0
2023-03-07,TLT,133.75569402809106,134.4244724982315,132.59832828518563,133.26465154290014,133.26465154290014,1000000.0
2023-03-08,TLT,133.26465154290014,133.93097480061462,131.87256979399854,132.53524602411915,132.53524602411915,1000000.0
2023-03-09,TLT,132.53524602411915,133.9644873616197,131.87256979399854,133.29799737474596,133.29799737474596,1000000.0
2023-03-10,TLT,133.29799737474596,133.9644873616197,131.8752795574659,132.53796940448834,132.53796940448834,1000000.0
2023-03-13,TLT,132.53796940448834,133.66753219047564,131.8752795574659,133.0025195925131,133.0025195925131,1000000.0
2023-03-14,TLT,133.0025195925131,134.815154858416,132.33750699455052,134.14443269494132,134.14443269494132,1000000.0
2023-03-15,TLT,134.14443269494132,134.91479958364917,133.4737105314666,134.24358167527282,134.24358167527282,1000000.0
2023-03-16,TLT,134.24358167527282,135.0416966513505,133.57236376689644,134.36984741427912,134.36984741427912,1000000.0
2023-03-17,TLT,134.36984741427912,136.05093867097486,133.69799817720772,135.37406832932822,135.37406832932822,1000000.0
2023-03-20,TLT,135.37406832932822,136.88753233486625,134.6971979876816,136.20649983568782,136.20649983568782,1000000.0
2023-03-21,TLT,136.20649983568782,136.88753233486625,133.87948530288523,134.55224653556306,134.55224653556306,1000000.0
2023-03-22,TLT,134.55224653556306,135.22500776824086,132.496840666391,133.16265393607137,133.16265393607137,1000000.0
2023-03-23,TLT,133.16265393607137,135.2761653902754,132.496840666391,134.6031496420651,134.6031496420651,1000000.0
2023-03-24,TLT,134.6031496420651,135.71422007735848,133.93013389385476,135.03902495259553,135.03902495259553,1000000.0
2023-03-27,TLT,135.03902495259553,135.71422007735848,132.16004291263053,132.82416373128697,132.82416373128697,1000000.0
2023-03-28,TLT,132.82416373128697,133.4882845499434,130.75695172565554,131.4140218348297,131.4140218348297,1000000.0
2023-03-29,TLT,131.4140218348297,132.11346118610655,130.75695172565554,131.45618028468314,131.45618028468314,1000000.0
2023-03-30,TLT,131.45618028468314,132.11346118610655,129.79341592391395,130.44564414463713,130.44564414463713,1000000.0
2023-03-31,TLT,130.44564414463713,131.60775451555037,129.79341592391395,130.95298956771182,130.95298956771182,1000000.0
2023-04-03,TLT,130.95298956771182,131.708005683613,130.29822461987325,131.0527419737443,131.0527419737443,1000000.0
2023-04-04,TLT,131.0527419737443,132.2442277162715,130.39747826387557,131.58629623509603,131.58629623509603,1000000.0
2023-04-05,TLT,131.58629623509603,132.2442277162715,129.72867987987044,130.38058279383964,130.38058279383964,1000000.0
2023-04-06,TLT,130.38058279383964,131.70439104713404,129.72867987987044,131.0491453205314,131.0491453205314,1000000.0
2023-04-07,TLT,131.0491453205314,133.80540993593755,130.39389959392875,133.13971137904235,133.13971137904235,1000000.0
2023-04-10,TLT,133.13971137904235,133.80540993593755,131.6543046513151,132.31588407167348,132.31588407167348,1000000.0
2023-04-11,TLT,132.31588407167348,134.4040083246257,131.6543046513151,133.73533166629423,133.73533166629423,1000000.0
2023-04-12,TLT,133.73533166629423,135.48584792460542,133.06665500796277,134.8117889797069,134.8117889797069,1000000.0
2023-04-13,TLT,134.8117889797069,136.208542592963,134.13773003480836,135.530888152202,135.530888152202,1000000.0
2023-04-14,TLT,135.530888152202,136.208542592963,134.80514918478946,135.48256199476327,135.48256199476327,1000000.0
2023-04-17,TLT,135.48256199476327,136.15997480473706,133.58070522779767,134.25196505306297,134.25196505306297,1000000.0
2023-04-18,TLT,134.25196505306297,134.92322487832828,132.66888883430198,133.3355666676402,133.3355666676402,1000000.0
2023-04-19,TLT,133.3355666676402,134.84764243199282,132.66888883430198,134.17675863879884,134.17675863879884,1000000.0
2023-04-20,TLT,134.17675863879884,135.93249769212483,133.50587484560484,135.25621660907944,135.25621660907944,1000000.0
2023-04-21,TLT,135.25621660907944,137.29387116428524,134.57993552603403,136.6108170788908,136.6108170788908,1000000.0
2023-04-24,TLT,136.6108170788908,138.37837944487123,135.92776299349634,137.68992979589177,137.68992979589177,1000000.0
2023-04-25,TLT,137.68992979589177,139.4078564338572,137.00148014691231,138.71428500881316,138.71428500881316,1000000.0
2023-04-26,TLT,138.71428500881316,139.4078564338572,137.56735943416024,138.25865269764847,138.25865269764847,1000000.0
2023-04-27,TLT,138.25865269764847,138.9499459611367,136.27002764684133,136.9548016551169,136.9548016551169,1000000.0
2023-04-28,TLT,136.9548016551169,137.89059499297355,136.27002764684133,137.204572132312,137.204572132312,1000000.0
2023-05-01,TLT,137.204572132312,138.46991757464727,136.51854927165044,137.78101251208685,137.78101251208685,1000000.0
2023-05-02,TLT,137.78101251208685,138.59149509511613,137.09210744952642,137.9019851692698,137.9019851692698,1000000.0
2023-05-03,TLT,137.9019851692698,138.59149509511613,135.57966058926735,136.26096541634908,136.26096541634908,1000000.0
2023-05-04,TLT,136.26096541634908,136.9422702434308,135.04248232878814,135.72108776762627,135.72108776762627,1000000.0
2023-05-05,TLT,135.72108776762627,136.39969320646438,133.48179473265122,134.1525575202525,134.1525575202525,1000000.0
2023-05-08,TLT,134.1525575202525,135.00678908680112,133.48179473265122,134.33511351920512,134.33511351920512,1000000.0
2023-05-09,TLT,134.33511351920512,135.00678908680112,132.57097564325605,133.23716145050858,133.23716145050858,1000000.0
2023-05-10,TLT,133.23716145050858,133.9033472577611,132.419955810859,133.0853827244814,133.0853827244814,1000000.0
2023-05-11,TLT,133.0853827244814,134.1229003218871,132.419955810859,133.45562221083296,133.45562221083296,1000000.0
2023-05-12,TLT,133.45562221083296,134.29694888373274,132.78834409977878,133.62880485943558,133.62880485943558,1000000.0
2023-05-15,TLT,133.62880485943558,135.80258631078527,132.96066083513838,135.12695155302018,135.12695155302018,1000000.0
2023-05-16,TLT,135.12695155302018,135.80258631078527,133.29495552595736,133.96477942307274,133.96477942307274,1000000.0
2023-05-17,TLT,133.96477942307274,134.6346033201881,131.0134369553276,131.6717959350026,131.6717959350026,1000000.0
2023-05-18,TLT,131.6717959350026,133.36198506546154,131.0134369553276,132.6984926024493,132.6984926024493,1000000.0
2023-05-19,TLT,132.6984926024493,134.89481368311343,132.03500013943705,134.22369520707804,134.22369520707804,1000000.0
2023-05-22,TLT,134.22369520707804,136.47829611803115,133.55257673104265,135.7992996199315,135.7992996199315,1000000.0
2023-05-23,TLT,135.7992996199315,136.81920711108887,135.12030312183185,136.1385145383969,136.1385145383969,1000000.0
2023-05-24,TLT,136.1385145383969,137.44099876124784,135.4578219657049,136.75721269775906,136.75721269775906,1000000.0
2023-05-25,TLT,136.75721269775906,137.60674716147292,136.07342663427028,136.92213647907755,136.92213647907755,1000000.0
2023-05-26,TLT,136.92213647907755,137.60674716147292,134.86396249453267,135.54167084877656,135.54167084877656,1000000.0
2023-05-29,TLT,135.54167084877656,136.21937920302042,134.28007323092578,134.9548474682671,134.9548474682671,1000000.0
2023-05-30,TLT,134.9548474682671,136.2012569273049,134.28007323092578,135.52363873363674,135.52363873363674,1000000.0
2023-05-31,TLT,135.52363873363674,136.2012569273049,134.25639283808707,134.93104807847948,134.93104807847948,1000000.0
2023-06-01,TLT,134.93104807847948,137.72368046775543,134.25639283808707,137.03848802761735,137.03848802761735,1000000.0
2023-06-02,TLT,137.03848802761735,137.72368046775543,134.71500002766408,135.39195982679806,135.39195982679806,1000000.0
2023-06-05,TLT,135.39195982679806,136.06891962593204,134.28053277312114,134.95530931971973,134.95530931971973,1000000.0
2023-06-06,TLT,134.95530931971973,136.87327087050173,134.28053277312114,136.19230932388234,136.19230932388234,1000000.0
2023-06-07,TLT,136.19230932388234,136.87327087050173,134.8869713263585,135.56479530287285,135.56479530287285,1000000.0
2023-06-08,TLT,135.56479530287285,136.2426192793872,133.70306101715397,134.37493569563213,134.37493569563213,1000000.0
2023-06-09,TLT,134.37493569563213,135.04681037411027,132.28939626921596,132.95416710473967,132.95416710473967,1000000.0
2023-06-12,TLT,132.95416710473967,133.61893794026335,131.5546603774887,132.21573907285295,132.21573907285295,1000000.0
2023-06-13,TLT,132.21573907285295,134.525018651985,131.5546603774887,133.8557399522239,133.8557399522239,1000000.0
2023-06-14,TLT,133.8557399522239,134.9994349519206,133.18646125246278,134.3277959720603,134.3277959720603,1000000.0
2023-06-15,TLT,134.3277959720603,135.5923842533024,133.6561569922,134.91779527691784,134.91779527691784,1000000.0
2023-06-16,TLT,134.91779527691784,135.5923842533024,133.7204293483778,134.3923913049023,134.3923913049023,1000000.0
2023-06-19,TLT,134.3923913049023,136.0142845238175,133.7204293483778,135.33759654111196,135.33759654111196,1000000.0
2023-06-20,TLT,135.33759654111196,136.16544658986177,134.6609085584064,135.4880065570764,135.4880065570764,1000000.0
2023-06-21,TLT,135.4880065570764,136.16544658986177,133.8553534536644,134.52799342076824,134.52799342076824,1000000.0
2023-06-22,TLT,134.52799342076824,135.20063338787207,133.40642990498188,134.07681397485615,134.07681397485615,1000000.0
2023-06-23,TLT,134.07681397485615,135.0008530802477,133.40642990498188,134.3292070450226,134.3292070450226,1000000.0
2023-06-26,TLT,134.3292070450226,136.30688632672172,133.6575610097975,135.62874261365346,135.62874261365346,1000000.0
2023-06-27,TLT,135.62874261365346,136.30688632672172,134.92330402926137,135.60131058217223,135.60131058217223,1000000.0
2023-06-28,TLT,135.60131058217223,136.86171827051734,134.92330402926137,136.18081419951977,136.18081419951977,1000000.0
2023-06-29,TLT,136.18081419951977,139.12793019417433,135.49991012852217,138.4357514369894,138.4357514369894,1000000.0
2023-06-30,TLT,138.4357514369894,139.12793019417433,136.90276596265733,137.59071956045963,137.59071956045963,1000000.0
2023-07-03,TLT,137.59071956045963,138.2786731582619,135.58700598409786,136.2683477227114,136.2683477227114,1000000.0
2023-07-04,TLT,136.2683477227114,138.06841557211038,135.58700598409786,137.38150803195063,137.38150803195063,1000000.0
2023-07-05,TLT,137.38150803195063,138.59089742168527,136.69460049179088,137.9013904693386,137.9013904693386,1000000.0
2023-07-06,TLT,137.9013904693386,138.59089742168527,137.1414287877795,137.8305816962608,137.8305816962608,1000000.0
2023-07-07,TLT,137.8305816962608,138.85058264409892,137.1414287877795,138.15978372547158,138.15978372547158,1000000.0
2023-07-10,TLT,138.15978372547158,138.85058264409892,137.1446711268685,137.83384032851106,137.83384032851106,1000000.0
2023-07-11,TLT,137.83384032851106,139.1343223111951,137.1446711268685,138.44211175243294,138.44211175243294,1000000.0
2023-07-12,TLT,138.44211175243294,139.1343223111951,137.41834916626058,138.10889363443275,138.10889363443275,1000000.0
2023-07-13,TLT,138.10889363443275,139.7293461128658,137.41834916626058,139.03417523668242,139.03417523668242,1000000.0
2023-07-14,TLT,139.03417523668242,139.7293461128658,137.08774534424984,137.77662848668325,137.77662848668325,1000000.0
2023-07-17,TLT,137.77662848668325,138.46551162911666,136.23317806509593,136.9177668995939,136.9177668995939,1000000.0
2023-07-18,TLT,136.9177668995939,137.76927005468596,136.23317806509593,137.08385080068257,137.08385080068257,1000000.0
2023-07-19,TLT,137.08385080068257,137.76927005468596,135.92510537123505,136.60814610174376,136.60814610174376,1000000.0
2023-07-20,TLT,136.60814610174376,138.0965244223335,135.92510537123505,137.40947703714775,137.40947703714775,1000000.0
2023-07-21,TLT,137.40947703714775,138.0965244223335,136.71534641575613,137.40235820679007,137.40235820679007,1000000.0
2023-07-24,TLT,137.40235820679007,138.089369997824,136.16264274484115,136.84687713049362,136.84687713049362,1000000.0
2023-07-25,TLT,136.84687713049362,137.80200101052895,136.16264274484115,137.11641891594923,137.11641891594923,1000000.0
2023-07-26,TLT,137.11641891594923,137.80200101052895,135.8954817237826,136.57837359174133,136.57837359174133,1000000.0
2023-07-27,TLT,136.57837359174133,137.2612654597,134.2521083209051,134.9267420310604,134.9267420310604,1000000.0
2023-07-28,TLT,134.9267420310604,135.6013757412157,133.07697176021924,133.74570026152688,133.74570026152688,1000000.0
2023-07-31,TLT,133.74570026152688,134.4144287628345,132.26596111601393,132.93061418694867,132.93061418694867,1000000.0
2023-08-01,TLT,132.93061418694867,133.5952672578834,131.80952986205108,132.47188930859406,132.47188930859406,1000000.0
2023-08-02,TLT,132.47188930859406,133.27929160549022,131.80952986205108,132.61621055272659,132.61621055272659,1000000.0
2023-08-03,TLT,132.61621055272659,134.2960608944924,131.95312949996296,133.62792128805216,133.62792128805216,1000000.0
2023-08-04,TLT,133.62792128805216,134.93288669788467,132.9597816816119,134.26157880386535,134.26157880386535,1000000.0
2023-08-07,TLT,134.26157880386535,136.9125588322069,133.59027090984603,136.23140182309146,136.23140182309146,1000000.0
2023-08-08,TLT,136.23140182309146,138.36168819807835,135.550244813976,137.67332159012773,137.67332159012773,1000000.0
2023-08-09,TLT,137.67332159012773,138.36168819807835,136.824425400049,137.5119853266824,137.5119853266824,1000000.0
2023-08-10,TLT,137.5119853266824,140.08471425251156,136.824425400049,139.3877753756334,139.3877753756334,1000000.0
2023-08-11,TLT,139.3877753756334,141.4633872033544,138.69083649875523,140.75958925706905,140.75958925706905,1000000.0
2023-08-14,TLT,140.75958925706905,141.4633872033544,139.59744979536765,140.29894451795744,140.29894451795744,1000000.0
2023-08-15,TLT,140.29894451795744,141.40194795166147,139.59744979536765,140.698455673295,140.698455673295,1000000.0
2023-08-16,TLT,140.698455673295,142.69615669589345,139.99496339492853,141.9862255680532,141.9862255680532,1000000.0
2023-08-17,TLT,141.9862255680532,143.02373563422813,141.27629444021292,142.31217476042602,142.31217476042602,1000000.0
2023-08-18,TLT,142.31217476042602,144.24339993873426,141.60061388662388,143.5257710833177,143.5257710833177,1000000.0
2023-08-21,TLT,143.5257710833177,144.75316180752182,142.8081422279011,144.0329968234048,144.0329968234048,1000000.0
2023-08-22,TLT,144.0329968234048,145.62347703380055,143.31283183928778,144.89898212318465,144.89898212318465,1000000.0
2023-08-23,TLT,144.89898212318465,145.62347703380055,143.86087133695156,144.58379028839352,144.58379028839352,1000000.0
2023-08-24,TLT,144.58379028839352,145.80188684079397,143.86087133695156,145.076504319198,145.076504319198,1000000.0
2023-08-25,TLT,145.076504319198,145.80188684079397,143.9850998455617,144.70864306086602,144.70864306086602,1000000.0
2023-08-28,TLT,144.70864306086602,146.2753444405886,143.9850998455617,145.5476064085459,145.5476064085459,1000000.0
2023-08-29,TLT,145.5476064085459,146.2753444405886,142.929885518201,143.64812614894572,143.64812614894572,1000000.0
2023-08-30,TLT,143.64812614894572,144.80792026592908,142.929885518201,144.08748285167076,144.08748285167076,1000000.0
2023-08-31,TLT,144.08748285167076,146.3186535331847,143.3670454374124,145.5907000330196,145.5907000330196,1000000.0
2023-09-01,TLT,145.5907000330196,147.05495899752665,144.86274653285452,146.3233422860962,146.3233422860962,1000000.0
2023-09-04,TLT,146.3233422860962,147.08041778476897,145.5917255746657,146.34867441270546,146.34867441270546,1000000.0
2023-09-05,TLT,146.34867441270546,147.77172572968465,145.61693104064193,147.0365430146116,147.0365430146116,1000000.0
2023-09-06,TLT,147.0365430146116,147.77172572968465,145.36982653982477,146.1003281807284,146.1003281807284,1000000.0
2023-09-07,TLT,146.1003281807284,146.83082982163205,144.4605661647321,145.18649865802223,145.18649865802223,1000000.0
2023-09-08,TLT,145.18649865802223,145.91243115131232,144.1008069255196,144.82493158343678,144.82493158343678,1000000.0
2023-09-11,TLT,144.82493158343678,145.54905624135395,143.9848190443856,144.70836084862876,144.70836084862876,1000000.0
2023-09-12,TLT,144.70836084862876,146.61549075877875,143.9848190443856,145.8860604564963,145.8860604564963,1000000.0
2023-09-13,TLT,145.8860604564963,146.61549075877875,144.17637420440818,144.90087859739515,144.90087859739515,1000000.0
2023-09-14,TLT,144.90087859739515,146.85117679466077,144.17637420440818,146.12057392503561,146.12057392503561,1000000.0
2023-09-15,TLT,146.12057392503561,146.85117679466077,143.62603070146176,144.3477695492078,144.3477695492078,1000000.0
2023-09-18,TLT,144.3477695492078,145.06950839695384,142.77822756722222,143.49570609771078,143.49570609771078,1000000.0
2023-09-19,TLT,143.49570609771078,144.22482863051786,142.77822756722222,143.50729216966954,143.50729216966954,1000000.0
2023-09-20,TLT,143.50729216966954,145.62136071578843,142.7897557088212,144.89687633411785,144.89687633411785,1000000.0
2023-09-21,TLT,144.89687633411785,145.62136071578843,143.52003268214276,144.2412388765254,144.2412388765254,1000000.0
2023-09-22,TLT,144.2412388765254,144.962445070908,141.13258886100138,141.84179785025265,141.84179785025265,1000000.0
2023-09-25,TLT,141.84179785025265,143.08415839448676,141.13258886100138,142.3722969099371,142.3722969099371,1000000.0
2023-09-26,TLT,142.3722969099371,143.10423178674893,141.66043542538742,142.39227043457606,142.39227043457606,1000000.0
2023-09-27,TLT,142.39227043457606,143.10423178674893,140.51133763997507,141.21742476379404,141.21742476379404,1000000.0
2023-09-28,TLT,141.21742476379404,141.923511887613,139.39468270973956,140.0951585022508,140.0951585022508,1000000.0
2023-09-29,TLT,140.0951585022508,140.79563429476204,138.67260258974775,139.36944983894247,139.36944983894247,1000000.0
2023-10-02,TLT,139.36944983894247,140.22844727881971,138.67260258974775,139.53079331225842,139.53079331225842,1000000.0
2023-10-03,TLT,139.53079331225842,141.02698775164356,138.83313934569713,140.32536094690903,140.32536094690903,1000000.0
2023-10-04,TLT,140.32536094690903,141.02698775164356,138.0332137997469,138.72684803994665,138.72684803994665,1000000.0
2023-10-05,TLT,138.72684803994665,142.04934751910386,138.0332137997469,141.34263434736704,141.34263434736704,1000000.0
2023-10-06,TLT,141.34263434736704,142.05866867135632,140.63592117563022,141.3519091257277,141.3519091257277,1000000.0
2023-10-09,TLT,141.3519091257277,142.05866867135632,140.27775395848687,140.9826672949617,140.9826672949617,1000000.0
2023-10-10,TLT,140.9826672949617,142.5045125416448,140.27775395848687,141.79553486730828,141.79553486730828,1000000.0
2023-10-11,TLT,141.79553486730828,142.68077480481088,141.08655719297172,141.97092020379193,141.97092020379193,1000000.0
2023-10-12,TLT,141.97092020379193,145.42552334110886,141.261065602773,144.7020132747352,144.7020132747352,1000000.0
2023-10-13,TLT,144.7020132747352,146.75962729091958,143.97850320836153,146.02947989146227,146.02947989146227,1000000.0
2023-10-16,TLT,146.02947989146227,146.75962729091958,144.92404151634372,145.65230303150122,145.65230303150122,1000000.0
2023-10-17,TLT,145.65230303150122,146.38056454665872,144.52404029406625,145.2502917528304,145.2502917528304,1000000.0
2023-10-18,TLT,145.2502917528304,145.97654321159453,144.00115951431337,144.7247834314707,144.7247834314707,1000000.0
2023-10-19,TLT,144.7247834314707,145.44840734862805,143.65957548403227,144.3814828985249,144.3814828985249,1000000.0
2023-10-20,TLT,144.3814828985249,145.93858752937805,143.65957548403227,145.2125249048538,145.2125249048538,1000000.0
2023-10-23,TLT,145.2125249048538,145.93858752937805,143.79290290496223,144.5154803064947,144.5154803064947,1000000.0
2023-10-24,TLT,144.5154803064947,147.17653469249234,143.79290290496223,146.44431312685808,146.44431312685808,1000000.0
2023-10-25,TLT,146.44431312685808,147.17653469249234,145.66797281457778,146.3999726779676,146.3999726779676,1000000.0
2023-10-26,TLT,146.3999726779676,147.13197254135744,145.54952744311365,146.2809321036318,146.2809321036318,1000000.0
2023-10-27,TLT,146.2809321036318,148.1845349237318,145.54952744311365,147.44729843157396,147.44729843157396,1000000.0
2023-10-30,TLT,147.44729843157396,148.1845349237318,144.45572689479997,145.18163507015072,145.18163507015072,1000000.0
